Date,Temperature_Celsius(℃),Relative_Humidity(%),DPT(℃),VPD(kPa),Abs Humidity(g/m³)
2026-09-25 13:54,"21,4",75,"16,8","0,64","14,06"
2026-09-25 13:55,"22,1",64,"15,0","0,96","12,53"
2026-09-25 13:56,"22,9",53,"12,8","1,31","10,83"
2026-09-25 13:57,"22,4",53,"12,3","1,27","10,53"
2026-09-25 13:58,"21,9",53,"11,9","1,24","10,23"
2026-09-25 13:59,"21,5",53,"11,5","1,21","9,99"
2026-09-25 14:00,"21,1",53,"11,1","1,18","9,77"
2026-09-25 14:01,"20,7",54,"11,1","1,12","9,72"
2026-09-25 14:02,"20,3",55,"11,0","1,07","9,67"
2026-09-25 14:03,"20,1",55,"10,8","1,06","9,56"
2026-09-25 14:04,"19,9",55,"10,6","1,05","9,45"
2026-09-25 14:05,"19,7",55,"10,4","1,03","9,34"
2026-09-25 14:06,"19,5",56,"10,5","1,00","9,40"
2026-09-25 14:07,"19,4",56,"10,4","0,99","9,34"
2026-09-25 14:08,"19,3",57,"10,6","0,96","9,45"
2026-09-25 14:09,"19,3",58,"10,8","0,94","9,62"
2026-09-25 14:10,"19,3",60,"11,3","0,90","9,95"
2026-09-25 14:11,"19,3",59,"11,0","0,92","9,76"
2026-09-25 14:12,"19,2",59,"11,0","0,91","9,73"
2026-09-25 14:13,"19,1",59,"10,9","0,91","9,67"
2026-09-25 14:14,"19,0",59,"10,8","0,90","9,61"
2026-09-25 14:15,"19,0",59,"10,8","0,90","9,59"
2026-09-25 14:16,"18,9",60,"11,0","0,87","9,72"
2026-09-25 14:17,"18,8",60,"10,9","0,87","9,69"
2026-09-25 14:18,"18,8",60,"10,9","0,87","9,66"
2026-09-25 14:19,"18,8",60,"10,8","0,87","9,63"
2026-09-25 14:20,"18,7",60,"10,8","0,86","9,61"
2026-09-25 14:21,"18,7",60,"10,7","0,86","9,58"
2026-09-25 14:22,"18,6",60,"10,7","0,86","9,55"
2026-09-25 14:23,"18,5",60,"10,6","0,85","9,52"
2026-09-25 14:24,"18,5",60,"10,6","0,85","9,49"
2026-09-25 14:25,"18,5",60,"10,5","0,85","9,47"
2026-09-25 14:26,"18,4",60,"10,5","0,85","9,44"
2026-09-25 14:27,"18,4",60,"10,5","0,85","9,44"
2026-09-25 14:28,"18,4",60,"10,5","0,85","9,44"
2026-09-25 14:29,"18,3",60,"10,4","0,84","9,41"
2026-09-25 14:30,"18,3",60,"10,4","0,84","9,38"
2026-09-25 14:31,"18,3",60,"10,3","0,84","9,35"
2026-09-25 14:32,"18,2",60,"10,3","0,84","9,33"
2026-09-25 14:33,"18,2",60,"10,3","0,84","9,33"
2026-09-25 14:34,"18,2",60,"10,3","0,84","9,33"
2026-09-25 14:35,"18,2",60,"10,3","0,84","9,33"
2026-09-25 14:36,"18,2",61,"10,6","0,82","9,48"
2026-09-25 14:37,"18,2",61,"10,5","0,81","9,45"
2026-09-25 14:38,"18,1",61,"10,5","0,81","9,43"
2026-09-25 14:39,"18,1",61,"10,5","0,81","9,43"
2026-09-25 14:40,"18,1",61,"10,5","0,81","9,43"
2026-09-25 14:41,"18,0",61,"10,4","0,81","9,40"
2026-09-25 14:42,"18,0",61,"10,4","0,80","9,37"
2026-09-25 14:43,"18,0",61,"10,4","0,80","9,37"
2026-09-25 14:44,"18,0",61,"10,4","0,80","9,37"
2026-09-25 14:45,"18,0",61,"10,4","0,80","9,37"
2026-09-25 14:46,"18,0",61,"10,4","0,80","9,37"
2026-09-25 14:47,"18,0",61,"10,4","0,80","9,37"
2026-09-25 14:48,"18,0",61,"10,4","0,80","9,37"
2026-09-25 14:49,"18,0",61,"10,4","0,80","9,37"
2026-09-25 14:50,"18,0",61,"10,4","0,80","9,37"
2026-09-25 14:51,"18,0",61,"10,4","0,80","9,37"
2026-09-25 14:52,"18,0",61,"10,4","0,80","9,37"
2026-09-25 14:53,"18,0",61,"10,3","0,80","9,34"
2026-09-25 14:54,"17,9",61,"10,3","0,80","9,31"
2026-09-25 14:55,"17,9",61,"10,3","0,80","9,31"
2026-09-25 14:56,"17,9",61,"10,3","0,80","9,31"
2026-09-25 14:57,"17,9",61,"10,3","0,80","9,31"
2026-09-25 14:58,"17,9",61,"10,3","0,80","9,31"
2026-09-25 14:59,"17,9",61,"10,3","0,80","9,31"
2026-09-25 15:00,"17,9",61,"10,3","0,80","9,31"
2026-09-25 15:01,"17,9",61,"10,3","0,80","9,31"
2026-09-25 15:02,"17,9",61,"10,3","0,80","9,31"
2026-09-25 15:03,"17,9",61,"10,3","0,80","9,31"
2026-09-25 15:04,"17,9",61,"10,3","0,80","9,31"
2026-09-25 15:05,"17,9",61,"10,3","0,80","9,31"
2026-09-25 15:06,"17,9",61,"10,3","0,80","9,31"
2026-09-25 15:07,"17,9",61,"10,3","0,80","9,31"
2026-09-25 15:08,"17,9",61,"10,3","0,80","9,31"
2026-09-25 15:09,"17,9",61,"10,3","0,80","9,31"
2026-09-25 15:10,"17,9",61,"10,3","0,80","9,31"
2026-09-25 15:11,"17,9",61,"10,3","0,80","9,31"
2026-09-25 15:12,"17,9",61,"10,3","0,80","9,31"
2026-09-25 15:13,"17,8",61,"10,2","0,80","9,29"
2026-09-25 15:14,"17,8",61,"10,2","0,79","9,26"
2026-09-25 15:15,"17,8",61,"10,2","0,79","9,26"
2026-09-25 15:16,"17,8",61,"10,2","0,79","9,26"
2026-09-25 15:17,"17,8",61,"10,2","0,79","9,26"
2026-09-25 15:18,"17,8",61,"10,2","0,79","9,26"
2026-09-25 15:19,"17,8",61,"10,2","0,79","9,26"
2026-09-25 15:20,"17,8",61,"10,2","0,79","9,26"
2026-09-25 15:21,"17,8",61,"10,2","0,79","9,26"
2026-09-25 15:22,"17,8",61,"10,2","0,79","9,26"
2026-09-25 15:23,"17,8",61,"10,2","0,79","9,26"
2026-09-25 15:24,"17,8",61,"10,2","0,79","9,26"
2026-09-25 15:25,"17,8",61,"10,2","0,79","9,26"
2026-09-25 15:26,"17,8",61,"10,2","0,79","9,26"
2026-09-25 15:27,"17,8",61,"10,2","0,79","9,26"
2026-09-25 15:28,"17,8",61,"10,2","0,79","9,26"
2026-09-25 15:29,"17,8",61,"10,2","0,79","9,26"
2026-09-25 15:30,"17,8",61,"10,2","0,79","9,26"
2026-09-25 15:31,"17,8",61,"10,2","0,79","9,26"
2026-09-25 15:32,"17,8",61,"10,2","0,79","9,26"
2026-09-25 15:33,"17,8",61,"10,2","0,79","9,26"
2026-09-25 15:34,"17,8",61,"10,2","0,79","9,26"
2026-09-25 15:35,"17,8",61,"10,2","0,79","9,26"
2026-09-25 15:36,"17,8",61,"10,2","0,79","9,26"
2026-09-25 15:37,"17,8",61,"10,2","0,79","9,26"
2026-09-25 15:38,"17,8",61,"10,2","0,79","9,26"
2026-09-25 15:39,"17,8",61,"10,2","0,79","9,26"
2026-09-25 15:40,"17,8",61,"10,2","0,79","9,26"
2026-09-25 15:41,"17,8",61,"10,2","0,79","9,26"
2026-09-25 15:42,"17,8",61,"10,2","0,79","9,26"
2026-09-25 15:43,"17,8",61,"10,2","0,79","9,26"
2026-09-25 15:44,"17,8",61,"10,2","0,79","9,26"
2026-09-25 15:45,"17,8",61,"10,2","0,79","9,26"
2026-09-25 15:46,"17,8",61,"10,2","0,79","9,26"
2026-09-25 15:47,"17,8",61,"10,2","0,79","9,26"
2026-09-25 15:48,"17,8",61,"10,2","0,79","9,26"
2026-09-25 15:49,"17,8",61,"10,2","0,79","9,26"
2026-09-25 15:50,"17,8",61,"10,2","0,79","9,26"
2026-09-25 15:51,"17,8",61,"10,2","0,79","9,26"
2026-09-25 15:52,"17,8",62,"10,4","0,77","9,41"
2026-09-25 15:53,"17,8",62,"10,4","0,77","9,41"
2026-09-25 15:54,"17,8",62,"10,4","0,77","9,41"
2026-09-25 15:55,"17,8",62,"10,4","0,77","9,41"
2026-09-25 15:56,"17,8",62,"10,4","0,77","9,41"
2026-09-25 15:57,"17,8",62,"10,4","0,77","9,41"
2026-09-25 15:58,"17,8",62,"10,4","0,77","9,41"
2026-09-25 15:59,"17,8",62,"10,4","0,77","9,41"
2026-09-25 16:00,"17,8",62,"10,4","0,77","9,41"
2026-09-25 16:01,"17,8",62,"10,4","0,77","9,41"
2026-09-25 16:02,"17,8",62,"10,4","0,77","9,41"
2026-09-25 16:03,"17,8",62,"10,4","0,77","9,41"
2026-09-25 16:04,"17,8",62,"10,4","0,77","9,41"
2026-09-25 16:05,"17,8",62,"10,4","0,77","9,41"
2026-09-25 16:06,"17,8",62,"10,4","0,77","9,41"
2026-09-25 16:07,"17,8",62,"10,4","0,77","9,41"
2026-09-25 16:08,"17,8",62,"10,4","0,77","9,41"
2026-09-25 16:09,"17,8",62,"10,4","0,77","9,41"
2026-09-25 16:10,"17,8",62,"10,4","0,77","9,41"
2026-09-25 16:11,"17,8",62,"10,4","0,77","9,41"
2026-09-25 16:12,"17,8",62,"10,4","0,77","9,41"
2026-09-25 16:13,"17,8",62,"10,4","0,77","9,41"
2026-09-25 16:14,"17,8",62,"10,4","0,77","9,41"
2026-09-25 16:15,"17,8",61,"10,2","0,79","9,26"
2026-09-25 16:16,"17,8",61,"10,2","0,79","9,26"
2026-09-25 16:17,"17,8",61,"10,2","0,79","9,26"
2026-09-25 16:18,"17,8",61,"10,2","0,79","9,26"
2026-09-25 16:19,"17,8",61,"10,2","0,79","9,26"
2026-09-25 16:20,"17,8",61,"10,2","0,79","9,26"
2026-09-25 16:21,"17,8",61,"10,2","0,79","9,26"
2026-09-25 16:22,"17,8",61,"10,2","0,79","9,26"
2026-09-25 16:23,"17,8",61,"10,2","0,79","9,26"
2026-09-25 16:24,"17,8",61,"10,2","0,79","9,26"
2026-09-25 16:25,"17,8",61,"10,2","0,79","9,26"
2026-09-25 16:26,"17,8",61,"10,2","0,79","9,26"
2026-09-25 16:27,"17,8",61,"10,1","0,79","9,23"
2026-09-25 16:28,"17,7",61,"10,1","0,79","9,20"
2026-09-25 16:29,"17,7",61,"10,1","0,79","9,20"
2026-09-25 16:30,"17,7",61,"10,1","0,79","9,20"
2026-09-25 16:31,"17,7",61,"10,1","0,79","9,20"
2026-09-25 16:32,"17,7",62,"10,3","0,77","9,35"
2026-09-25 16:33,"17,7",62,"10,3","0,77","9,35"
2026-09-25 16:34,"17,7",62,"10,3","0,77","9,35"
2026-09-25 16:35,"17,7",62,"10,3","0,77","9,35"
2026-09-25 16:36,"17,7",62,"10,3","0,77","9,35"
2026-09-25 16:37,"17,7",62,"10,3","0,77","9,35"
2026-09-25 16:38,"17,7",62,"10,3","0,77","9,35"
2026-09-25 16:39,"17,7",62,"10,3","0,77","9,35"
2026-09-25 16:40,"17,7",62,"10,3","0,77","9,35"
2026-09-25 16:41,"17,7",62,"10,3","0,77","9,35"
2026-09-25 16:42,"17,7",62,"10,3","0,77","9,35"
2026-09-25 16:43,"17,7",62,"10,3","0,77","9,35"
2026-09-25 16:44,"17,7",62,"10,3","0,77","9,35"
2026-09-25 16:45,"17,7",61,"10,1","0,79","9,20"
2026-09-25 16:46,"17,7",61,"10,1","0,79","9,20"
2026-09-25 16:47,"17,7",61,"10,1","0,79","9,20"
2026-09-25 16:48,"17,7",61,"10,1","0,79","9,20"
2026-09-25 16:49,"17,7",61,"10,1","0,79","9,20"
2026-09-25 16:50,"17,7",61,"10,1","0,79","9,20"
2026-09-25 16:51,"17,7",61,"10,1","0,79","9,20"
2026-09-25 16:52,"17,7",61,"10,1","0,79","9,20"
2026-09-25 16:53,"17,7",61,"10,1","0,79","9,20"
2026-09-25 16:54,"17,7",61,"10,1","0,79","9,20"
2026-09-25 16:55,"17,7",61,"10,1","0,79","9,20"
2026-09-25 16:56,"17,7",61,"10,1","0,79","9,20"
2026-09-25 16:57,"17,7",61,"10,1","0,79","9,20"
2026-09-25 16:58,"17,7",62,"10,3","0,77","9,35"
2026-09-25 16:59,"17,7",62,"10,3","0,77","9,35"
2026-09-25 17:00,"17,7",62,"10,3","0,77","9,35"
2026-09-25 17:01,"17,7",62,"10,3","0,77","9,35"
2026-09-25 17:02,"17,7",62,"10,3","0,77","9,35"
2026-09-25 17:03,"17,7",62,"10,3","0,77","9,35"
2026-09-25 17:04,"17,7",62,"10,3","0,77","9,35"
2026-09-25 17:05,"17,7",62,"10,3","0,77","9,35"
2026-09-25 17:06,"17,7",62,"10,3","0,77","9,35"
2026-09-25 17:07,"17,7",62,"10,3","0,77","9,35"
2026-09-25 17:08,"17,7",62,"10,3","0,77","9,35"
2026-09-25 17:09,"17,7",62,"10,3","0,77","9,35"
2026-09-25 17:10,"17,7",62,"10,3","0,77","9,35"
2026-09-25 17:11,"17,7",62,"10,3","0,77","9,35"
2026-09-25 17:12,"17,7",62,"10,3","0,77","9,35"
2026-09-25 17:13,"17,7",62,"10,3","0,77","9,35"
2026-09-25 17:14,"17,7",62,"10,3","0,77","9,35"
2026-09-25 17:15,"17,7",62,"10,3","0,77","9,35"
2026-09-25 17:16,"17,7",62,"10,3","0,77","9,35"
2026-09-25 17:17,"17,7",62,"10,3","0,77","9,35"
2026-09-25 17:18,"17,7",62,"10,3","0,77","9,35"
2026-09-25 17:19,"17,7",62,"10,3","0,77","9,35"
2026-09-25 17:20,"17,7",62,"10,3","0,77","9,35"
2026-09-25 17:21,"17,7",62,"10,3","0,77","9,35"
2026-09-25 17:22,"17,7",62,"10,3","0,77","9,35"
2026-09-25 17:23,"17,7",62,"10,3","0,77","9,35"
2026-09-25 17:24,"17,7",62,"10,3","0,77","9,35"
2026-09-25 17:25,"17,7",62,"10,3","0,77","9,35"
2026-09-25 17:26,"17,7",62,"10,3","0,77","9,35"
2026-09-25 17:27,"17,7",62,"10,3","0,77","9,35"
2026-09-25 17:28,"17,7",62,"10,3","0,77","9,35"
2026-09-25 17:29,"17,7",62,"10,3","0,77","9,35"
2026-09-25 17:30,"17,7",62,"10,3","0,77","9,35"
2026-09-25 17:31,"17,7",62,"10,3","0,77","9,35"
2026-09-25 17:32,"17,7",62,"10,3","0,77","9,35"
2026-09-25 17:33,"17,7",62,"10,3","0,77","9,35"
2026-09-25 17:34,"17,7",62,"10,3","0,77","9,35"
2026-09-25 17:35,"17,7",62,"10,3","0,77","9,35"
2026-09-25 17:36,"17,7",62,"10,3","0,77","9,35"
2026-09-25 17:37,"17,7",62,"10,3","0,77","9,35"
2026-09-25 17:38,"17,7",62,"10,3","0,77","9,35"
2026-09-25 17:39,"17,7",62,"10,3","0,77","9,35"
2026-09-25 17:40,"17,7",62,"10,3","0,77","9,35"
2026-09-25 17:41,"17,7",62,"10,3","0,77","9,35"
2026-09-25 17:42,"17,7",62,"10,3","0,77","9,35"
2026-09-25 17:43,"17,7",62,"10,3","0,77","9,35"
2026-09-25 17:44,"17,7",62,"10,3","0,77","9,35"
2026-09-25 17:45,"17,7",62,"10,3","0,77","9,35"
2026-09-25 17:46,"17,7",62,"10,3","0,77","9,35"
2026-09-25 17:47,"17,7",62,"10,3","0,77","9,35"
2026-09-25 17:48,"17,7",62,"10,3","0,77","9,35"
2026-09-25 17:49,"17,7",62,"10,3","0,77","9,35"
2026-09-25 17:50,"17,7",62,"10,3","0,77","9,35"
2026-09-25 17:51,"17,7",62,"10,3","0,77","9,35"
2026-09-25 17:52,"17,7",62,"10,3","0,77","9,35"
2026-09-25 17:53,"17,7",62,"10,3","0,77","9,35"
2026-09-25 17:54,"17,7",62,"10,3","0,77","9,35"
2026-09-25 17:55,"17,7",62,"10,3","0,77","9,35"
2026-09-25 17:56,"17,7",62,"10,3","0,77","9,35"
2026-09-25 17:57,"17,7",62,"10,3","0,77","9,35"
2026-09-25 17:58,"17,7",62,"10,3","0,77","9,35"
2026-09-25 17:59,"17,7",62,"10,3","0,77","9,35"
2026-09-25 18:00,"17,7",62,"10,3","0,77","9,35"
2026-09-25 18:01,"17,7",62,"10,3","0,77","9,35"
2026-09-25 18:02,"17,7",62,"10,3","0,77","9,35"
2026-09-25 18:03,"17,7",62,"10,3","0,77","9,35"
2026-09-25 18:04,"17,7",62,"10,3","0,77","9,35"
2026-09-25 18:05,"17,7",62,"10,3","0,77","9,35"
2026-09-25 18:06,"17,7",62,"10,3","0,77","9,35"
2026-09-25 18:07,"17,7",62,"10,3","0,77","9,35"
2026-09-25 18:08,"17,7",62,"10,3","0,77","9,35"
2026-09-25 18:09,"17,7",62,"10,3","0,77","9,35"
2026-09-25 18:10,"17,7",62,"10,3","0,77","9,35"
2026-09-25 18:11,"17,7",62,"10,3","0,77","9,35"
2026-09-25 18:12,"17,7",62,"10,3","0,77","9,35"
2026-09-25 18:13,"17,7",62,"10,3","0,77","9,35"
2026-09-25 18:14,"17,7",62,"10,3","0,77","9,35"
2026-09-25 18:15,"17,7",62,"10,3","0,77","9,35"
2026-09-25 18:16,"17,7",62,"10,3","0,77","9,35"
2026-09-25 18:17,"17,7",62,"10,3","0,77","9,35"
2026-09-25 18:18,"17,7",62,"10,3","0,77","9,35"
2026-09-25 18:19,"17,7",62,"10,3","0,77","9,35"
2026-09-25 18:20,"17,7",62,"10,3","0,77","9,35"
2026-09-25 18:21,"17,7",62,"10,3","0,77","9,35"
2026-09-25 18:22,"17,7",62,"10,3","0,77","9,35"
2026-09-25 18:23,"17,7",62,"10,3","0,77","9,35"
2026-09-25 18:24,"17,7",62,"10,3","0,77","9,35"
2026-09-25 18:25,"17,7",62,"10,3","0,77","9,35"
2026-09-25 18:26,"17,7",62,"10,3","0,77","9,35"
2026-09-25 18:27,"17,7",62,"10,3","0,77","9,35"
2026-09-25 18:28,"17,7",62,"10,3","0,77","9,35"
2026-09-25 18:29,"17,7",62,"10,3","0,77","9,35"
2026-09-25 18:30,"17,7",62,"10,3","0,77","9,35"
2026-09-25 18:31,"17,7",62,"10,3","0,77","9,35"
2026-09-25 18:32,"17,7",62,"10,3","0,77","9,35"
2026-09-25 18:33,"17,7",62,"10,3","0,77","9,35"
2026-09-25 18:34,"17,7",62,"10,3","0,77","9,35"
2026-09-25 18:35,"17,7",62,"10,3","0,77","9,35"
2026-09-25 18:36,"17,7",62,"10,3","0,77","9,35"
2026-09-25 18:37,"17,8",62,"10,4","0,77","9,38"
2026-09-25 18:38,"17,8",62,"10,4","0,77","9,41"
2026-09-25 18:39,"17,8",61,"10,2","0,79","9,26"
2026-09-25 18:40,"17,8",61,"10,2","0,79","9,26"
2026-09-25 18:41,"17,8",61,"10,2","0,79","9,26"
2026-09-25 18:42,"17,8",61,"10,2","0,79","9,26"
2026-09-25 18:43,"17,8",61,"10,2","0,79","9,26"
2026-09-25 18:44,"17,8",61,"10,2","0,79","9,26"
2026-09-25 18:45,"17,8",61,"10,2","0,79","9,26"
2026-09-25 18:46,"17,8",61,"10,2","0,79","9,26"
2026-09-25 18:47,"17,8",61,"10,2","0,79","9,26"
2026-09-25 18:48,"17,8",61,"10,2","0,79","9,26"
2026-09-25 18:49,"17,8",61,"10,2","0,79","9,26"
2026-09-25 18:50,"17,8",61,"10,2","0,79","9,26"
2026-09-25 18:51,"17,8",61,"10,2","0,79","9,26"
2026-09-25 18:52,"17,8",61,"10,2","0,79","9,26"
2026-09-25 18:53,"17,8",61,"10,2","0,79","9,26"
2026-09-25 18:54,"17,8",61,"10,2","0,79","9,26"
2026-09-25 18:55,"17,8",61,"10,2","0,79","9,26"
2026-09-25 18:56,"17,8",61,"10,2","0,79","9,26"
2026-09-25 18:57,"17,8",61,"10,2","0,79","9,26"
2026-09-25 18:58,"17,8",62,"10,4","0,77","9,41"
2026-09-25 18:59,"17,8",62,"10,4","0,77","9,41"
2026-09-25 19:00,"17,8",62,"10,4","0,77","9,41"
2026-09-25 19:01,"17,8",62,"10,4","0,77","9,41"
2026-09-25 19:02,"17,8",62,"10,4","0,77","9,41"
2026-09-25 19:03,"17,8",62,"10,4","0,77","9,41"
2026-09-25 19:04,"17,8",62,"10,4","0,77","9,41"
2026-09-25 19:05,"17,8",62,"10,4","0,77","9,41"
2026-09-25 19:06,"17,8",62,"10,4","0,77","9,41"
2026-09-25 19:07,"17,8",62,"10,4","0,77","9,41"
2026-09-25 19:08,"17,8",62,"10,4","0,77","9,41"
2026-09-25 19:09,"17,8",62,"10,4","0,77","9,41"
2026-09-25 19:10,"17,8",62,"10,4","0,77","9,41"
2026-09-25 19:11,"17,8",62,"10,4","0,77","9,41"
2026-09-25 19:12,"17,8",62,"10,4","0,77","9,41"
2026-09-25 19:13,"17,8",62,"10,4","0,77","9,41"
2026-09-25 19:14,"17,8",62,"10,4","0,77","9,41"
2026-09-25 19:15,"17,8",62,"10,4","0,77","9,41"
2026-09-25 19:16,"17,8",62,"10,4","0,77","9,41"
2026-09-25 19:17,"17,8",62,"10,4","0,77","9,41"
2026-09-25 19:18,"17,8",62,"10,4","0,77","9,41"
2026-09-25 19:19,"17,8",62,"10,4","0,77","9,41"
2026-09-25 19:20,"17,8",62,"10,4","0,77","9,41"
2026-09-25 19:21,"17,8",62,"10,4","0,77","9,41"
2026-09-25 19:22,"17,8",62,"10,4","0,77","9,41"
2026-09-25 19:23,"17,8",62,"10,4","0,77","9,41"
2026-09-25 19:24,"17,8",62,"10,4","0,77","9,41"
2026-09-25 19:25,"17,8",62,"10,4","0,77","9,41"
2026-09-25 19:26,"17,8",62,"10,4","0,77","9,41"
2026-09-25 19:27,"17,8",62,"10,4","0,77","9,41"
2026-09-25 19:28,"17,8",62,"10,4","0,77","9,41"
2026-09-25 19:29,"17,8",62,"10,4","0,77","9,41"
2026-09-25 19:30,"17,8",62,"10,4","0,77","9,41"
2026-09-25 19:31,"17,8",62,"10,4","0,77","9,41"
2026-09-25 19:32,"17,8",62,"10,4","0,77","9,41"
2026-09-25 19:33,"17,8",62,"10,4","0,77","9,41"
2026-09-25 19:34,"17,8",62,"10,4","0,77","9,41"
2026-09-25 19:35,"17,8",62,"10,4","0,77","9,41"
2026-09-25 19:36,"17,8",62,"10,4","0,77","9,41"
2026-09-25 19:37,"17,8",62,"10,4","0,77","9,41"
2026-09-25 19:38,"17,8",62,"10,4","0,77","9,41"
2026-09-25 19:39,"17,8",62,"10,4","0,77","9,41"
2026-09-25 19:40,"17,8",62,"10,4","0,77","9,41"
2026-09-25 19:41,"17,8",62,"10,4","0,77","9,41"
2026-09-25 19:42,"17,8",63,"10,7","0,75","9,56"
2026-09-25 19:43,"17,8",63,"10,7","0,76","9,59"
2026-09-25 19:44,"17,9",63,"10,8","0,76","9,62"
2026-09-25 19:45,"17,9",63,"10,8","0,76","9,62"
2026-09-25 19:46,"17,9",63,"10,8","0,76","9,62"
2026-09-25 19:47,"17,9",63,"10,8","0,76","9,62"
2026-09-25 19:48,"17,9",63,"10,8","0,76","9,62"
2026-09-25 19:49,"17,9",63,"10,8","0,76","9,62"
2026-09-25 19:50,"17,9",63,"10,8","0,76","9,62"
2026-09-25 19:51,"17,9",63,"10,8","0,76","9,62"
2026-09-25 19:52,"17,9",63,"10,8","0,76","9,62"
2026-09-25 19:53,"17,9",63,"10,8","0,76","9,62"
2026-09-25 19:54,"17,9",63,"10,8","0,76","9,62"
2026-09-25 19:55,"17,9",62,"10,5","0,78","9,47"
2026-09-25 19:56,"17,9",62,"10,5","0,78","9,47"
2026-09-25 19:57,"17,9",62,"10,5","0,78","9,47"
2026-09-25 19:58,"17,9",62,"10,5","0,78","9,47"
2026-09-25 19:59,"17,9",62,"10,5","0,78","9,47"
2026-09-25 20:00,"17,9",62,"10,5","0,78","9,47"
2026-09-25 20:01,"17,9",62,"10,5","0,78","9,47"
2026-09-25 20:02,"17,9",63,"10,8","0,76","9,62"
2026-09-25 20:03,"17,9",63,"10,8","0,76","9,62"
2026-09-25 20:04,"17,9",63,"10,8","0,76","9,62"
2026-09-25 20:05,"17,9",63,"10,8","0,76","9,62"
2026-09-25 20:06,"17,9",63,"10,8","0,76","9,62"
2026-09-25 20:07,"17,9",62,"10,5","0,78","9,47"
2026-09-25 20:08,"17,9",62,"10,5","0,78","9,47"
2026-09-25 20:09,"17,9",62,"10,5","0,78","9,47"
2026-09-25 20:10,"17,9",62,"10,5","0,78","9,47"
2026-09-25 20:11,"17,9",62,"10,5","0,78","9,47"
2026-09-25 20:12,"17,9",62,"10,5","0,78","9,47"
2026-09-25 20:13,"17,9",62,"10,5","0,78","9,47"
2026-09-25 20:14,"17,9",62,"10,5","0,78","9,47"
2026-09-25 20:15,"17,9",62,"10,5","0,78","9,47"
2026-09-25 20:16,"17,9",62,"10,5","0,78","9,47"
2026-09-25 20:17,"17,9",62,"10,5","0,78","9,47"
2026-09-25 20:18,"17,9",62,"10,5","0,78","9,47"
2026-09-25 20:19,"17,9",62,"10,5","0,78","9,47"
2026-09-25 20:20,"17,9",62,"10,5","0,78","9,47"
2026-09-25 20:21,"17,8",62,"10,5","0,78","9,44"
2026-09-25 20:22,"17,8",62,"10,4","0,77","9,41"
2026-09-25 20:23,"17,8",62,"10,4","0,77","9,41"
2026-09-25 20:24,"17,8",62,"10,4","0,77","9,41"
2026-09-25 20:25,"17,8",62,"10,4","0,77","9,41"
2026-09-25 20:26,"17,8",62,"10,4","0,77","9,41"
2026-09-25 20:27,"17,8",62,"10,4","0,77","9,41"
2026-09-25 20:28,"17,8",62,"10,4","0,77","9,41"
2026-09-25 20:29,"17,8",62,"10,4","0,77","9,41"
2026-09-25 20:30,"17,8",62,"10,4","0,77","9,41"
2026-09-25 20:31,"17,8",62,"10,4","0,77","9,41"
2026-09-25 20:32,"17,8",62,"10,4","0,77","9,41"
2026-09-25 20:33,"17,8",62,"10,4","0,77","9,41"
2026-09-25 20:34,"17,8",62,"10,4","0,77","9,41"
2026-09-25 20:35,"17,8",62,"10,4","0,77","9,41"
2026-09-25 20:36,"17,8",62,"10,4","0,77","9,41"
2026-09-25 20:37,"17,8",62,"10,4","0,77","9,41"
2026-09-25 20:38,"17,8",62,"10,4","0,77","9,41"
2026-09-25 20:39,"17,8",62,"10,4","0,77","9,41"
2026-09-25 20:40,"17,8",62,"10,4","0,77","9,41"
2026-09-25 20:41,"17,8",62,"10,4","0,77","9,41"
2026-09-25 20:42,"17,8",62,"10,4","0,77","9,41"
2026-09-25 20:43,"17,8",62,"10,4","0,77","9,41"
2026-09-25 20:44,"17,8",62,"10,4","0,77","9,41"
2026-09-25 20:45,"17,8",62,"10,4","0,77","9,41"
2026-09-25 20:46,"17,8",62,"10,4","0,77","9,41"
2026-09-25 20:47,"17,8",62,"10,4","0,77","9,41"
2026-09-25 20:48,"17,8",62,"10,4","0,77","9,41"
2026-09-25 20:49,"17,8",62,"10,4","0,77","9,41"
2026-09-25 20:50,"17,8",62,"10,4","0,77","9,41"
2026-09-25 20:51,"17,8",62,"10,4","0,77","9,41"
2026-09-25 20:52,"17,8",62,"10,4","0,77","9,41"
2026-09-25 20:53,"17,8",62,"10,4","0,77","9,41"
2026-09-25 20:54,"17,8",62,"10,4","0,77","9,41"
2026-09-25 20:55,"17,8",62,"10,4","0,77","9,41"
2026-09-25 20:56,"17,8",62,"10,4","0,77","9,41"
2026-09-25 20:57,"17,8",62,"10,4","0,77","9,41"
2026-09-25 20:58,"17,8",62,"10,4","0,77","9,41"
2026-09-25 20:59,"17,8",62,"10,4","0,77","9,41"
2026-09-25 21:00,"17,8",62,"10,4","0,77","9,41"
2026-09-25 21:01,"17,8",62,"10,4","0,77","9,41"
2026-09-25 21:02,"17,8",62,"10,4","0,77","9,41"
2026-09-25 21:03,"17,8",62,"10,4","0,77","9,41"
2026-09-25 21:04,"17,8",62,"10,4","0,77","9,41"
2026-09-25 21:05,"17,8",62,"10,4","0,77","9,41"
2026-09-25 21:06,"17,8",62,"10,4","0,77","9,41"
2026-09-25 21:07,"17,8",62,"10,4","0,77","9,41"
2026-09-25 21:08,"17,8",62,"10,4","0,77","9,41"
2026-09-25 21:09,"17,8",62,"10,4","0,77","9,41"
2026-09-25 21:10,"17,8",62,"10,4","0,77","9,41"
2026-09-25 21:11,"17,8",62,"10,4","0,77","9,41"
2026-09-25 21:12,"17,8",62,"10,4","0,77","9,41"
2026-09-25 21:13,"17,8",62,"10,4","0,77","9,41"
2026-09-25 21:14,"17,8",62,"10,4","0,77","9,41"
2026-09-25 21:15,"17,8",62,"10,4","0,77","9,41"
2026-09-25 21:16,"17,8",62,"10,4","0,77","9,41"
2026-09-25 21:17,"17,8",62,"10,4","0,77","9,41"
2026-09-25 21:18,"17,8",62,"10,4","0,77","9,41"
2026-09-25 21:19,"17,8",62,"10,4","0,77","9,41"
2026-09-25 21:20,"17,8",62,"10,4","0,77","9,41"
2026-09-25 21:21,"17,8",62,"10,4","0,77","9,41"
2026-09-25 21:22,"17,8",62,"10,4","0,77","9,41"
2026-09-25 21:23,"17,8",62,"10,4","0,77","9,41"
2026-09-25 21:24,"17,8",62,"10,4","0,77","9,41"
2026-09-25 21:25,"17,8",62,"10,4","0,77","9,41"
2026-09-25 21:26,"17,8",62,"10,4","0,77","9,41"
2026-09-25 21:27,"17,8",62,"10,4","0,77","9,41"
2026-09-25 21:28,"17,8",62,"10,4","0,77","9,41"
2026-09-25 21:29,"17,8",62,"10,4","0,77","9,41"
2026-09-25 21:30,"17,8",62,"10,4","0,77","9,41"
2026-09-25 21:31,"17,8",62,"10,4","0,77","9,41"
2026-09-25 21:32,"17,8",62,"10,4","0,77","9,41"
2026-09-25 21:33,"17,8",62,"10,4","0,77","9,41"
2026-09-25 21:34,"17,8",62,"10,4","0,77","9,41"
2026-09-25 21:35,"17,8",62,"10,4","0,77","9,41"
2026-09-25 21:36,"17,8",62,"10,4","0,77","9,41"
2026-09-25 21:37,"17,8",62,"10,4","0,77","9,41"
2026-09-25 21:38,"17,8",62,"10,4","0,77","9,41"
2026-09-25 21:39,"17,8",62,"10,4","0,77","9,41"
2026-09-25 21:40,"17,8",62,"10,4","0,77","9,41"
2026-09-25 21:41,"17,8",62,"10,4","0,77","9,41"
2026-09-25 21:42,"17,8",62,"10,4","0,77","9,41"
2026-09-25 21:43,"17,8",62,"10,4","0,77","9,41"
2026-09-25 21:44,"17,8",62,"10,4","0,77","9,41"
2026-09-25 21:45,"17,8",62,"10,4","0,77","9,41"
2026-09-25 21:46,"17,8",62,"10,4","0,77","9,41"
2026-09-25 21:47,"17,8",62,"10,4","0,77","9,41"
2026-09-25 21:48,"17,8",62,"10,4","0,77","9,41"
2026-09-25 21:49,"17,8",62,"10,4","0,77","9,41"
2026-09-25 21:50,"17,8",62,"10,4","0,77","9,41"
2026-09-25 21:51,"17,8",62,"10,4","0,77","9,41"
2026-09-25 21:52,"17,8",62,"10,4","0,77","9,41"
2026-09-25 21:53,"17,8",62,"10,4","0,77","9,41"
2026-09-25 21:54,"17,8",62,"10,4","0,77","9,41"
2026-09-25 21:55,"17,8",62,"10,4","0,77","9,41"
2026-09-25 21:56,"17,8",62,"10,4","0,77","9,41"
2026-09-25 21:57,"17,8",62,"10,4","0,77","9,41"
2026-09-25 21:58,"17,8",63,"10,7","0,75","9,56"
2026-09-25 21:59,"17,8",63,"10,7","0,75","9,56"
2026-09-25 22:00,"17,8",63,"10,7","0,75","9,56"
2026-09-25 22:01,"17,8",63,"10,7","0,75","9,56"
2026-09-25 22:02,"17,8",63,"10,7","0,75","9,56"
2026-09-25 22:03,"17,8",63,"10,7","0,75","9,56"
2026-09-25 22:04,"17,8",63,"10,7","0,75","9,56"
2026-09-25 22:05,"17,8",63,"10,7","0,75","9,56"
2026-09-25 22:06,"17,8",63,"10,7","0,75","9,56"
2026-09-25 22:07,"17,8",63,"10,7","0,75","9,56"
2026-09-25 22:08,"17,8",63,"10,7","0,75","9,56"
2026-09-25 22:09,"17,8",63,"10,7","0,75","9,56"
2026-09-25 22:10,"17,8",63,"10,7","0,75","9,56"
2026-09-25 22:11,"17,8",63,"10,7","0,75","9,56"
2026-09-25 22:12,"17,8",63,"10,7","0,75","9,56"
2026-09-25 22:13,"17,8",63,"10,7","0,75","9,56"
2026-09-25 22:14,"17,8",63,"10,7","0,75","9,56"
2026-09-25 22:15,"17,8",63,"10,7","0,75","9,56"
2026-09-25 22:16,"17,8",63,"10,7","0,75","9,56"
2026-09-25 22:17,"17,8",63,"10,7","0,75","9,56"
2026-09-25 22:18,"17,8",63,"10,7","0,75","9,56"
2026-09-25 22:19,"17,8",63,"10,7","0,75","9,56"
2026-09-25 22:20,"17,8",63,"10,7","0,75","9,56"
2026-09-25 22:21,"17,8",63,"10,7","0,75","9,56"
2026-09-25 22:22,"17,8",63,"10,7","0,75","9,56"
2026-09-25 22:23,"17,8",63,"10,7","0,75","9,56"
2026-09-25 22:24,"17,8",63,"10,7","0,75","9,56"
2026-09-25 22:25,"17,8",63,"10,7","0,75","9,56"
2026-09-25 22:26,"17,8",63,"10,7","0,75","9,56"
2026-09-25 22:27,"17,8",63,"10,7","0,75","9,56"
2026-09-25 22:28,"17,8",63,"10,7","0,75","9,56"
2026-09-25 22:29,"17,8",63,"10,7","0,75","9,56"
2026-09-25 22:30,"17,8",63,"10,7","0,75","9,56"
2026-09-25 22:31,"17,8",63,"10,7","0,75","9,56"
2026-09-25 22:32,"17,8",63,"10,7","0,75","9,56"
2026-09-25 22:33,"17,8",63,"10,7","0,75","9,56"
2026-09-25 22:34,"17,8",63,"10,7","0,75","9,56"
2026-09-25 22:35,"17,8",63,"10,7","0,75","9,56"
2026-09-25 22:36,"17,8",63,"10,7","0,75","9,56"
2026-09-25 22:37,"17,8",63,"10,7","0,75","9,56"
2026-09-25 22:38,"17,8",63,"10,7","0,75","9,56"
2026-09-25 22:39,"17,8",63,"10,7","0,75","9,56"
2026-09-25 22:40,"17,8",63,"10,7","0,75","9,56"
2026-09-25 22:41,"17,8",63,"10,7","0,75","9,56"
2026-09-25 22:42,"17,8",63,"10,7","0,75","9,56"
2026-09-25 22:43,"17,8",63,"10,7","0,75","9,56"
2026-09-25 22:44,"17,8",63,"10,7","0,75","9,56"
2026-09-25 22:45,"17,8",63,"10,7","0,75","9,56"
2026-09-25 22:46,"17,8",63,"10,7","0,75","9,56"
2026-09-25 22:47,"17,8",63,"10,7","0,75","9,56"
2026-09-25 22:48,"17,8",63,"10,7","0,75","9,56"
2026-09-25 22:49,"17,8",63,"10,7","0,75","9,56"
2026-09-25 22:50,"17,8",63,"10,7","0,75","9,56"
2026-09-25 22:51,"17,8",63,"10,7","0,75","9,56"
2026-09-25 22:52,"17,8",63,"10,7","0,75","9,56"
2026-09-25 22:53,"17,8",63,"10,7","0,75","9,56"
2026-09-25 22:54,"17,8",63,"10,7","0,75","9,56"
2026-09-25 22:55,"17,8",63,"10,7","0,75","9,56"
2026-09-25 22:56,"17,8",63,"10,7","0,75","9,56"
2026-09-25 22:57,"17,8",63,"10,7","0,75","9,56"
2026-09-25 22:58,"17,8",63,"10,7","0,75","9,56"
2026-09-25 22:59,"17,8",63,"10,7","0,75","9,56"
2026-09-25 23:00,"17,8",63,"10,7","0,75","9,56"
2026-09-25 23:01,"17,8",63,"10,7","0,75","9,56"
2026-09-25 23:02,"17,8",63,"10,7","0,75","9,56"
2026-09-25 23:03,"17,8",63,"10,7","0,75","9,56"
2026-09-25 23:04,"17,8",63,"10,7","0,75","9,56"
2026-09-25 23:05,"17,8",63,"10,7","0,75","9,56"
2026-09-25 23:06,"17,8",63,"10,7","0,75","9,56"
2026-09-25 23:07,"17,8",63,"10,7","0,75","9,56"
2026-09-25 23:08,"17,8",63,"10,7","0,75","9,56"
2026-09-25 23:09,"17,8",63,"10,7","0,75","9,56"
2026-09-25 23:10,"17,8",63,"10,7","0,75","9,56"
2026-09-25 23:11,"17,8",63,"10,7","0,75","9,56"
2026-09-25 23:12,"17,8",63,"10,7","0,75","9,56"
2026-09-25 23:13,"17,8",63,"10,6","0,75","9,53"
2026-09-25 23:14,"17,7",63,"10,6","0,75","9,51"
2026-09-25 23:15,"17,7",63,"10,6","0,75","9,51"
2026-09-25 23:16,"17,7",63,"10,6","0,75","9,51"
2026-09-25 23:17,"17,7",63,"10,6","0,75","9,51"
2026-09-25 23:18,"17,7",63,"10,6","0,75","9,51"
2026-09-25 23:19,"17,7",63,"10,6","0,75","9,51"
2026-09-25 23:20,"17,7",63,"10,6","0,75","9,51"
2026-09-25 23:21,"17,7",63,"10,6","0,75","9,51"
2026-09-25 23:22,"17,7",63,"10,6","0,75","9,51"
2026-09-25 23:23,"17,7",63,"10,6","0,75","9,51"
2026-09-25 23:24,"17,7",63,"10,6","0,75","9,51"
2026-09-25 23:25,"17,7",63,"10,6","0,75","9,51"
2026-09-25 23:26,"17,7",63,"10,6","0,75","9,51"
2026-09-25 23:27,"17,7",63,"10,6","0,75","9,51"
2026-09-25 23:28,"17,7",63,"10,6","0,75","9,51"
2026-09-25 23:29,"17,7",63,"10,6","0,75","9,51"
2026-09-25 23:30,"17,7",63,"10,6","0,75","9,51"
2026-09-25 23:31,"17,7",63,"10,6","0,75","9,51"
2026-09-25 23:32,"17,7",63,"10,6","0,75","9,51"
2026-09-25 23:33,"17,7",63,"10,6","0,75","9,51"
2026-09-25 23:34,"17,7",63,"10,6","0,75","9,51"
2026-09-25 23:35,"17,7",63,"10,6","0,75","9,51"
2026-09-25 23:36,"17,7",63,"10,6","0,75","9,51"
2026-09-25 23:37,"17,7",63,"10,6","0,75","9,51"
2026-09-25 23:38,"17,7",63,"10,6","0,75","9,51"
2026-09-25 23:39,"17,7",63,"10,6","0,75","9,51"
2026-09-25 23:40,"17,7",63,"10,6","0,75","9,51"
2026-09-25 23:41,"17,7",63,"10,6","0,75","9,51"
2026-09-25 23:42,"17,7",63,"10,6","0,75","9,51"
2026-09-25 23:43,"17,7",63,"10,6","0,75","9,51"
2026-09-25 23:44,"17,7",63,"10,6","0,75","9,51"
2026-09-25 23:45,"17,7",63,"10,6","0,75","9,51"
2026-09-25 23:46,"17,7",63,"10,6","0,75","9,51"
2026-09-25 23:47,"17,7",63,"10,6","0,75","9,51"
2026-09-25 23:48,"17,7",63,"10,6","0,75","9,51"
2026-09-25 23:49,"17,7",63,"10,6","0,75","9,51"
2026-09-25 23:50,"17,7",63,"10,6","0,75","9,51"
2026-09-25 23:51,"17,7",63,"10,6","0,75","9,51"
2026-09-25 23:52,"17,7",63,"10,6","0,75","9,51"
2026-09-25 23:53,"17,7",63,"10,6","0,75","9,51"
2026-09-25 23:54,"17,7",63,"10,6","0,75","9,51"
2026-09-25 23:55,"17,7",63,"10,6","0,75","9,51"
2026-09-25 23:56,"17,7",63,"10,6","0,75","9,51"
2026-09-25 23:57,"17,7",63,"10,6","0,75","9,51"
2026-09-25 23:58,"17,7",63,"10,6","0,75","9,51"
2026-09-25 23:59,"17,7",63,"10,6","0,75","9,51"
2026-09-26 00:00,"17,7",63,"10,6","0,75","9,51"
2026-09-26 00:01,"17,7",63,"10,6","0,75","9,51"
2026-09-26 00:02,"17,7",63,"10,6","0,75","9,51"
2026-09-26 00:03,"17,7",63,"10,6","0,75","9,51"
2026-09-26 00:04,"17,7",63,"10,6","0,75","9,51"
2026-09-26 00:05,"17,7",63,"10,6","0,75","9,51"
2026-09-26 00:06,"17,7",63,"10,6","0,75","9,51"
2026-09-26 00:07,"17,7",63,"10,6","0,75","9,51"
2026-09-26 00:08,"17,7",63,"10,6","0,75","9,51"
2026-09-26 00:09,"17,7",63,"10,6","0,75","9,51"
2026-09-26 00:10,"17,7",63,"10,6","0,75","9,51"
2026-09-26 00:11,"17,7",63,"10,6","0,75","9,51"
2026-09-26 00:12,"17,7",63,"10,6","0,75","9,51"
2026-09-26 00:13,"17,7",63,"10,6","0,75","9,51"
2026-09-26 00:14,"17,7",63,"10,6","0,75","9,51"
2026-09-26 00:15,"17,7",63,"10,6","0,75","9,51"
2026-09-26 00:16,"17,7",63,"10,6","0,75","9,51"
2026-09-26 00:17,"17,7",63,"10,6","0,75","9,51"
2026-09-26 00:18,"17,7",63,"10,6","0,75","9,51"
2026-09-26 00:19,"17,7",63,"10,6","0,75","9,51"
2026-09-26 00:20,"17,7",63,"10,6","0,75","9,51"
2026-09-26 00:21,"17,7",63,"10,6","0,75","9,51"
2026-09-26 00:22,"17,7",63,"10,6","0,75","9,51"
2026-09-26 00:23,"17,7",63,"10,6","0,75","9,51"
2026-09-26 00:24,"17,7",63,"10,6","0,75","9,51"
2026-09-26 00:25,"17,7",63,"10,6","0,75","9,51"
2026-09-26 00:26,"17,7",63,"10,6","0,75","9,51"
2026-09-26 00:27,"17,7",63,"10,6","0,75","9,51"
2026-09-26 00:28,"17,7",63,"10,6","0,75","9,51"
2026-09-26 00:29,"17,7",63,"10,6","0,75","9,51"
2026-09-26 00:30,"17,7",63,"10,6","0,75","9,51"
2026-09-26 00:31,"17,7",63,"10,6","0,75","9,51"
2026-09-26 00:32,"17,7",63,"10,6","0,75","9,51"
2026-09-26 00:33,"17,7",63,"10,6","0,75","9,51"
2026-09-26 00:34,"17,7",63,"10,6","0,75","9,51"
2026-09-26 00:35,"17,7",63,"10,6","0,75","9,51"
2026-09-26 00:36,"17,7",63,"10,6","0,75","9,51"
2026-09-26 00:37,"17,7",63,"10,6","0,75","9,51"
2026-09-26 00:38,"17,7",63,"10,6","0,75","9,51"
2026-09-26 00:39,"17,7",63,"10,6","0,75","9,51"
2026-09-26 00:40,"17,7",63,"10,6","0,75","9,51"
2026-09-26 00:41,"17,7",63,"10,6","0,75","9,51"
2026-09-26 00:42,"17,7",63,"10,6","0,75","9,51"
2026-09-26 00:43,"17,7",63,"10,6","0,75","9,51"
2026-09-26 00:44,"17,7",63,"10,6","0,75","9,51"
2026-09-26 00:45,"17,7",63,"10,6","0,75","9,51"
2026-09-26 00:46,"17,7",63,"10,6","0,75","9,51"
2026-09-26 00:47,"17,7",63,"10,6","0,75","9,51"
2026-09-26 00:48,"17,7",63,"10,6","0,75","9,51"
2026-09-26 00:49,"17,7",63,"10,6","0,75","9,51"
2026-09-26 00:50,"17,7",63,"10,6","0,75","9,51"
2026-09-26 00:51,"17,7",63,"10,6","0,75","9,51"
2026-09-26 00:52,"17,7",63,"10,6","0,75","9,51"
2026-09-26 00:53,"17,7",63,"10,6","0,75","9,51"
2026-09-26 00:54,"17,7",63,"10,6","0,75","9,51"
2026-09-26 00:55,"17,7",63,"10,6","0,75","9,51"
2026-09-26 00:56,"17,7",63,"10,6","0,75","9,51"
2026-09-26 00:57,"17,7",63,"10,6","0,75","9,51"
2026-09-26 00:58,"17,7",63,"10,6","0,75","9,51"
2026-09-26 00:59,"17,7",63,"10,6","0,75","9,51"
2026-09-26 01:00,"17,7",63,"10,6","0,75","9,51"
2026-09-26 01:01,"17,7",63,"10,6","0,75","9,51"
2026-09-26 01:02,"17,7",63,"10,6","0,75","9,51"
2026-09-26 01:03,"17,7",63,"10,6","0,75","9,51"
2026-09-26 01:04,"17,7",63,"10,6","0,75","9,51"
2026-09-26 01:05,"17,7",63,"10,6","0,75","9,51"
2026-09-26 01:06,"17,7",63,"10,6","0,75","9,51"
2026-09-26 01:07,"17,7",63,"10,6","0,75","9,51"
2026-09-26 01:08,"17,7",63,"10,6","0,75","9,51"
2026-09-26 01:09,"17,7",63,"10,6","0,75","9,51"
2026-09-26 01:10,"17,7",63,"10,6","0,75","9,51"
2026-09-26 01:11,"17,7",63,"10,6","0,75","9,51"
2026-09-26 01:12,"17,7",63,"10,6","0,75","9,51"
2026-09-26 01:13,"17,7",63,"10,6","0,75","9,51"
2026-09-26 01:14,"17,7",63,"10,6","0,75","9,51"
2026-09-26 01:15,"17,7",63,"10,6","0,75","9,51"
2026-09-26 01:16,"17,7",63,"10,6","0,75","9,51"
2026-09-26 01:17,"17,7",63,"10,6","0,75","9,51"
2026-09-26 01:18,"17,7",63,"10,6","0,75","9,51"
2026-09-26 01:19,"17,7",63,"10,6","0,75","9,51"
2026-09-26 01:20,"17,7",63,"10,6","0,75","9,51"
2026-09-26 01:21,"17,7",63,"10,6","0,75","9,51"
2026-09-26 01:22,"17,7",63,"10,6","0,75","9,51"
2026-09-26 01:23,"17,7",63,"10,6","0,75","9,51"
2026-09-26 01:24,"17,7",63,"10,6","0,75","9,51"
2026-09-26 01:25,"17,7",63,"10,6","0,75","9,51"
2026-09-26 01:26,"17,7",63,"10,6","0,75","9,51"
2026-09-26 01:27,"17,7",63,"10,6","0,75","9,51"
2026-09-26 01:28,"17,7",63,"10,6","0,75","9,51"
2026-09-26 01:29,"17,7",63,"10,6","0,75","9,51"
2026-09-26 01:30,"17,7",63,"10,6","0,75","9,51"
2026-09-26 01:31,"17,7",63,"10,6","0,75","9,51"
2026-09-26 01:32,"17,7",63,"10,6","0,75","9,51"
2026-09-26 01:33,"17,7",63,"10,6","0,75","9,51"
2026-09-26 01:34,"17,7",63,"10,6","0,75","9,51"
2026-09-26 01:35,"17,7",63,"10,6","0,75","9,51"
2026-09-26 01:36,"17,7",63,"10,6","0,75","9,51"
2026-09-26 01:37,"17,7",63,"10,6","0,75","9,51"
2026-09-26 01:38,"17,7",63,"10,6","0,75","9,51"
2026-09-26 01:39,"17,7",63,"10,6","0,75","9,51"
2026-09-26 01:40,"17,7",63,"10,6","0,75","9,51"
2026-09-26 01:41,"17,7",63,"10,6","0,75","9,51"
2026-09-26 01:42,"17,7",63,"10,6","0,75","9,51"
2026-09-26 01:43,"17,7",63,"10,6","0,75","9,51"
2026-09-26 01:44,"17,7",63,"10,6","0,75","9,51"
2026-09-26 01:45,"17,7",63,"10,6","0,75","9,51"
2026-09-26 01:46,"17,7",63,"10,6","0,75","9,51"
2026-09-26 01:47,"17,7",63,"10,6","0,75","9,51"
2026-09-26 01:48,"17,7",63,"10,6","0,75","9,51"
2026-09-26 01:49,"17,7",63,"10,6","0,75","9,51"
2026-09-26 01:50,"17,7",63,"10,6","0,75","9,51"
2026-09-26 01:51,"17,7",63,"10,6","0,75","9,51"
2026-09-26 01:52,"17,7",63,"10,6","0,75","9,51"
2026-09-26 01:53,"17,7",63,"10,6","0,75","9,51"
2026-09-26 01:54,"17,7",63,"10,6","0,75","9,51"
2026-09-26 01:55,"17,7",63,"10,6","0,75","9,51"
2026-09-26 01:56,"17,7",63,"10,6","0,75","9,51"
2026-09-26 01:57,"17,7",63,"10,6","0,75","9,51"
2026-09-26 01:58,"17,7",63,"10,6","0,75","9,51"
2026-09-26 01:59,"17,7",63,"10,6","0,75","9,51"
2026-09-26 02:00,"17,7",63,"10,6","0,75","9,51"
2026-09-26 02:01,"17,7",63,"10,6","0,75","9,51"
2026-09-26 02:02,"17,7",63,"10,6","0,75","9,51"
2026-09-26 02:03,"17,7",63,"10,6","0,75","9,51"
2026-09-26 02:04,"17,7",63,"10,6","0,75","9,51"
2026-09-26 02:05,"17,7",63,"10,6","0,75","9,51"
2026-09-26 02:06,"17,7",63,"10,6","0,75","9,51"
2026-09-26 02:07,"17,7",63,"10,6","0,75","9,51"
2026-09-26 02:08,"17,7",63,"10,6","0,75","9,51"
2026-09-26 02:09,"17,7",63,"10,6","0,75","9,51"
2026-09-26 02:10,"17,7",63,"10,6","0,75","9,51"
2026-09-26 02:11,"17,7",63,"10,6","0,75","9,51"
2026-09-26 02:12,"17,7",63,"10,6","0,75","9,51"
2026-09-26 02:13,"17,7",63,"10,6","0,75","9,51"
2026-09-26 02:14,"17,7",63,"10,6","0,75","9,51"
2026-09-26 02:15,"17,7",63,"10,6","0,75","9,51"
2026-09-26 02:16,"17,7",63,"10,6","0,75","9,51"
2026-09-26 02:17,"17,7",63,"10,6","0,75","9,51"
2026-09-26 02:18,"17,7",63,"10,6","0,75","9,51"
2026-09-26 02:19,"17,7",63,"10,6","0,75","9,51"
2026-09-26 02:20,"17,7",63,"10,6","0,75","9,51"
2026-09-26 02:21,"17,7",63,"10,6","0,75","9,51"
2026-09-26 02:22,"17,7",63,"10,6","0,75","9,51"
2026-09-26 02:23,"17,7",63,"10,6","0,75","9,51"
2026-09-26 02:24,"17,7",63,"10,6","0,75","9,51"
2026-09-26 02:25,"17,7",63,"10,6","0,75","9,51"
2026-09-26 02:26,"17,7",63,"10,6","0,75","9,51"
2026-09-26 02:27,"17,7",63,"10,6","0,75","9,51"
2026-09-26 02:28,"17,7",63,"10,6","0,75","9,51"
2026-09-26 02:29,"17,7",63,"10,6","0,75","9,51"
2026-09-26 02:30,"17,7",63,"10,6","0,75","9,51"
2026-09-26 02:31,"17,7",63,"10,6","0,75","9,51"
2026-09-26 02:32,"17,7",63,"10,6","0,75","9,51"
2026-09-26 02:33,"17,7",63,"10,6","0,75","9,51"
2026-09-26 02:34,"17,7",63,"10,6","0,75","9,51"
2026-09-26 02:35,"17,7",63,"10,6","0,75","9,51"
2026-09-26 02:36,"17,7",63,"10,6","0,75","9,51"
2026-09-26 02:37,"17,7",63,"10,5","0,75","9,48"
2026-09-26 02:38,"17,6",63,"10,5","0,74","9,45"
2026-09-26 02:39,"17,6",63,"10,5","0,74","9,45"
2026-09-26 02:40,"17,6",63,"10,5","0,74","9,45"
2026-09-26 02:41,"17,6",63,"10,5","0,74","9,45"
2026-09-26 02:42,"17,6",63,"10,5","0,74","9,45"
2026-09-26 02:43,"17,6",63,"10,5","0,74","9,45"
2026-09-26 02:44,"17,6",63,"10,5","0,74","9,45"
2026-09-26 02:45,"17,6",63,"10,5","0,74","9,45"
2026-09-26 02:46,"17,6",63,"10,5","0,74","9,45"
2026-09-26 02:47,"17,6",63,"10,5","0,74","9,45"
2026-09-26 02:48,"17,6",63,"10,5","0,74","9,45"
2026-09-26 02:49,"17,6",63,"10,5","0,74","9,45"
2026-09-26 02:50,"17,6",63,"10,5","0,74","9,45"
2026-09-26 02:51,"17,6",63,"10,5","0,74","9,45"
2026-09-26 02:52,"17,6",63,"10,5","0,74","9,45"
2026-09-26 02:53,"17,6",63,"10,5","0,74","9,45"
2026-09-26 02:54,"17,6",63,"10,5","0,74","9,45"
2026-09-26 02:55,"17,6",63,"10,5","0,74","9,45"
2026-09-26 02:56,"17,6",63,"10,5","0,74","9,45"
2026-09-26 02:57,"17,6",63,"10,5","0,74","9,45"
2026-09-26 02:58,"17,6",63,"10,5","0,74","9,45"
2026-09-26 02:59,"17,6",63,"10,5","0,74","9,45"
2026-09-26 03:00,"17,6",63,"10,5","0,74","9,45"
2026-09-26 03:01,"17,6",63,"10,5","0,74","9,45"
2026-09-26 03:02,"17,6",63,"10,5","0,74","9,45"
2026-09-26 03:03,"17,6",63,"10,5","0,74","9,45"
2026-09-26 03:04,"17,6",63,"10,5","0,74","9,45"
2026-09-26 03:05,"17,6",63,"10,5","0,74","9,45"
2026-09-26 03:06,"17,6",63,"10,5","0,74","9,45"
2026-09-26 03:07,"17,6",63,"10,5","0,74","9,45"
2026-09-26 03:08,"17,6",63,"10,5","0,74","9,45"
2026-09-26 03:09,"17,6",63,"10,5","0,74","9,45"
2026-09-26 03:10,"17,6",63,"10,5","0,74","9,45"
2026-09-26 03:11,"17,6",63,"10,5","0,74","9,45"
2026-09-26 03:12,"17,6",63,"10,5","0,74","9,45"
2026-09-26 03:13,"17,6",63,"10,5","0,74","9,45"
2026-09-26 03:14,"17,6",63,"10,5","0,74","9,45"
2026-09-26 03:15,"17,6",63,"10,5","0,74","9,45"
2026-09-26 03:16,"17,6",63,"10,5","0,74","9,45"
2026-09-26 03:17,"17,6",63,"10,5","0,74","9,45"
2026-09-26 03:18,"17,6",63,"10,5","0,74","9,45"
2026-09-26 03:19,"17,6",63,"10,5","0,74","9,45"
2026-09-26 03:20,"17,6",63,"10,5","0,74","9,45"
2026-09-26 03:21,"17,6",63,"10,5","0,74","9,45"
2026-09-26 03:22,"17,6",63,"10,5","0,74","9,45"
2026-09-26 03:23,"17,6",63,"10,5","0,74","9,45"
2026-09-26 03:24,"17,6",63,"10,5","0,74","9,45"
2026-09-26 03:25,"17,6",63,"10,5","0,74","9,45"
2026-09-26 03:26,"17,6",63,"10,5","0,74","9,45"
2026-09-26 03:27,"17,6",63,"10,5","0,74","9,45"
2026-09-26 03:28,"17,6",63,"10,5","0,74","9,45"
2026-09-26 03:29,"17,6",63,"10,5","0,74","9,45"
2026-09-26 03:30,"17,6",63,"10,5","0,74","9,45"
2026-09-26 03:31,"17,6",63,"10,5","0,74","9,45"
2026-09-26 03:32,"17,6",63,"10,5","0,74","9,45"
2026-09-26 03:33,"17,6",63,"10,5","0,74","9,45"
2026-09-26 03:34,"17,6",63,"10,5","0,74","9,45"
2026-09-26 03:35,"17,6",63,"10,5","0,74","9,45"
2026-09-26 03:36,"17,6",63,"10,5","0,74","9,45"
2026-09-26 03:37,"17,6",63,"10,5","0,74","9,45"
2026-09-26 03:38,"17,6",63,"10,5","0,74","9,45"
2026-09-26 03:39,"17,6",63,"10,5","0,74","9,45"
2026-09-26 03:40,"17,6",63,"10,5","0,74","9,45"
2026-09-26 03:41,"17,6",63,"10,5","0,74","9,45"
2026-09-26 03:42,"17,6",63,"10,5","0,74","9,45"
2026-09-26 03:43,"17,6",63,"10,5","0,74","9,45"
2026-09-26 03:44,"17,6",63,"10,5","0,74","9,45"
2026-09-26 03:45,"17,6",63,"10,5","0,74","9,45"
2026-09-26 03:46,"17,6",63,"10,5","0,74","9,45"
2026-09-26 03:47,"17,6",63,"10,5","0,74","9,45"
2026-09-26 03:48,"17,6",63,"10,5","0,74","9,45"
2026-09-26 03:49,"17,6",63,"10,5","0,74","9,45"
2026-09-26 03:50,"17,6",63,"10,5","0,74","9,45"
2026-09-26 03:51,"17,6",63,"10,5","0,74","9,45"
2026-09-26 03:52,"17,6",63,"10,5","0,74","9,45"
2026-09-26 03:53,"17,6",63,"10,5","0,74","9,45"
2026-09-26 03:54,"17,6",63,"10,5","0,74","9,45"
2026-09-26 03:55,"17,6",63,"10,5","0,74","9,45"
2026-09-26 03:56,"17,6",63,"10,5","0,74","9,45"
2026-09-26 03:57,"17,6",63,"10,5","0,74","9,45"
2026-09-26 03:58,"17,6",63,"10,5","0,74","9,45"
2026-09-26 03:59,"17,6",63,"10,5","0,74","9,45"
2026-09-26 04:00,"17,6",63,"10,5","0,74","9,45"
2026-09-26 04:01,"17,6",63,"10,5","0,74","9,45"
2026-09-26 04:02,"17,6",63,"10,5","0,74","9,45"
2026-09-26 04:03,"17,6",63,"10,5","0,74","9,45"
2026-09-26 04:04,"17,6",63,"10,5","0,74","9,45"
2026-09-26 04:05,"17,6",63,"10,5","0,74","9,45"
2026-09-26 04:06,"17,6",63,"10,5","0,74","9,45"
2026-09-26 04:07,"17,6",63,"10,5","0,74","9,45"
2026-09-26 04:08,"17,6",63,"10,5","0,74","9,45"
2026-09-26 04:09,"17,6",63,"10,5","0,74","9,45"
2026-09-26 04:10,"17,6",63,"10,5","0,74","9,45"
2026-09-26 04:11,"17,6",63,"10,5","0,74","9,45"
2026-09-26 04:12,"17,6",63,"10,5","0,74","9,45"
2026-09-26 04:13,"17,6",63,"10,5","0,74","9,45"
2026-09-26 04:14,"17,6",63,"10,5","0,74","9,45"
2026-09-26 04:15,"17,6",63,"10,5","0,74","9,45"
2026-09-26 04:16,"17,6",63,"10,5","0,74","9,45"
2026-09-26 04:17,"17,6",63,"10,5","0,74","9,45"
2026-09-26 04:18,"17,6",63,"10,5","0,74","9,45"
2026-09-26 04:19,"17,6",63,"10,5","0,74","9,45"
2026-09-26 04:20,"17,6",63,"10,5","0,74","9,45"
2026-09-26 04:21,"17,6",63,"10,5","0,74","9,45"
2026-09-26 04:22,"17,6",63,"10,5","0,74","9,45"
2026-09-26 04:23,"17,6",63,"10,5","0,74","9,45"
2026-09-26 04:24,"17,6",63,"10,5","0,74","9,45"
2026-09-26 04:25,"17,6",63,"10,5","0,74","9,45"
2026-09-26 04:26,"17,6",63,"10,5","0,74","9,45"
2026-09-26 04:27,"17,6",63,"10,5","0,74","9,45"
2026-09-26 04:28,"17,6",63,"10,5","0,74","9,45"
2026-09-26 04:29,"17,6",63,"10,5","0,74","9,45"
2026-09-26 04:30,"17,6",63,"10,5","0,74","9,45"
2026-09-26 04:31,"17,6",63,"10,5","0,74","9,45"
2026-09-26 04:32,"17,6",63,"10,5","0,74","9,45"
2026-09-26 04:33,"17,6",63,"10,5","0,74","9,45"
2026-09-26 04:34,"17,6",63,"10,5","0,74","9,45"
2026-09-26 04:35,"17,6",63,"10,5","0,74","9,45"
2026-09-26 04:36,"17,6",63,"10,5","0,74","9,45"
2026-09-26 04:37,"17,6",63,"10,5","0,74","9,45"
2026-09-26 04:38,"17,6",63,"10,5","0,74","9,45"
2026-09-26 04:39,"17,6",63,"10,5","0,74","9,45"
2026-09-26 04:40,"17,6",63,"10,5","0,74","9,45"
2026-09-26 04:41,"17,6",63,"10,5","0,74","9,45"
2026-09-26 04:42,"17,6",63,"10,5","0,74","9,45"
2026-09-26 04:43,"17,6",63,"10,5","0,74","9,45"
2026-09-26 04:44,"17,6",63,"10,5","0,74","9,45"
2026-09-26 04:45,"17,6",63,"10,5","0,74","9,45"
2026-09-26 04:46,"17,6",63,"10,5","0,74","9,45"
2026-09-26 04:47,"17,6",63,"10,5","0,74","9,45"
2026-09-26 04:48,"17,6",63,"10,5","0,74","9,45"
2026-09-26 04:49,"17,6",63,"10,5","0,74","9,45"
2026-09-26 04:50,"17,6",63,"10,5","0,74","9,45"
2026-09-26 04:51,"17,5",63,"10,4","0,74","9,42"
2026-09-26 04:52,"17,5",63,"10,4","0,74","9,39"
2026-09-26 04:53,"17,5",63,"10,4","0,74","9,39"
2026-09-26 04:54,"17,5",63,"10,4","0,74","9,39"
2026-09-26 04:55,"17,5",63,"10,4","0,74","9,39"
2026-09-26 04:56,"17,5",63,"10,4","0,74","9,39"
2026-09-26 04:57,"17,5",63,"10,4","0,74","9,39"
2026-09-26 04:58,"17,5",63,"10,4","0,74","9,39"
2026-09-26 04:59,"17,5",63,"10,4","0,74","9,39"
2026-09-26 05:00,"17,5",63,"10,4","0,74","9,39"
2026-09-26 05:01,"17,5",63,"10,4","0,74","9,39"
2026-09-26 05:02,"17,5",63,"10,4","0,74","9,39"
2026-09-26 05:03,"17,5",63,"10,4","0,74","9,39"
2026-09-26 05:04,"17,5",63,"10,4","0,74","9,39"
2026-09-26 05:05,"17,5",63,"10,4","0,74","9,39"
2026-09-26 05:06,"17,5",63,"10,4","0,74","9,39"
2026-09-26 05:07,"17,5",63,"10,4","0,74","9,39"
2026-09-26 05:08,"17,5",63,"10,4","0,74","9,39"
2026-09-26 05:09,"17,5",63,"10,4","0,74","9,39"
2026-09-26 05:10,"17,5",63,"10,4","0,74","9,39"
2026-09-26 05:11,"17,5",63,"10,4","0,74","9,39"
2026-09-26 05:12,"17,5",63,"10,4","0,74","9,39"
2026-09-26 05:13,"17,5",63,"10,4","0,74","9,39"
2026-09-26 05:14,"17,5",63,"10,4","0,74","9,39"
2026-09-26 05:15,"17,5",63,"10,4","0,74","9,39"
2026-09-26 05:16,"17,5",63,"10,4","0,74","9,39"
2026-09-26 05:17,"17,5",63,"10,4","0,74","9,39"
2026-09-26 05:18,"17,5",63,"10,4","0,74","9,39"
2026-09-26 05:19,"17,5",63,"10,4","0,74","9,39"
2026-09-26 05:20,"17,5",63,"10,4","0,74","9,39"
2026-09-26 05:21,"17,5",63,"10,4","0,74","9,39"
2026-09-26 05:22,"17,5",63,"10,4","0,74","9,39"
2026-09-26 05:23,"17,5",63,"10,4","0,74","9,39"
2026-09-26 05:24,"17,5",63,"10,4","0,74","9,39"
2026-09-26 05:25,"17,5",63,"10,4","0,74","9,39"
2026-09-26 05:26,"17,5",63,"10,4","0,74","9,39"
2026-09-26 05:27,"17,5",63,"10,4","0,74","9,39"
2026-09-26 05:28,"17,5",63,"10,4","0,74","9,39"
2026-09-26 05:29,"17,5",63,"10,4","0,74","9,39"
2026-09-26 05:30,"17,5",63,"10,4","0,74","9,39"
2026-09-26 05:31,"17,5",63,"10,4","0,74","9,39"
2026-09-26 05:32,"17,5",63,"10,4","0,74","9,39"
2026-09-26 05:33,"17,5",63,"10,4","0,74","9,39"
2026-09-26 05:34,"17,5",63,"10,4","0,74","9,39"
2026-09-26 05:35,"17,5",63,"10,4","0,74","9,39"
2026-09-26 05:36,"17,5",63,"10,4","0,74","9,39"
2026-09-26 05:37,"17,5",63,"10,4","0,74","9,39"
2026-09-26 05:38,"17,5",63,"10,4","0,74","9,39"
2026-09-26 05:39,"17,5",63,"10,4","0,74","9,39"
2026-09-26 05:40,"17,5",63,"10,4","0,74","9,39"
2026-09-26 05:41,"17,5",63,"10,4","0,74","9,39"
2026-09-26 05:42,"17,5",63,"10,4","0,74","9,39"
2026-09-26 05:43,"17,5",63,"10,4","0,74","9,39"
2026-09-26 05:44,"17,5",63,"10,4","0,74","9,39"
2026-09-26 05:45,"17,5",63,"10,4","0,74","9,39"
2026-09-26 05:46,"17,5",63,"10,4","0,74","9,39"
2026-09-26 05:47,"17,5",63,"10,4","0,74","9,39"
2026-09-26 05:48,"17,5",63,"10,4","0,74","9,39"
2026-09-26 05:49,"17,5",63,"10,4","0,74","9,39"
2026-09-26 05:50,"17,5",63,"10,4","0,74","9,39"
2026-09-26 05:51,"17,5",63,"10,4","0,74","9,39"
2026-09-26 05:52,"17,5",63,"10,4","0,74","9,39"
2026-09-26 05:53,"17,5",63,"10,4","0,74","9,39"
2026-09-26 05:54,"17,5",63,"10,4","0,74","9,39"
2026-09-26 05:55,"17,5",63,"10,4","0,74","9,39"
2026-09-26 05:56,"17,5",63,"10,4","0,74","9,39"
2026-09-26 05:57,"17,5",63,"10,4","0,74","9,39"
2026-09-26 05:58,"17,5",63,"10,4","0,74","9,39"
2026-09-26 05:59,"17,5",63,"10,4","0,74","9,39"
2026-09-26 06:00,"17,5",63,"10,4","0,74","9,39"
2026-09-26 06:01,"17,5",63,"10,4","0,74","9,39"
2026-09-26 06:02,"17,5",63,"10,4","0,74","9,39"
2026-09-26 06:03,"17,5",63,"10,4","0,74","9,39"
2026-09-26 06:04,"17,5",63,"10,4","0,74","9,39"
2026-09-26 06:05,"17,5",63,"10,4","0,74","9,39"
2026-09-26 06:06,"17,5",63,"10,4","0,74","9,39"
2026-09-26 06:07,"17,5",63,"10,4","0,74","9,39"
2026-09-26 06:08,"17,5",63,"10,4","0,74","9,39"
2026-09-26 06:09,"17,5",63,"10,4","0,74","9,39"
2026-09-26 06:10,"17,5",63,"10,4","0,74","9,39"
2026-09-26 06:11,"17,5",63,"10,4","0,74","9,39"
2026-09-26 06:12,"17,5",63,"10,4","0,74","9,39"
2026-09-26 06:13,"17,5",63,"10,4","0,74","9,39"
2026-09-26 06:14,"17,5",63,"10,4","0,74","9,39"
2026-09-26 06:15,"17,5",63,"10,4","0,74","9,39"
2026-09-26 06:16,"17,5",63,"10,4","0,74","9,39"
2026-09-26 06:17,"17,5",63,"10,4","0,74","9,39"
2026-09-26 06:18,"17,5",63,"10,4","0,74","9,39"
2026-09-26 06:19,"17,5",63,"10,4","0,74","9,39"
2026-09-26 06:20,"17,5",63,"10,4","0,74","9,39"
2026-09-26 06:21,"17,9",62,"10,5","0,78","9,47"
2026-09-26 06:22,"18,3",61,"10,6","0,82","9,54"
2026-09-26 06:23,"18,3",60,"10,4","0,84","9,41"
2026-09-26 06:24,"18,4",60,"10,5","0,85","9,44"
2026-09-26 06:25,"18,5",60,"10,5","0,85","9,47"
2026-09-26 06:26,"18,5",60,"10,6","0,85","9,49"
2026-09-26 06:27,"18,5",59,"10,4","0,88","9,36"
2026-09-26 06:28,"18,6",59,"10,4","0,88","9,39"
2026-09-26 06:29,"18,6",59,"10,4","0,88","9,39"
2026-09-26 06:30,"18,6",59,"10,4","0,88","9,39"
2026-09-26 06:31,"18,7",59,"10,5","0,88","9,42"
2026-09-26 06:32,"18,7",59,"10,5","0,88","9,45"
2026-09-26 06:33,"18,8",59,"10,6","0,89","9,47"
2026-09-26 06:34,"18,8",59,"10,6","0,89","9,50"
2026-09-26 06:35,"18,8",59,"10,6","0,89","9,50"
2026-09-26 06:36,"18,8",59,"10,6","0,89","9,50"
2026-09-26 06:37,"18,8",59,"10,7","0,89","9,53"
2026-09-26 06:38,"18,9",59,"10,7","0,90","9,56"
2026-09-26 06:39,"19,0",59,"10,8","0,90","9,59"
2026-09-26 06:40,"19,0",59,"10,8","0,90","9,61"
2026-09-26 06:41,"19,0",59,"10,8","0,90","9,64"
2026-09-26 06:42,"19,1",59,"10,9","0,91","9,67"
2026-09-26 06:43,"19,2",60,"11,2","0,89","9,86"
2026-09-26 06:44,"19,2",61,"11,5","0,87","10,06"
2026-09-26 06:45,"19,2",61,"11,5","0,87","10,06"
2026-09-26 06:46,"19,2",62,"11,7","0,85","10,22"
2026-09-26 06:47,"19,2",62,"11,7","0,85","10,22"
2026-09-26 06:48,"19,2",62,"11,7","0,85","10,22"
2026-09-26 06:49,"19,2",62,"11,7","0,85","10,22"
2026-09-26 06:50,"19,2",62,"11,7","0,85","10,22"
2026-09-26 06:51,"19,2",62,"11,7","0,85","10,22"
2026-09-26 06:52,"19,2",62,"11,7","0,85","10,22"
2026-09-26 06:53,"19,2",60,"11,2","0,89","9,89"
2026-09-26 06:54,"19,2",59,"11,0","0,91","9,73"
2026-09-26 06:55,"19,2",57,"10,4","0,95","9,37"
2026-09-26 06:56,"19,1",56,"10,1","0,97","9,18"
2026-09-26 06:57,"19,0",56,"10,1","0,97","9,15"
2026-09-26 06:58,"19,0",57,"10,3","0,94","9,29"
2026-09-26 06:59,"19,0",57,"10,3","0,94","9,29"
2026-09-26 07:00,"19,0",57,"10,3","0,94","9,29"
2026-09-26 07:01,"19,0",57,"10,3","0,94","9,29"
2026-09-26 07:02,"19,0",57,"10,3","0,94","9,29"
2026-09-26 07:03,"19,0",56,"10,0","0,97","9,13"
2026-09-26 07:04,"19,0",56,"10,0","0,97","9,13"
2026-09-26 07:05,"19,0",56,"10,0","0,96","9,10"
2026-09-26 07:06,"18,9",56,"9,9","0,96","9,07"
2026-09-26 07:07,"18,9",56,"9,9","0,96","9,07"
2026-09-26 07:08,"18,9",56,"9,9","0,96","9,07"
2026-09-26 07:11,"18,6",59,"10,4","0,88","9,39"
2026-09-26 07:12,"18,6",59,"10,4","0,88","9,39"
2026-09-26 07:13,"18,6",59,"10,4","0,88","9,39"
2026-09-26 07:14,"18,7",59,"10,5","0,88","9,42"
2026-09-26 07:15,"18,7",59,"10,5","0,88","9,45"
2026-09-26 07:16,"18,8",59,"10,6","0,89","9,47"
2026-09-26 07:17,"18,8",59,"10,6","0,89","9,50"
2026-09-26 07:18,"18,8",59,"10,6","0,89","9,50"
2026-09-26 07:19,"18,8",59,"10,6","0,89","9,50"
2026-09-26 07:20,"18,8",59,"10,7","0,89","9,53"
2026-09-26 07:21,"18,9",59,"10,7","0,90","9,56"
2026-09-26 07:22,"19,0",59,"10,8","0,90","9,59"
2026-09-26 07:23,"19,0",59,"10,8","0,90","9,61"
2026-09-26 07:24,"19,0",59,"10,8","0,90","9,64"
2026-09-26 07:25,"19,1",59,"10,9","0,91","9,67"
2026-09-26 07:26,"19,2",60,"11,2","0,89","9,86"
2026-09-26 07:27,"19,2",61,"11,5","0,87","10,06"
2026-09-26 07:28,"19,2",61,"11,5","0,87","10,06"
2026-09-26 07:29,"19,2",62,"11,7","0,85","10,22"
2026-09-26 07:30,"19,2",62,"11,7","0,85","10,22"
2026-09-26 07:31,"19,2",62,"11,7","0,85","10,22"
2026-09-26 07:32,"19,2",62,"11,7","0,85","10,22"
2026-09-26 07:33,"19,2",62,"11,7","0,85","10,22"
2026-09-26 07:34,"19,2",62,"11,7","0,85","10,22"
2026-09-26 07:35,"19,2",62,"11,7","0,85","10,22"
2026-09-26 07:36,"19,2",60,"11,2","0,89","9,89"
2026-09-26 07:37,"19,2",59,"11,0","0,91","9,73"
2026-09-26 07:38,"19,2",57,"10,4","0,95","9,37"
2026-09-26 07:39,"19,1",56,"10,1","0,97","9,18"
2026-09-26 07:40,"19,0",56,"10,1","0,97","9,15"
2026-09-26 07:41,"19,0",57,"10,3","0,94","9,29"
2026-09-26 07:42,"19,0",57,"10,3","0,94","9,29"
2026-09-26 07:43,"19,0",57,"10,3","0,94","9,29"
2026-09-26 07:44,"19,0",57,"10,3","0,94","9,29"
2026-09-26 07:45,"19,0",57,"10,3","0,94","9,29"
2026-09-26 07:46,"19,0",56,"10,0","0,97","9,13"
2026-09-26 07:47,"19,0",56,"10,0","0,97","9,13"
2026-09-26 07:48,"19,0",56,"10,0","0,96","9,10"
2026-09-26 07:49,"18,9",56,"9,9","0,96","9,07"
2026-09-26 07:50,"18,9",56,"9,9","0,96","9,07"
2026-09-26 07:51,"18,9",56,"9,9","0,96","9,07"
2026-09-26 07:52,"19,4",58,"10,9","0,95","9,68"
2026-09-26 07:53,"19,9",61,"12,2","0,91","10,48"
2026-09-26 07:54,"20,2",59,"11,9","0,97","10,32"
2026-09-26 07:55,"20,5",58,"11,9","1,01","10,32"
2026-09-26 07:56,"20,9",56,"11,7","1,08","10,17"
2026-09-26 07:57,"21,2",55,"11,8","1,13","10,19"
2026-09-26 07:58,"20,9",55,"11,5","1,11","10,02"
2026-09-26 07:59,"20,6",55,"11,2","1,09","9,84"
2026-09-26 08:00,"20,4",55,"11,1","1,08","9,73"
2026-09-26 08:01,"20,2",55,"10,9","1,07","9,62"
2026-09-26 08:02,"20,1",55,"10,8","1,06","9,56"
2026-09-26 08:03,"20,0",56,"11,0","1,03","9,68"
2026-09-26 08:04,"19,9",56,"10,9","1,02","9,62"
2026-09-26 08:05,"19,8",56,"10,8","1,02","9,57"
2026-09-26 08:06,"19,7",56,"10,7","1,01","9,51"
2026-09-26 08:07,"19,6",57,"10,8","0,98","9,62"
2026-09-26 08:08,"19,6",57,"10,8","0,98","9,62"
2026-09-26 08:09,"19,6",57,"10,8","0,98","9,62"
2026-09-26 08:10,"19,6",57,"10,8","0,98","9,62"
2026-09-26 08:11,"19,6",57,"10,8","0,98","9,62"
2026-09-26 08:12,"19,7",57,"10,9","0,98","9,65"
2026-09-26 08:13,"19,7",57,"10,9","0,99","9,68"
2026-09-26 08:14,"19,7",57,"10,9","0,99","9,68"
2026-09-26 08:15,"19,7",57,"10,9","0,99","9,68"
2026-09-26 08:16,"19,8",56,"10,7","1,01","9,54"
2026-09-26 08:17,"19,8",56,"10,8","1,02","9,57"
2026-09-26 08:18,"19,8",56,"10,8","1,02","9,59"
2026-09-26 08:19,"19,9",56,"10,9","1,02","9,62"
2026-09-26 08:20,"19,9",56,"10,9","1,02","9,62"
2026-09-26 08:21,"19,9",56,"10,9","1,02","9,62"
2026-09-26 08:22,"20,0",56,"10,9","1,03","9,65"
2026-09-26 08:23,"20,0",56,"11,0","1,03","9,68"
2026-09-26 08:24,"20,0",56,"11,0","1,03","9,68"
2026-09-26 08:25,"20,0",56,"11,0","1,03","9,68"
2026-09-26 08:26,"20,0",56,"11,0","1,03","9,71"
2026-09-26 08:27,"20,1",56,"11,0","1,04","9,73"
2026-09-26 08:28,"20,1",56,"11,0","1,04","9,73"
2026-09-26 08:29,"20,1",56,"11,0","1,04","9,73"
2026-09-26 08:30,"20,2",56,"11,1","1,04","9,76"
2026-09-26 08:31,"20,2",56,"11,1","1,04","9,79"
2026-09-26 08:32,"20,2",56,"11,1","1,04","9,79"
2026-09-26 08:33,"20,2",56,"11,1","1,04","9,79"
2026-09-26 08:34,"20,3",56,"11,2","1,04","9,82"
2026-09-26 08:35,"20,3",56,"11,2","1,05","9,85"
2026-09-26 08:36,"20,3",56,"11,3","1,05","9,88"
2026-09-26 08:37,"20,4",56,"11,3","1,05","9,91"
2026-09-26 08:38,"20,4",56,"11,3","1,05","9,91"
2026-09-26 08:39,"20,4",56,"11,3","1,05","9,91"
2026-09-26 08:40,"20,5",56,"11,4","1,06","9,94"
2026-09-26 08:41,"20,5",56,"11,4","1,06","9,96"
2026-09-26 08:42,"20,5",56,"11,4","1,06","9,96"
2026-09-26 08:43,"20,5",56,"11,4","1,06","9,96"
2026-09-26 08:44,"20,5",56,"11,5","1,06","9,99"
2026-09-26 08:45,"20,6",56,"11,5","1,07","10,02"
2026-09-26 08:46,"20,6",56,"11,5","1,07","10,02"
2026-09-26 08:47,"20,6",56,"11,5","1,07","10,02"
2026-09-26 08:48,"20,6",56,"11,5","1,07","10,02"
2026-09-26 08:49,"20,6",56,"11,5","1,07","10,02"
2026-09-26 08:50,"20,6",56,"11,5","1,07","10,02"
2026-09-26 08:51,"20,6",56,"11,5","1,07","10,02"
2026-09-26 08:52,"20,6",56,"11,5","1,07","10,02"
2026-09-26 08:53,"20,6",56,"11,5","1,07","10,02"
2026-09-26 08:54,"20,6",55,"11,2","1,09","9,84"
2026-09-26 08:55,"20,6",55,"11,2","1,09","9,84"
2026-09-26 08:56,"20,6",55,"11,2","1,09","9,84"
2026-09-26 08:57,"20,6",55,"11,2","1,09","9,84"
2026-09-26 08:58,"20,6",55,"11,2","1,09","9,84"
2026-09-26 08:59,"20,6",56,"11,5","1,07","10,02"
2026-09-26 09:00,"20,6",56,"11,5","1,07","10,02"
2026-09-26 09:01,"20,6",56,"11,5","1,07","10,02"
2026-09-26 09:02,"20,6",56,"11,5","1,07","10,02"
2026-09-26 09:03,"20,6",56,"11,5","1,07","10,02"
2026-09-26 09:04,"20,6",56,"11,5","1,07","10,02"
2026-09-26 09:05,"20,6",56,"11,5","1,07","10,02"
2026-09-26 09:06,"20,6",56,"11,5","1,07","10,02"
2026-09-26 09:07,"20,6",56,"11,5","1,07","10,02"
2026-09-26 09:08,"20,6",56,"11,5","1,07","10,02"
2026-09-26 09:09,"20,6",56,"11,5","1,07","10,02"
2026-09-26 09:10,"20,6",56,"11,5","1,07","10,02"
2026-09-26 09:11,"20,6",56,"11,5","1,07","10,02"
2026-09-26 09:12,"20,6",56,"11,5","1,07","10,02"
2026-09-26 09:13,"20,6",56,"11,5","1,07","10,02"
2026-09-26 09:14,"20,6",56,"11,5","1,07","10,02"
2026-09-26 09:15,"20,6",56,"11,5","1,07","10,02"
2026-09-26 09:16,"20,6",56,"11,5","1,07","10,02"
2026-09-26 09:17,"20,6",56,"11,5","1,07","10,02"
2026-09-26 09:18,"20,6",56,"11,5","1,07","10,02"
2026-09-26 09:19,"20,6",56,"11,5","1,07","10,02"
2026-09-26 09:20,"20,7",56,"11,6","1,07","10,05"
2026-09-26 09:21,"20,7",56,"11,6","1,07","10,08"
2026-09-26 09:22,"20,8",56,"11,7","1,08","10,11"
2026-09-26 09:23,"20,8",57,"12,0","1,06","10,32"
2026-09-26 09:24,"20,8",57,"12,0","1,06","10,32"
2026-09-26 09:25,"20,8",57,"12,0","1,06","10,32"
2026-09-26 09:26,"20,8",57,"12,0","1,06","10,35"
2026-09-26 09:27,"20,9",57,"12,1","1,06","10,38"
2026-09-26 09:28,"20,9",57,"12,1","1,06","10,38"
2026-09-26 09:29,"20,9",57,"12,1","1,06","10,38"
2026-09-26 09:30,"20,9",57,"12,1","1,06","10,38"
2026-09-26 09:31,"20,9",57,"12,1","1,06","10,38"
2026-09-26 09:32,"20,9",56,"11,8","1,09","10,20"
2026-09-26 09:33,"20,9",56,"11,8","1,09","10,20"
2026-09-26 09:34,"20,9",56,"11,8","1,09","10,20"
2026-09-26 09:35,"20,9",56,"11,8","1,09","10,20"
2026-09-26 09:36,"21,0",56,"11,8","1,09","10,23"
2026-09-26 09:37,"21,0",56,"11,9","1,09","10,26"
2026-09-26 09:38,"21,0",56,"11,9","1,09","10,26"
2026-09-26 09:39,"21,0",57,"12,2","1,07","10,44"
2026-09-26 09:40,"21,0",56,"11,9","1,09","10,26"
2026-09-26 09:41,"21,0",56,"11,9","1,09","10,26"
2026-09-26 09:42,"21,0",56,"11,9","1,09","10,26"
2026-09-26 09:43,"21,0",56,"11,9","1,09","10,26"
2026-09-26 09:44,"21,0",56,"11,9","1,09","10,26"
2026-09-26 09:45,"21,0",56,"11,9","1,09","10,26"
2026-09-26 09:46,"21,0",56,"11,9","1,09","10,26"
2026-09-26 09:47,"21,0",56,"11,9","1,09","10,26"
2026-09-26 09:48,"21,0",56,"11,9","1,09","10,26"
2026-09-26 09:49,"21,0",56,"11,9","1,09","10,26"
2026-09-26 09:50,"21,0",56,"11,9","1,09","10,26"
2026-09-26 09:51,"21,0",56,"11,9","1,09","10,26"
2026-09-26 09:52,"21,0",56,"11,9","1,09","10,26"
2026-09-26 09:53,"21,0",56,"11,9","1,09","10,26"
2026-09-26 09:54,"21,0",56,"11,9","1,09","10,26"
2026-09-26 09:55,"21,0",56,"11,9","1,09","10,26"
2026-09-26 09:56,"21,0",56,"11,9","1,09","10,26"
2026-09-26 09:57,"21,0",56,"11,9","1,09","10,26"
2026-09-26 09:58,"21,0",56,"11,9","1,09","10,26"
2026-09-26 09:59,"21,0",56,"11,9","1,09","10,26"
2026-09-26 10:00,"21,0",56,"11,8","1,09","10,23"
2026-09-26 10:01,"20,9",56,"11,8","1,09","10,20"
2026-09-26 10:02,"20,8",56,"11,7","1,08","10,17"
2026-09-26 10:03,"20,8",56,"11,7","1,08","10,14"
2026-09-26 10:04,"20,8",55,"11,4","1,10","9,93"
2026-09-26 10:05,"20,7",55,"11,3","1,10","9,90"
2026-09-26 10:06,"20,7",54,"11,0","1,12","9,69"
2026-09-26 10:07,"20,6",54,"11,0","1,12","9,66"
2026-09-26 10:08,"20,6",54,"11,0","1,12","9,66"
2026-09-26 10:09,"20,6",54,"11,0","1,12","9,66"
2026-09-26 10:10,"20,6",54,"11,0","1,12","9,66"
2026-09-26 10:11,"20,6",54,"11,0","1,12","9,66"
2026-09-26 10:12,"20,5",54,"10,9","1,11","9,64"
2026-09-26 10:13,"20,5",54,"10,9","1,11","9,61"
2026-09-26 10:14,"20,5",54,"10,9","1,11","9,61"
2026-09-26 10:15,"20,5",54,"10,9","1,11","9,61"
2026-09-26 10:16,"20,5",54,"10,9","1,11","9,61"
2026-09-26 10:17,"20,5",54,"10,9","1,11","9,61"
2026-09-26 10:18,"20,5",54,"10,9","1,11","9,61"
2026-09-26 10:19,"20,5",54,"10,9","1,11","9,61"
2026-09-26 10:20,"20,5",54,"10,9","1,11","9,61"
2026-09-26 10:21,"20,5",54,"10,9","1,11","9,61"
2026-09-26 10:22,"20,5",54,"10,9","1,11","9,61"
2026-09-26 10:23,"20,5",54,"10,9","1,11","9,61"
2026-09-26 10:24,"20,5",54,"10,9","1,11","9,61"
2026-09-26 10:25,"20,5",54,"10,9","1,11","9,61"
2026-09-26 10:26,"20,5",54,"10,9","1,11","9,64"
2026-09-26 10:27,"20,6",54,"11,0","1,12","9,66"
2026-09-26 10:28,"20,6",54,"11,0","1,12","9,66"
2026-09-26 10:29,"20,6",54,"11,0","1,12","9,66"
2026-09-26 10:30,"20,6",54,"11,0","1,12","9,66"
2026-09-26 10:31,"20,6",54,"11,0","1,12","9,66"
2026-09-26 10:32,"20,6",54,"11,0","1,12","9,66"
2026-09-26 10:33,"20,6",54,"11,0","1,12","9,66"
2026-09-26 10:34,"20,6",54,"11,0","1,12","9,66"
2026-09-26 10:35,"20,6",54,"11,0","1,12","9,66"
2026-09-26 10:36,"20,6",54,"11,0","1,12","9,66"
2026-09-26 10:37,"20,6",54,"11,0","1,12","9,66"
2026-09-26 10:38,"20,6",54,"11,0","1,12","9,66"
2026-09-26 10:39,"20,6",54,"11,0","1,12","9,66"
2026-09-26 10:40,"20,6",54,"11,0","1,12","9,66"
2026-09-26 10:41,"20,6",54,"11,0","1,12","9,66"
2026-09-26 10:42,"20,6",54,"11,0","1,12","9,66"
2026-09-26 10:43,"20,6",54,"11,0","1,12","9,66"
2026-09-26 10:44,"20,6",54,"11,0","1,12","9,66"
2026-09-26 10:45,"20,6",54,"11,0","1,12","9,66"
2026-09-26 10:46,"20,7",54,"11,0","1,12","9,69"
2026-09-26 10:47,"20,7",54,"11,1","1,12","9,72"
2026-09-26 10:48,"20,7",54,"11,1","1,12","9,72"
2026-09-26 10:49,"20,7",54,"11,1","1,12","9,72"
2026-09-26 10:50,"20,7",54,"11,1","1,12","9,72"
2026-09-26 10:51,"20,7",54,"11,1","1,12","9,72"
2026-09-26 10:52,"20,7",54,"11,1","1,12","9,72"
2026-09-26 10:53,"20,7",54,"11,1","1,12","9,72"
2026-09-26 10:54,"20,7",54,"11,1","1,12","9,72"
2026-09-26 10:55,"20,7",54,"11,1","1,12","9,72"
2026-09-26 10:56,"20,7",54,"11,1","1,12","9,72"
2026-09-26 10:57,"20,7",54,"11,1","1,12","9,72"
2026-09-26 10:58,"20,8",54,"11,1","1,13","9,75"
2026-09-26 10:59,"20,8",54,"11,1","1,13","9,78"
2026-09-26 11:00,"20,8",54,"11,1","1,13","9,78"
2026-09-26 11:01,"20,8",54,"11,1","1,13","9,78"
2026-09-26 11:02,"20,8",54,"11,1","1,13","9,78"
2026-09-26 11:03,"20,8",54,"11,1","1,13","9,78"
2026-09-26 11:04,"20,8",54,"11,1","1,13","9,78"
2026-09-26 11:05,"20,8",54,"11,1","1,13","9,78"
2026-09-26 11:06,"20,8",54,"11,1","1,13","9,78"
2026-09-26 11:07,"20,8",54,"11,1","1,13","9,78"
2026-09-26 11:08,"20,8",53,"10,9","1,15","9,60"
2026-09-26 11:09,"20,8",53,"10,9","1,15","9,60"
2026-09-26 11:10,"20,8",53,"10,9","1,15","9,60"
2026-09-26 11:11,"20,8",53,"10,9","1,15","9,60"
2026-09-26 11:12,"20,8",53,"10,8","1,15","9,57"
2026-09-26 11:13,"20,7",53,"10,8","1,15","9,54"
2026-09-26 11:14,"20,7",53,"10,8","1,15","9,54"
2026-09-26 11:15,"20,7",53,"10,8","1,15","9,54"
2026-09-26 11:16,"20,7",53,"10,8","1,15","9,54"
2026-09-26 11:17,"20,7",53,"10,8","1,15","9,54"
2026-09-26 11:18,"20,7",53,"10,8","1,15","9,54"
2026-09-26 11:19,"20,7",53,"10,8","1,15","9,54"
2026-09-26 11:20,"20,7",53,"10,8","1,15","9,54"
2026-09-26 11:21,"20,7",53,"10,8","1,15","9,54"
2026-09-26 11:22,"20,7",53,"10,8","1,15","9,54"
2026-09-26 11:23,"20,7",53,"10,8","1,15","9,54"
2026-09-26 11:24,"20,7",53,"10,8","1,15","9,54"
2026-09-26 11:25,"20,7",53,"10,8","1,15","9,54"
2026-09-26 11:26,"20,7",53,"10,8","1,15","9,54"
2026-09-26 11:27,"20,7",53,"10,8","1,15","9,54"
2026-09-26 11:28,"20,7",53,"10,8","1,15","9,54"
2026-09-26 11:29,"20,7",53,"10,8","1,15","9,54"
2026-09-26 11:30,"20,7",53,"10,8","1,15","9,54"
2026-09-26 11:31,"20,7",53,"10,8","1,15","9,54"
2026-09-26 11:32,"20,7",53,"10,8","1,15","9,54"
2026-09-26 11:33,"20,7",54,"11,1","1,12","9,72"
2026-09-26 11:34,"20,7",54,"11,1","1,12","9,72"
2026-09-26 11:35,"20,7",54,"11,1","1,12","9,72"
2026-09-26 11:36,"20,8",54,"11,1","1,13","9,75"
2026-09-26 11:37,"20,8",54,"11,1","1,13","9,78"
2026-09-26 11:38,"20,8",54,"11,1","1,13","9,78"
2026-09-26 11:39,"20,8",54,"11,1","1,13","9,78"
2026-09-26 11:40,"20,8",54,"11,1","1,13","9,78"
2026-09-26 11:41,"20,8",54,"11,1","1,13","9,78"
2026-09-26 11:42,"20,8",54,"11,2","1,13","9,81"
2026-09-26 11:43,"20,9",54,"11,2","1,14","9,83"
2026-09-26 11:44,"20,9",54,"11,2","1,14","9,83"
2026-09-26 11:45,"20,9",54,"11,2","1,14","9,83"
2026-09-26 11:46,"20,9",54,"11,2","1,14","9,83"
2026-09-26 11:47,"20,9",54,"11,2","1,14","9,83"
2026-09-26 11:48,"20,9",54,"11,2","1,14","9,83"
2026-09-26 11:49,"20,9",54,"11,2","1,14","9,83"
2026-09-26 11:50,"20,9",54,"11,2","1,14","9,83"
2026-09-26 11:51,"20,9",54,"11,2","1,14","9,83"
2026-09-26 11:52,"20,9",54,"11,2","1,14","9,83"
2026-09-26 11:53,"20,9",54,"11,2","1,14","9,83"
2026-09-26 11:54,"20,9",54,"11,2","1,14","9,83"
2026-09-26 11:55,"20,9",54,"11,2","1,14","9,83"
2026-09-26 11:56,"20,9",54,"11,2","1,14","9,83"
2026-09-26 11:57,"20,9",54,"11,2","1,14","9,83"
2026-09-26 11:58,"20,8",54,"11,2","1,13","9,81"
2026-09-26 11:59,"20,8",54,"11,1","1,13","9,78"
2026-09-26 12:00,"20,8",54,"11,1","1,13","9,78"
2026-09-26 12:01,"20,8",54,"11,1","1,13","9,78"
2026-09-26 12:02,"20,8",54,"11,1","1,13","9,78"
2026-09-26 12:03,"20,8",54,"11,1","1,13","9,78"
2026-09-26 12:04,"20,8",54,"11,1","1,13","9,78"
2026-09-26 12:05,"20,8",55,"11,4","1,11","9,96"
2026-09-26 12:06,"20,8",55,"11,4","1,11","9,96"
2026-09-26 12:07,"20,8",55,"11,4","1,11","9,96"
2026-09-26 12:08,"20,8",55,"11,4","1,11","9,96"
2026-09-26 12:09,"20,8",55,"11,4","1,11","9,96"
2026-09-26 12:10,"20,8",55,"11,4","1,11","9,96"
2026-09-26 12:11,"20,8",55,"11,4","1,11","9,96"
2026-09-26 12:12,"20,8",55,"11,4","1,10","9,93"
2026-09-26 12:13,"20,7",55,"11,3","1,10","9,90"
2026-09-26 12:14,"20,7",55,"11,3","1,10","9,90"
2026-09-26 12:15,"20,7",55,"11,3","1,10","9,90"
2026-09-26 12:16,"20,7",55,"11,3","1,10","9,90"
2026-09-26 12:17,"20,7",55,"11,3","1,10","9,90"
2026-09-26 12:18,"20,7",55,"11,3","1,10","9,90"
2026-09-26 12:19,"20,7",55,"11,3","1,10","9,90"
2026-09-26 12:20,"20,7",55,"11,3","1,10","9,90"
2026-09-26 12:21,"20,7",55,"11,3","1,10","9,90"
2026-09-26 12:22,"20,7",54,"11,1","1,12","9,72"
2026-09-26 12:23,"20,7",54,"11,1","1,12","9,72"
2026-09-26 12:24,"20,7",54,"11,1","1,12","9,72"
2026-09-26 12:25,"20,7",54,"11,1","1,12","9,72"
2026-09-26 12:26,"20,7",54,"11,1","1,12","9,72"
2026-09-26 12:27,"20,7",54,"11,1","1,12","9,72"
2026-09-26 12:28,"20,7",54,"11,1","1,12","9,72"
2026-09-26 12:29,"20,7",54,"11,1","1,12","9,72"
2026-09-26 12:30,"20,8",54,"11,1","1,13","9,75"
2026-09-26 12:31,"20,8",54,"11,1","1,13","9,78"
2026-09-26 12:32,"20,8",53,"10,9","1,15","9,60"
2026-09-26 12:33,"20,8",53,"10,9","1,15","9,60"
2026-09-26 12:34,"20,8",53,"10,9","1,15","9,60"
2026-09-26 12:35,"20,8",53,"10,9","1,15","9,60"
2026-09-26 12:36,"20,8",53,"10,9","1,16","9,62"
2026-09-26 12:37,"20,9",54,"11,2","1,14","9,83"
2026-09-26 12:38,"20,9",54,"11,2","1,14","9,83"
2026-09-26 12:39,"20,9",54,"11,2","1,14","9,83"
2026-09-26 12:40,"20,9",54,"11,2","1,14","9,83"
2026-09-26 12:41,"20,9",54,"11,2","1,14","9,83"
2026-09-26 12:42,"21,0",54,"11,3","1,14","9,86"
2026-09-26 12:43,"21,0",54,"11,3","1,14","9,89"
2026-09-26 12:44,"21,0",54,"11,3","1,14","9,89"
2026-09-26 12:45,"21,0",54,"11,3","1,14","9,89"
2026-09-26 12:46,"21,0",54,"11,3","1,14","9,89"
2026-09-26 12:47,"21,0",54,"11,3","1,14","9,89"
2026-09-26 12:48,"21,0",55,"11,7","1,12","10,10"
2026-09-26 12:49,"21,1",56,"12,0","1,10","10,32"
2026-09-26 12:50,"21,1",56,"12,0","1,10","10,32"
2026-09-26 12:51,"21,1",56,"12,0","1,10","10,32"
2026-09-26 12:52,"21,1",56,"12,0","1,10","10,32"
2026-09-26 12:53,"21,1",56,"12,0","1,10","10,32"
2026-09-26 12:54,"21,2",56,"12,0","1,10","10,35"
2026-09-26 12:55,"21,2",56,"12,1","1,11","10,38"
2026-09-26 12:56,"21,2",56,"12,1","1,11","10,38"
2026-09-26 12:57,"21,2",56,"12,1","1,11","10,38"
2026-09-26 12:58,"21,2",55,"11,8","1,13","10,19"
2026-09-26 12:59,"21,2",55,"11,8","1,13","10,19"
2026-09-26 13:00,"21,2",55,"11,8","1,13","10,19"
2026-09-26 13:01,"21,2",55,"11,8","1,13","10,19"
2026-09-26 13:02,"21,3",54,"11,6","1,16","10,04"
2026-09-26 13:03,"21,3",54,"11,6","1,17","10,07"
2026-09-26 13:04,"21,3",54,"11,6","1,17","10,07"
2026-09-26 13:05,"21,3",54,"11,6","1,17","10,07"
2026-09-26 13:06,"21,3",54,"11,6","1,17","10,07"
2026-09-26 13:07,"21,3",54,"11,6","1,17","10,07"
2026-09-26 13:08,"21,3",53,"11,3","1,19","9,88"
2026-09-26 13:09,"21,3",53,"11,3","1,19","9,88"
2026-09-26 13:10,"21,3",53,"11,3","1,19","9,88"
2026-09-26 13:11,"21,3",53,"11,3","1,19","9,88"
2026-09-26 13:12,"21,3",53,"11,3","1,19","9,88"
2026-09-26 13:13,"21,3",53,"11,3","1,19","9,88"
2026-09-26 13:14,"21,3",53,"11,3","1,19","9,88"
2026-09-26 13:15,"21,3",54,"11,6","1,17","10,07"
2026-09-26 13:16,"21,3",54,"11,7","1,17","10,09"
2026-09-26 13:17,"21,4",54,"11,7","1,17","10,12"
2026-09-26 13:18,"21,4",54,"11,7","1,17","10,12"
2026-09-26 13:19,"21,4",54,"11,7","1,17","10,12"
2026-09-26 13:20,"21,3",53,"11,4","1,19","9,91"
2026-09-26 13:21,"21,3",52,"11,0","1,22","9,69"
2026-09-26 13:22,"21,3",52,"11,0","1,22","9,69"
2026-09-26 13:23,"21,3",52,"11,0","1,22","9,69"
2026-09-26 13:24,"21,3",52,"11,0","1,22","9,69"
2026-09-26 13:25,"21,3",52,"11,0","1,22","9,69"
2026-09-26 13:26,"21,3",53,"11,4","1,19","9,91"
2026-09-26 13:27,"21,4",54,"11,7","1,17","10,12"
2026-09-26 13:28,"21,4",54,"11,7","1,17","10,12"
2026-09-26 13:29,"21,4",54,"11,7","1,17","10,12"
2026-09-26 13:30,"21,4",53,"11,4","1,20","9,94"
2026-09-26 13:31,"21,4",53,"11,4","1,20","9,94"
2026-09-26 13:32,"21,4",53,"11,4","1,20","9,94"
2026-09-26 13:33,"21,4",53,"11,4","1,20","9,94"
2026-09-26 13:34,"21,4",52,"11,1","1,22","9,75"
2026-09-26 13:35,"21,4",52,"11,1","1,22","9,75"
2026-09-26 13:36,"21,4",52,"11,1","1,22","9,75"
2026-09-26 13:37,"21,4",52,"11,1","1,22","9,75"
2026-09-26 13:38,"21,4",52,"11,1","1,22","9,75"
2026-09-26 13:39,"21,4",52,"11,1","1,22","9,75"
2026-09-26 13:40,"21,4",52,"11,1","1,22","9,75"
2026-09-26 13:41,"21,4",52,"11,1","1,22","9,75"
2026-09-26 13:42,"21,4",52,"11,1","1,22","9,75"
2026-09-26 13:43,"21,4",52,"11,1","1,22","9,75"
2026-09-26 13:44,"21,4",52,"11,1","1,22","9,75"
2026-09-26 13:45,"21,4",52,"11,1","1,22","9,75"
2026-09-26 13:46,"21,4",52,"11,1","1,22","9,75"
2026-09-26 13:47,"21,4",52,"11,1","1,22","9,75"
2026-09-26 13:48,"21,3",52,"11,1","1,22","9,72"
2026-09-26 13:49,"21,3",52,"11,0","1,22","9,69"
2026-09-26 13:50,"21,3",52,"11,0","1,22","9,69"
2026-09-26 13:51,"21,3",52,"11,0","1,22","9,69"
2026-09-26 13:52,"21,3",52,"11,0","1,22","9,69"
2026-09-26 13:53,"21,3",52,"11,0","1,22","9,69"
2026-09-26 13:54,"21,3",52,"11,0","1,22","9,69"
2026-09-26 13:55,"21,3",52,"11,0","1,22","9,69"
2026-09-26 13:56,"21,3",52,"11,0","1,21","9,66"
2026-09-26 13:57,"21,2",52,"10,9","1,21","9,64"
2026-09-26 13:58,"21,2",52,"10,9","1,21","9,64"
2026-09-26 13:59,"21,2",52,"10,9","1,21","9,64"
2026-09-26 14:00,"21,2",52,"10,9","1,20","9,61"
2026-09-26 14:01,"21,1",52,"10,9","1,20","9,58"
2026-09-26 14:02,"21,1",51,"10,6","1,23","9,40"
2026-09-26 14:03,"21,1",51,"10,6","1,23","9,40"
2026-09-26 14:04,"21,1",51,"10,6","1,23","9,40"
2026-09-26 14:05,"21,1",51,"10,6","1,23","9,40"
2026-09-26 14:06,"21,0",51,"10,5","1,22","9,37"
2026-09-26 14:07,"21,0",51,"10,5","1,22","9,34"
2026-09-26 14:08,"21,0",51,"10,5","1,22","9,34"
2026-09-26 14:09,"21,0",51,"10,5","1,22","9,34"
2026-09-26 14:10,"21,0",51,"10,5","1,22","9,34"
2026-09-26 14:11,"21,0",51,"10,5","1,22","9,34"
2026-09-26 14:12,"21,0",51,"10,4","1,21","9,32"
2026-09-26 14:13,"20,9",51,"10,4","1,21","9,29"
2026-09-26 14:14,"20,9",51,"10,4","1,21","9,29"
2026-09-26 14:15,"20,9",51,"10,4","1,21","9,29"
2026-09-26 14:16,"20,9",51,"10,4","1,21","9,29"
2026-09-26 14:17,"20,9",51,"10,4","1,21","9,29"
2026-09-26 14:18,"20,8",51,"10,3","1,21","9,26"
2026-09-26 14:19,"20,8",51,"10,3","1,20","9,23"
2026-09-26 14:20,"20,8",51,"10,3","1,20","9,23"
2026-09-26 14:21,"20,8",51,"10,3","1,20","9,23"
2026-09-26 14:22,"20,8",50,"10,0","1,23","9,05"
2026-09-26 14:23,"20,8",49,"9,7","1,25","8,87"
2026-09-26 14:24,"20,8",49,"9,7","1,25","8,87"
2026-09-26 14:25,"20,8",50,"10,0","1,23","9,05"
2026-09-26 14:26,"20,8",50,"9,9","1,22","9,03"
2026-09-26 14:27,"20,7",50,"9,9","1,22","9,00"
2026-09-26 14:28,"20,7",50,"9,9","1,22","9,00"
2026-09-26 14:29,"20,7",50,"9,9","1,22","9,00"
2026-09-26 14:30,"20,7",50,"9,9","1,22","9,00"
2026-09-26 14:31,"20,7",50,"9,9","1,22","9,00"
2026-09-26 14:32,"20,7",50,"9,9","1,22","9,00"
2026-09-26 14:33,"20,7",50,"9,9","1,22","9,00"
2026-09-26 14:34,"20,7",49,"9,6","1,25","8,82"
2026-09-26 14:35,"20,7",49,"9,6","1,25","8,82"
2026-09-26 14:36,"20,7",49,"9,6","1,24","8,80"
2026-09-26 14:37,"20,6",49,"9,5","1,24","8,77"
2026-09-26 14:38,"20,6",49,"9,5","1,24","8,77"
2026-09-26 14:39,"20,6",49,"9,5","1,24","8,77"
2026-09-26 14:40,"20,6",49,"9,5","1,24","8,77"
2026-09-26 14:41,"20,6",49,"9,5","1,24","8,77"
2026-09-26 14:42,"20,6",49,"9,5","1,24","8,77"
2026-09-26 14:43,"20,6",49,"9,5","1,24","8,77"
2026-09-26 14:44,"20,6",49,"9,5","1,24","8,77"
2026-09-26 14:45,"20,6",49,"9,5","1,24","8,77"
2026-09-26 14:46,"20,6",49,"9,5","1,24","8,77"
2026-09-26 14:47,"20,6",49,"9,5","1,24","8,77"
2026-09-26 14:48,"20,6",49,"9,5","1,24","8,77"
2026-09-26 14:49,"20,6",49,"9,5","1,24","8,77"
2026-09-26 14:50,"20,7",49,"9,6","1,24","8,80"
2026-09-26 14:51,"20,7",49,"9,6","1,25","8,82"
2026-09-26 14:52,"20,7",49,"9,6","1,25","8,82"
2026-09-26 14:53,"20,7",49,"9,6","1,25","8,82"
2026-09-26 14:54,"20,7",49,"9,6","1,25","8,82"
2026-09-26 14:55,"20,7",49,"9,6","1,25","8,82"
2026-09-26 14:56,"20,7",49,"9,6","1,25","8,82"
2026-09-26 14:57,"20,7",49,"9,6","1,25","8,82"
2026-09-26 14:58,"20,7",49,"9,6","1,25","8,82"
2026-09-26 14:59,"20,7",49,"9,6","1,25","8,82"
2026-09-26 15:00,"20,7",49,"9,6","1,25","8,82"
2026-09-26 15:01,"20,7",49,"9,6","1,25","8,82"
2026-09-26 15:02,"20,7",49,"9,6","1,25","8,82"
2026-09-26 15:03,"20,7",49,"9,6","1,25","8,82"
2026-09-26 15:04,"20,7",49,"9,6","1,25","8,82"
2026-09-26 15:05,"20,7",49,"9,6","1,25","8,82"
2026-09-26 15:06,"20,7",49,"9,6","1,25","8,82"
2026-09-26 15:07,"20,7",49,"9,6","1,25","8,82"
2026-09-26 15:08,"20,7",49,"9,6","1,25","8,82"
2026-09-26 15:09,"20,7",49,"9,6","1,25","8,82"
2026-09-26 15:10,"20,7",49,"9,6","1,25","8,82"
2026-09-26 15:11,"20,7",49,"9,6","1,25","8,82"
2026-09-26 15:12,"20,7",49,"9,6","1,25","8,82"
2026-09-26 15:13,"20,7",49,"9,6","1,25","8,82"
2026-09-26 15:14,"20,8",49,"9,6","1,25","8,85"
2026-09-26 15:15,"20,8",50,"10,0","1,23","9,05"
2026-09-26 15:16,"20,8",50,"10,0","1,23","9,05"
2026-09-26 15:17,"20,8",50,"10,0","1,23","9,05"
2026-09-26 15:18,"20,8",50,"10,0","1,23","9,05"
2026-09-26 15:19,"20,8",50,"10,0","1,23","9,05"
2026-09-26 15:20,"20,8",50,"10,0","1,23","9,08"
2026-09-26 15:21,"20,9",50,"10,1","1,24","9,11"
2026-09-26 15:22,"20,9",50,"10,1","1,24","9,11"
2026-09-26 15:23,"20,9",50,"10,1","1,24","9,11"
2026-09-26 15:24,"20,9",50,"10,1","1,24","9,11"
2026-09-26 15:25,"20,9",50,"10,1","1,24","9,11"
2026-09-26 15:26,"20,9",50,"10,1","1,24","9,11"
2026-09-26 15:27,"20,9",50,"10,1","1,24","9,11"
2026-09-26 15:28,"20,9",50,"10,1","1,24","9,11"
2026-09-26 15:29,"20,9",50,"10,1","1,24","9,11"
2026-09-26 15:30,"20,8",50,"10,0","1,23","9,08"
2026-09-26 15:31,"20,8",50,"10,0","1,23","9,05"
2026-09-26 15:32,"20,8",49,"9,7","1,25","8,87"
2026-09-26 15:33,"20,8",49,"9,7","1,25","8,87"
2026-09-26 15:34,"20,8",49,"9,7","1,25","8,87"
2026-09-26 15:35,"20,8",49,"9,7","1,25","8,87"
2026-09-26 15:36,"20,8",49,"9,7","1,25","8,87"
2026-09-26 15:37,"20,8",49,"9,7","1,25","8,87"
2026-09-26 15:38,"20,8",48,"9,3","1,27","8,67"
2026-09-26 15:39,"20,7",48,"9,3","1,27","8,64"
2026-09-26 15:40,"20,7",48,"9,3","1,27","8,64"
2026-09-26 15:41,"20,7",48,"9,3","1,27","8,64"
2026-09-26 15:42,"20,7",48,"9,3","1,27","8,64"
2026-09-26 15:43,"20,7",49,"9,6","1,25","8,82"
2026-09-26 15:44,"20,7",49,"9,6","1,25","8,82"
2026-09-26 15:45,"20,7",49,"9,6","1,25","8,82"
2026-09-26 15:46,"20,7",49,"9,6","1,25","8,82"
2026-09-26 15:47,"20,7",49,"9,6","1,25","8,82"
2026-09-26 15:48,"20,7",49,"9,6","1,25","8,82"
2026-09-26 15:49,"20,7",49,"9,6","1,25","8,82"
2026-09-26 15:50,"20,7",49,"9,6","1,25","8,82"
2026-09-26 15:51,"20,7",49,"9,6","1,25","8,82"
2026-09-26 15:52,"20,7",49,"9,6","1,25","8,82"
2026-09-26 15:53,"20,7",49,"9,6","1,25","8,82"
2026-09-26 15:54,"20,7",49,"9,6","1,25","8,82"
2026-09-26 15:55,"20,7",49,"9,6","1,25","8,82"
2026-09-26 15:56,"20,7",49,"9,6","1,25","8,82"
2026-09-26 15:57,"20,7",49,"9,6","1,25","8,82"
2026-09-26 15:58,"20,7",49,"9,6","1,25","8,82"
2026-09-26 15:59,"20,7",49,"9,6","1,25","8,82"
2026-09-26 16:00,"20,7",49,"9,6","1,25","8,82"
2026-09-26 16:01,"20,7",49,"9,6","1,25","8,82"
2026-09-26 16:02,"20,7",49,"9,6","1,25","8,82"
2026-09-26 16:03,"20,7",50,"9,9","1,22","9,00"
2026-09-26 16:04,"20,7",50,"9,9","1,22","9,00"
2026-09-26 16:05,"20,7",50,"9,9","1,22","9,00"
2026-09-26 16:06,"20,7",50,"9,9","1,22","9,00"
2026-09-26 16:07,"20,7",50,"9,9","1,22","9,00"
2026-09-26 16:08,"20,7",50,"9,9","1,22","9,00"
2026-09-26 16:09,"20,7",50,"9,9","1,22","9,00"
2026-09-26 16:10,"20,7",50,"9,9","1,22","9,00"
2026-09-26 16:11,"20,7",50,"9,9","1,22","9,00"
2026-09-26 16:12,"20,8",50,"9,9","1,22","9,03"
2026-09-26 16:13,"20,8",50,"10,0","1,23","9,05"
2026-09-26 16:14,"20,8",50,"10,0","1,23","9,05"
2026-09-26 16:15,"20,8",50,"10,0","1,23","9,05"
2026-09-26 16:16,"20,8",50,"10,0","1,23","9,05"
2026-09-26 16:17,"20,8",50,"10,0","1,23","9,05"
2026-09-26 16:18,"20,8",50,"10,0","1,23","9,05"
2026-09-26 16:19,"20,8",50,"10,0","1,23","9,05"
2026-09-26 16:20,"20,8",50,"10,0","1,23","9,05"
2026-09-26 16:21,"20,8",50,"10,0","1,23","9,05"
2026-09-26 16:22,"20,8",50,"10,0","1,23","9,08"
2026-09-26 16:23,"20,9",50,"10,1","1,24","9,11"
2026-09-26 16:24,"20,9",50,"10,1","1,24","9,11"
2026-09-26 16:25,"20,9",50,"10,1","1,24","9,11"
2026-09-26 16:26,"20,9",50,"10,1","1,24","9,11"
2026-09-26 16:27,"20,9",50,"10,1","1,24","9,11"
2026-09-26 16:28,"20,9",50,"10,1","1,24","9,11"
2026-09-26 16:29,"20,9",50,"10,1","1,24","9,11"
2026-09-26 16:30,"20,9",50,"10,1","1,24","9,11"
2026-09-26 16:31,"20,9",50,"10,1","1,24","9,11"
2026-09-26 16:32,"20,9",50,"10,1","1,24","9,11"
2026-09-26 16:33,"20,9",50,"10,1","1,24","9,11"
2026-09-26 16:34,"20,9",50,"10,1","1,24","9,11"
2026-09-26 16:35,"20,9",50,"10,1","1,24","9,11"
2026-09-26 16:36,"20,9",50,"10,1","1,24","9,11"
2026-09-26 16:37,"20,9",50,"10,1","1,24","9,11"
2026-09-26 16:38,"20,9",50,"10,1","1,24","9,11"
2026-09-26 16:39,"20,9",50,"10,1","1,24","9,11"
2026-09-26 16:40,"20,9",50,"10,1","1,24","9,11"
2026-09-26 16:41,"20,9",50,"10,1","1,24","9,11"
2026-09-26 16:42,"20,9",50,"10,1","1,24","9,11"
2026-09-26 16:43,"20,9",50,"10,1","1,24","9,11"
2026-09-26 16:44,"20,9",50,"10,1","1,24","9,11"
2026-09-26 16:45,"20,9",50,"10,1","1,24","9,11"
2026-09-26 16:46,"21,0",50,"10,1","1,24","9,13"
2026-09-26 16:47,"21,0",50,"10,2","1,24","9,16"
2026-09-26 16:48,"21,0",50,"10,2","1,24","9,16"
2026-09-26 16:49,"21,0",50,"10,2","1,24","9,16"
2026-09-26 16:50,"21,0",49,"9,8","1,26","8,95"
2026-09-26 16:51,"20,9",48,"9,5","1,29","8,74"
2026-09-26 16:52,"20,9",48,"9,5","1,29","8,74"
2026-09-26 16:53,"20,9",48,"9,5","1,29","8,74"
2026-09-26 16:54,"20,9",48,"9,5","1,29","8,74"
2026-09-26 16:55,"20,9",49,"9,8","1,26","8,92"
2026-09-26 16:56,"20,9",49,"9,8","1,26","8,92"
2026-09-26 16:57,"20,9",49,"9,8","1,26","8,92"
2026-09-26 16:58,"20,9",49,"9,8","1,26","8,92"
2026-09-26 16:59,"20,9",49,"9,8","1,26","8,92"
2026-09-26 17:00,"20,9",49,"9,8","1,26","8,92"
2026-09-26 17:01,"20,9",50,"10,1","1,24","9,11"
2026-09-26 17:02,"20,9",50,"10,1","1,24","9,11"
2026-09-26 17:03,"20,9",50,"10,1","1,24","9,11"
2026-09-26 17:04,"20,9",50,"10,1","1,24","9,11"
2026-09-26 17:05,"20,9",50,"10,1","1,24","9,11"
2026-09-26 17:06,"20,9",50,"10,1","1,24","9,11"
2026-09-26 17:07,"20,9",50,"10,1","1,24","9,11"
2026-09-26 17:08,"20,8",50,"10,0","1,23","9,08"
2026-09-26 17:09,"20,8",50,"10,0","1,23","9,05"
2026-09-26 17:10,"20,8",50,"10,0","1,23","9,05"
2026-09-26 17:11,"20,8",50,"10,0","1,23","9,05"
2026-09-26 17:12,"20,8",50,"10,0","1,23","9,05"
2026-09-26 17:13,"20,8",50,"10,0","1,23","9,05"
2026-09-26 17:14,"20,8",50,"10,0","1,23","9,05"
2026-09-26 17:15,"20,8",50,"10,0","1,23","9,05"
2026-09-26 17:16,"20,8",50,"10,0","1,23","9,05"
2026-09-26 17:17,"20,8",50,"10,0","1,23","9,05"
2026-09-26 17:18,"20,8",50,"10,0","1,23","9,05"
2026-09-26 17:19,"20,8",50,"10,0","1,23","9,05"
2026-09-26 17:20,"20,8",50,"10,0","1,23","9,05"
2026-09-26 17:21,"20,8",50,"10,0","1,23","9,05"
2026-09-26 17:22,"20,8",50,"10,0","1,23","9,05"
2026-09-26 17:23,"20,8",50,"10,0","1,23","9,05"
2026-09-26 17:24,"20,8",50,"10,0","1,23","9,05"
2026-09-26 17:25,"20,8",50,"10,0","1,23","9,05"
2026-09-26 17:26,"20,8",50,"10,0","1,23","9,05"
2026-09-26 17:27,"20,8",50,"10,0","1,23","9,05"
2026-09-26 17:28,"20,8",50,"10,0","1,23","9,08"
2026-09-26 17:29,"20,9",50,"10,1","1,24","9,11"
2026-09-26 17:30,"20,9",50,"10,1","1,24","9,11"
2026-09-26 17:31,"20,9",50,"10,1","1,24","9,11"
2026-09-26 17:32,"20,9",50,"10,1","1,24","9,11"
2026-09-26 17:33,"20,9",50,"10,1","1,24","9,11"
2026-09-26 17:34,"20,9",50,"10,1","1,24","9,11"
2026-09-26 17:35,"20,9",50,"10,1","1,24","9,11"
2026-09-26 17:36,"20,9",50,"10,1","1,24","9,11"
2026-09-26 17:37,"20,9",50,"10,1","1,24","9,11"
2026-09-26 17:38,"20,9",50,"10,1","1,24","9,11"
2026-09-26 17:39,"20,9",51,"10,4","1,21","9,29"
2026-09-26 17:40,"20,9",50,"10,1","1,24","9,11"
2026-09-26 17:41,"20,9",50,"10,1","1,24","9,11"
2026-09-26 17:42,"20,9",50,"10,1","1,24","9,11"
2026-09-26 17:43,"20,9",50,"10,1","1,24","9,11"
2026-09-26 17:44,"20,9",50,"10,1","1,24","9,11"
2026-09-26 17:45,"20,9",50,"10,1","1,24","9,11"
2026-09-26 17:46,"21,0",50,"10,1","1,24","9,13"
2026-09-26 17:47,"21,0",50,"10,2","1,24","9,16"
2026-09-26 17:48,"21,0",50,"10,2","1,24","9,16"
2026-09-26 17:49,"21,0",50,"10,2","1,24","9,16"
2026-09-26 17:50,"21,0",50,"10,2","1,24","9,16"
2026-09-26 17:51,"21,0",50,"10,2","1,24","9,16"
2026-09-26 17:52,"21,0",50,"10,2","1,24","9,16"
2026-09-26 17:53,"21,0",50,"10,2","1,24","9,16"
2026-09-26 17:54,"21,0",50,"10,1","1,24","9,13"
2026-09-26 17:55,"20,9",50,"10,1","1,24","9,11"
2026-09-26 17:56,"20,9",50,"10,1","1,24","9,11"
2026-09-26 17:57,"20,9",50,"10,1","1,24","9,11"
2026-09-26 17:58,"20,9",50,"10,1","1,24","9,11"
2026-09-26 17:59,"20,9",50,"10,1","1,24","9,11"
2026-09-26 18:00,"20,9",50,"10,1","1,24","9,11"
2026-09-26 18:01,"20,9",50,"10,1","1,24","9,11"
2026-09-26 18:02,"20,9",50,"10,1","1,24","9,11"
2026-09-26 18:03,"20,9",50,"10,1","1,24","9,11"
2026-09-26 18:04,"20,8",50,"10,0","1,23","9,08"
2026-09-26 18:05,"20,8",50,"10,0","1,23","9,05"
2026-09-26 18:06,"20,8",50,"10,0","1,23","9,05"
2026-09-26 18:07,"20,8",50,"10,0","1,23","9,05"
2026-09-26 18:08,"20,8",50,"10,0","1,23","9,05"
2026-09-26 18:09,"20,8",50,"10,0","1,23","9,05"
2026-09-26 18:10,"20,8",50,"10,0","1,23","9,05"
2026-09-26 18:11,"20,8",50,"10,0","1,23","9,05"
2026-09-26 18:12,"20,8",50,"9,9","1,22","9,03"
2026-09-26 18:13,"20,7",50,"9,9","1,22","9,00"
2026-09-26 18:14,"20,7",50,"9,9","1,22","9,00"
2026-09-26 18:15,"20,7",50,"9,9","1,22","9,00"
2026-09-26 18:16,"20,7",49,"9,6","1,25","8,82"
2026-09-26 18:17,"20,7",49,"9,6","1,25","8,82"
2026-09-26 18:18,"20,7",49,"9,6","1,24","8,80"
2026-09-26 18:19,"20,6",49,"9,5","1,24","8,77"
2026-09-26 18:20,"20,6",49,"9,5","1,24","8,77"
2026-09-26 18:21,"20,6",49,"9,5","1,24","8,77"
2026-09-26 18:22,"20,5",49,"9,5","1,23","8,74"
2026-09-26 18:23,"20,5",49,"9,4","1,23","8,72"
2026-09-26 18:24,"20,5",49,"9,4","1,23","8,72"
2026-09-26 18:25,"20,5",49,"9,4","1,23","8,72"
2026-09-26 18:26,"20,5",49,"9,4","1,23","8,72"
2026-09-26 18:27,"20,5",49,"9,4","1,23","8,72"
2026-09-26 18:28,"20,5",49,"9,4","1,23","8,72"
2026-09-26 18:29,"20,5",49,"9,4","1,23","8,72"
2026-09-26 18:30,"20,5",49,"9,4","1,23","8,69"
2026-09-26 18:31,"20,4",49,"9,3","1,22","8,67"
2026-09-26 18:32,"20,4",49,"9,3","1,22","8,67"
2026-09-26 18:33,"20,4",49,"9,3","1,22","8,67"
2026-09-26 18:34,"20,4",49,"9,3","1,22","8,67"
2026-09-26 18:35,"20,4",49,"9,3","1,22","8,67"
2026-09-26 18:36,"20,4",49,"9,3","1,22","8,67"
2026-09-26 18:37,"20,4",49,"9,3","1,22","8,67"
2026-09-26 18:38,"20,4",49,"9,3","1,22","8,67"
2026-09-26 18:39,"20,4",49,"9,3","1,22","8,67"
2026-09-26 18:40,"20,4",49,"9,3","1,22","8,67"
2026-09-26 18:41,"20,4",49,"9,3","1,22","8,67"
2026-09-26 18:42,"20,4",49,"9,3","1,22","8,67"
2026-09-26 18:43,"20,4",49,"9,3","1,22","8,67"
2026-09-26 18:44,"20,4",49,"9,3","1,22","8,67"
2026-09-26 18:45,"20,4",49,"9,3","1,22","8,67"
2026-09-26 18:46,"20,4",49,"9,3","1,22","8,67"
2026-09-26 18:47,"20,4",49,"9,3","1,22","8,67"
2026-09-26 18:48,"20,4",49,"9,3","1,22","8,67"
2026-09-26 18:49,"20,4",49,"9,3","1,22","8,67"
2026-09-26 18:50,"20,4",49,"9,3","1,22","8,67"
2026-09-26 18:51,"20,4",49,"9,3","1,22","8,67"
2026-09-26 18:52,"20,4",49,"9,3","1,22","8,67"
2026-09-26 18:53,"20,4",50,"9,6","1,20","8,85"
2026-09-26 18:54,"20,4",50,"9,6","1,20","8,85"
2026-09-26 18:55,"20,4",50,"9,6","1,20","8,85"
2026-09-26 18:56,"20,4",50,"9,6","1,20","8,85"
2026-09-26 18:57,"20,4",50,"9,6","1,20","8,85"
2026-09-26 18:58,"20,4",50,"9,6","1,20","8,85"
2026-09-26 18:59,"20,4",50,"9,6","1,20","8,85"
2026-09-26 19:00,"20,4",50,"9,6","1,20","8,85"
2026-09-26 19:01,"20,4",50,"9,6","1,20","8,85"
2026-09-26 19:02,"20,4",50,"9,6","1,20","8,85"
2026-09-26 19:03,"20,4",51,"9,9","1,17","9,02"
2026-09-26 19:04,"20,4",51,"9,9","1,17","9,02"
2026-09-26 19:05,"20,4",51,"9,9","1,17","9,02"
2026-09-26 19:06,"20,4",52,"10,2","1,15","9,20"
2026-09-26 19:07,"20,4",53,"10,5","1,13","9,38"
2026-09-26 19:08,"20,4",53,"10,5","1,13","9,38"
2026-09-26 19:09,"20,4",53,"10,5","1,13","9,38"
2026-09-26 19:10,"20,4",53,"10,5","1,13","9,38"
2026-09-26 19:11,"20,4",53,"10,5","1,13","9,38"
2026-09-26 19:12,"20,4",53,"10,5","1,13","9,38"
2026-09-26 19:13,"20,4",53,"10,5","1,13","9,38"
2026-09-26 19:14,"20,4",53,"10,5","1,13","9,38"
2026-09-26 19:15,"20,4",53,"10,5","1,13","9,38"
2026-09-26 19:16,"20,4",53,"10,5","1,13","9,38"
2026-09-26 19:17,"20,4",53,"10,5","1,13","9,38"
2026-09-26 19:18,"20,4",53,"10,5","1,13","9,38"
2026-09-26 19:19,"20,4",53,"10,5","1,13","9,38"
2026-09-26 19:20,"20,4",53,"10,5","1,13","9,38"
2026-09-26 19:21,"20,4",53,"10,5","1,13","9,38"
2026-09-26 19:22,"20,4",53,"10,5","1,13","9,38"
2026-09-26 19:23,"20,4",53,"10,5","1,13","9,38"
2026-09-26 19:24,"20,4",53,"10,5","1,13","9,38"
2026-09-26 19:25,"20,4",53,"10,5","1,13","9,38"
2026-09-26 19:26,"20,4",53,"10,5","1,13","9,38"
2026-09-26 19:27,"20,4",53,"10,5","1,13","9,38"
2026-09-26 19:28,"20,5",53,"10,5","1,13","9,40"
2026-09-26 19:29,"20,5",53,"10,6","1,13","9,43"
2026-09-26 19:30,"20,5",53,"10,6","1,13","9,43"
2026-09-26 19:31,"20,5",53,"10,6","1,13","9,43"
2026-09-26 19:32,"20,5",53,"10,5","1,13","9,40"
2026-09-26 19:33,"20,4",53,"10,5","1,13","9,38"
2026-09-26 19:34,"20,3",53,"10,4","1,12","9,35"
2026-09-26 19:35,"20,3",53,"10,4","1,12","9,32"
2026-09-26 19:36,"20,3",53,"10,4","1,12","9,32"
2026-09-26 19:37,"20,3",53,"10,4","1,12","9,32"
2026-09-26 19:38,"20,3",53,"10,4","1,12","9,32"
2026-09-26 19:39,"20,3",53,"10,4","1,12","9,32"
2026-09-26 19:40,"20,3",53,"10,4","1,12","9,32"
2026-09-26 19:41,"20,3",53,"10,4","1,12","9,32"
2026-09-26 19:42,"20,3",53,"10,4","1,12","9,32"
2026-09-26 19:43,"20,3",53,"10,4","1,12","9,32"
2026-09-26 19:44,"20,3",53,"10,4","1,12","9,32"
2026-09-26 19:45,"20,3",53,"10,4","1,12","9,32"
2026-09-26 19:46,"20,3",53,"10,4","1,12","9,35"
2026-09-26 19:47,"20,4",54,"10,8","1,10","9,55"
2026-09-26 19:48,"20,4",54,"10,8","1,10","9,55"
2026-09-26 19:49,"20,4",54,"10,8","1,10","9,55"
2026-09-26 19:50,"20,4",54,"10,8","1,10","9,55"
2026-09-26 19:51,"20,4",54,"10,8","1,10","9,55"
2026-09-26 19:52,"20,4",54,"10,8","1,10","9,55"
2026-09-26 19:53,"20,4",54,"10,8","1,10","9,55"
2026-09-26 19:54,"20,5",55,"11,1","1,08","9,76"
2026-09-26 19:55,"20,5",56,"11,4","1,06","9,96"
2026-09-26 19:56,"20,5",56,"11,4","1,06","9,96"
2026-09-26 19:57,"20,5",56,"11,4","1,06","9,96"
2026-09-26 19:58,"20,5",56,"11,4","1,06","9,96"
2026-09-26 19:59,"20,5",56,"11,4","1,06","9,96"
2026-09-26 20:00,"20,5",56,"11,4","1,06","9,96"
2026-09-26 20:01,"20,5",56,"11,4","1,06","9,96"
2026-09-26 20:02,"20,5",55,"11,1","1,09","9,79"
2026-09-26 20:03,"20,5",55,"11,1","1,09","9,79"
2026-09-26 20:04,"20,5",55,"11,1","1,09","9,79"
2026-09-26 20:05,"20,5",55,"11,1","1,09","9,79"
2026-09-26 20:06,"20,5",55,"11,1","1,09","9,79"
2026-09-26 20:07,"20,5",55,"11,1","1,09","9,79"
2026-09-26 20:08,"20,5",55,"11,1","1,09","9,79"
2026-09-26 20:09,"20,5",55,"11,1","1,09","9,79"
2026-09-26 20:10,"20,5",55,"11,1","1,09","9,79"
2026-09-26 20:11,"20,5",55,"11,1","1,09","9,79"
2026-09-26 20:12,"20,5",55,"11,1","1,09","9,79"
2026-09-26 20:13,"20,5",55,"11,1","1,09","9,79"
2026-09-26 20:14,"20,5",55,"11,1","1,09","9,79"
2026-09-26 20:15,"20,5",55,"11,1","1,09","9,79"
2026-09-26 20:16,"20,5",55,"11,1","1,09","9,79"
2026-09-26 20:17,"20,5",55,"11,1","1,09","9,79"
2026-09-26 20:18,"20,5",55,"11,1","1,09","9,79"
2026-09-26 20:19,"20,5",55,"11,1","1,09","9,79"
2026-09-26 20:20,"20,5",55,"11,1","1,09","9,79"
2026-09-26 20:21,"20,5",56,"11,4","1,06","9,96"
2026-09-26 20:22,"20,5",56,"11,4","1,06","9,96"
2026-09-26 20:23,"20,5",56,"11,4","1,06","9,96"
2026-09-26 20:24,"20,5",56,"11,4","1,06","9,96"
2026-09-26 20:25,"20,5",56,"11,4","1,06","9,96"
2026-09-26 20:26,"20,5",56,"11,4","1,06","9,96"
2026-09-26 20:27,"20,5",56,"11,4","1,06","9,96"
2026-09-26 20:28,"20,5",56,"11,4","1,06","9,96"
2026-09-26 20:29,"20,5",56,"11,4","1,06","9,96"
2026-09-26 20:30,"20,5",56,"11,4","1,06","9,96"
2026-09-26 20:31,"20,5",56,"11,4","1,06","9,96"
2026-09-26 20:32,"20,5",56,"11,4","1,06","9,96"
2026-09-26 20:33,"20,5",56,"11,4","1,06","9,96"
2026-09-26 20:34,"20,5",56,"11,4","1,06","9,96"
2026-09-26 20:35,"20,5",56,"11,4","1,06","9,96"
2026-09-26 20:36,"20,5",56,"11,4","1,06","9,96"
2026-09-26 20:37,"20,5",56,"11,4","1,06","9,96"
2026-09-26 20:38,"20,5",55,"11,1","1,08","9,76"
2026-09-26 20:39,"20,4",55,"11,1","1,08","9,73"
2026-09-26 20:40,"20,4",55,"11,1","1,08","9,73"
2026-09-26 20:41,"20,4",55,"11,1","1,08","9,73"
2026-09-26 20:42,"20,4",55,"11,1","1,08","9,73"
2026-09-26 20:43,"20,4",55,"11,1","1,08","9,73"
2026-09-26 20:44,"20,4",55,"11,1","1,08","9,73"
2026-09-26 20:45,"20,4",55,"11,1","1,08","9,73"
2026-09-26 20:46,"20,4",55,"11,1","1,08","9,73"
2026-09-26 20:47,"20,4",55,"11,1","1,08","9,73"
2026-09-26 20:48,"20,4",55,"11,1","1,08","9,73"
2026-09-26 20:49,"20,4",55,"11,1","1,08","9,73"
2026-09-26 20:50,"20,4",55,"11,1","1,08","9,73"
2026-09-26 20:51,"20,4",55,"11,1","1,08","9,73"
2026-09-26 20:52,"20,4",55,"11,1","1,08","9,73"
2026-09-26 20:53,"20,4",55,"11,1","1,08","9,73"
2026-09-26 20:54,"20,5",55,"11,1","1,08","9,76"
2026-09-26 20:55,"20,5",55,"11,1","1,09","9,79"
2026-09-26 20:56,"20,5",55,"11,1","1,09","9,79"
2026-09-26 20:57,"20,5",55,"11,1","1,09","9,79"
2026-09-26 20:58,"20,5",54,"10,9","1,11","9,64"
2026-09-26 20:59,"20,6",54,"11,0","1,12","9,66"
2026-09-26 21:00,"20,6",54,"11,0","1,12","9,66"
2026-09-26 21:01,"20,6",54,"11,0","1,12","9,66"
2026-09-26 21:02,"20,6",54,"11,0","1,12","9,66"
2026-09-26 21:03,"20,6",54,"11,0","1,12","9,66"
2026-09-26 21:04,"20,5",54,"10,9","1,11","9,64"
2026-09-26 21:05,"20,5",54,"10,9","1,11","9,61"
2026-09-26 21:06,"20,5",54,"10,9","1,11","9,61"
2026-09-26 21:07,"20,5",54,"10,9","1,11","9,61"
2026-09-26 21:08,"20,5",54,"10,9","1,11","9,61"
2026-09-26 21:09,"20,5",54,"10,9","1,11","9,61"
2026-09-26 21:10,"20,5",54,"10,9","1,11","9,61"
2026-09-26 21:11,"20,5",54,"10,9","1,11","9,61"
2026-09-26 21:12,"20,5",54,"10,9","1,11","9,61"
2026-09-26 21:13,"20,5",54,"10,9","1,11","9,61"
2026-09-26 21:14,"20,5",54,"10,9","1,11","9,64"
2026-09-26 21:15,"20,6",54,"11,0","1,12","9,66"
2026-09-26 21:16,"20,6",54,"11,0","1,12","9,66"
2026-09-26 21:17,"20,6",54,"11,0","1,12","9,66"
2026-09-26 21:18,"20,6",54,"11,0","1,12","9,66"
2026-09-26 21:19,"20,6",54,"11,0","1,12","9,66"
2026-09-26 21:20,"20,6",54,"11,0","1,12","9,66"
2026-09-26 21:21,"20,6",54,"11,0","1,12","9,66"
2026-09-26 21:22,"20,6",54,"11,0","1,12","9,66"
2026-09-26 21:23,"20,6",54,"11,0","1,12","9,66"
2026-09-26 21:24,"20,6",54,"11,0","1,12","9,66"
2026-09-26 21:25,"20,6",54,"11,0","1,12","9,66"
2026-09-26 21:26,"20,6",55,"11,2","1,09","9,84"
2026-09-26 21:27,"20,6",56,"11,5","1,07","10,02"
2026-09-26 21:28,"20,7",55,"11,3","1,10","9,87"
2026-09-26 21:29,"20,7",55,"11,3","1,10","9,90"
2026-09-26 21:30,"20,7",55,"11,3","1,10","9,90"
2026-09-26 21:31,"20,7",55,"11,3","1,10","9,90"
2026-09-26 21:32,"20,7",55,"11,3","1,10","9,90"
2026-09-26 21:33,"20,7",55,"11,3","1,10","9,90"
2026-09-26 21:34,"20,7",55,"11,3","1,10","9,90"
2026-09-26 21:35,"20,7",55,"11,3","1,10","9,90"
2026-09-26 21:36,"20,7",55,"11,3","1,10","9,90"
2026-09-26 21:37,"20,7",55,"11,3","1,10","9,90"
2026-09-26 21:38,"20,7",55,"11,3","1,10","9,90"
2026-09-26 21:39,"20,7",55,"11,3","1,10","9,90"
2026-09-26 21:40,"20,7",55,"11,3","1,10","9,90"
2026-09-26 21:41,"20,7",55,"11,3","1,10","9,90"
2026-09-26 21:42,"20,7",55,"11,3","1,10","9,90"
2026-09-26 21:43,"20,7",55,"11,3","1,10","9,90"
2026-09-26 21:44,"20,7",55,"11,3","1,10","9,90"
2026-09-26 21:45,"20,7",55,"11,3","1,10","9,90"
2026-09-26 21:46,"20,7",55,"11,3","1,10","9,87"
2026-09-26 21:47,"20,6",55,"11,2","1,09","9,84"
2026-09-26 21:48,"20,6",54,"11,0","1,12","9,66"
2026-09-26 21:49,"20,6",54,"11,0","1,12","9,66"
2026-09-26 21:50,"20,6",54,"11,0","1,12","9,66"
2026-09-26 21:51,"20,6",54,"11,0","1,12","9,66"
2026-09-26 21:52,"20,6",54,"11,0","1,12","9,66"
2026-09-26 21:53,"20,6",54,"11,0","1,12","9,66"
2026-09-26 21:54,"20,6",54,"11,0","1,12","9,66"
2026-09-26 21:55,"20,6",54,"11,0","1,12","9,66"
2026-09-26 21:56,"20,6",54,"11,0","1,12","9,66"
2026-09-26 21:57,"20,6",54,"11,0","1,12","9,66"
2026-09-26 21:58,"20,6",54,"11,0","1,12","9,66"
2026-09-26 21:59,"20,6",54,"11,0","1,12","9,66"
2026-09-26 22:00,"20,6",54,"11,0","1,12","9,66"
2026-09-26 22:01,"20,6",54,"11,0","1,12","9,66"
2026-09-26 22:02,"20,6",54,"11,0","1,12","9,66"
2026-09-26 22:03,"20,6",54,"11,0","1,12","9,66"
2026-09-26 22:04,"20,6",54,"11,0","1,12","9,66"
2026-09-26 22:05,"20,6",54,"11,0","1,12","9,66"
2026-09-26 22:06,"20,6",54,"11,0","1,12","9,66"
2026-09-26 22:07,"20,6",54,"11,0","1,12","9,66"
2026-09-26 22:08,"20,5",54,"10,9","1,11","9,64"
2026-09-26 22:09,"20,5",54,"10,9","1,11","9,61"
2026-09-26 22:10,"20,5",54,"10,9","1,11","9,61"
2026-09-26 22:11,"20,5",54,"10,9","1,11","9,61"
2026-09-26 22:12,"20,5",54,"10,9","1,11","9,61"
2026-09-26 22:13,"20,5",54,"10,9","1,11","9,61"
2026-09-26 22:14,"20,5",54,"10,9","1,11","9,61"
2026-09-26 22:15,"20,5",55,"11,1","1,09","9,79"
2026-09-26 22:16,"20,5",55,"11,1","1,09","9,79"
2026-09-26 22:17,"20,5",56,"11,4","1,06","9,96"
2026-09-26 22:18,"20,5",56,"11,4","1,06","9,96"
2026-09-26 22:19,"20,5",56,"11,4","1,06","9,96"
2026-09-26 22:20,"20,5",56,"11,4","1,06","9,96"
2026-09-26 22:21,"20,5",57,"11,7","1,04","10,14"
2026-09-26 22:22,"20,5",57,"11,7","1,04","10,14"
2026-09-26 22:23,"20,5",57,"11,7","1,04","10,14"
2026-09-26 22:24,"20,5",57,"11,6","1,03","10,11"
2026-09-26 22:25,"20,4",57,"11,6","1,03","10,08"
2026-09-26 22:26,"20,4",57,"11,6","1,03","10,08"
2026-09-26 22:27,"20,4",57,"11,6","1,03","10,08"
2026-09-26 22:28,"20,4",56,"11,3","1,05","9,91"
2026-09-26 22:29,"20,4",56,"11,3","1,05","9,91"
2026-09-26 22:30,"20,4",56,"11,3","1,05","9,91"
2026-09-26 22:31,"20,4",56,"11,3","1,05","9,91"
2026-09-26 22:32,"20,3",56,"11,3","1,05","9,88"
2026-09-26 22:33,"20,3",56,"11,2","1,05","9,85"
2026-09-26 22:34,"20,3",56,"11,2","1,05","9,85"
2026-09-26 22:35,"20,3",56,"11,2","1,05","9,85"
2026-09-26 22:36,"20,3",56,"11,2","1,05","9,85"
2026-09-26 22:37,"20,3",57,"11,5","1,02","10,02"
2026-09-26 22:38,"20,3",57,"11,5","1,02","10,00"
2026-09-26 22:39,"20,2",57,"11,4","1,02","9,97"
2026-09-26 22:40,"20,2",57,"11,4","1,02","9,97"
2026-09-26 22:41,"20,2",57,"11,4","1,02","9,97"
2026-09-26 22:42,"20,2",57,"11,4","1,02","9,97"
2026-09-26 22:43,"20,2",57,"11,4","1,02","9,97"
2026-09-26 22:44,"20,2",56,"11,1","1,04","9,76"
2026-09-26 22:45,"20,1",56,"11,0","1,04","9,73"
2026-09-26 22:46,"20,1",56,"11,0","1,04","9,73"
2026-09-26 22:47,"20,1",56,"11,0","1,04","9,73"
2026-09-26 22:48,"20,1",56,"11,0","1,04","9,73"
2026-09-26 22:49,"20,1",56,"11,0","1,04","9,73"
2026-09-26 22:50,"20,1",56,"11,0","1,04","9,73"
2026-09-26 22:51,"20,1",56,"11,0","1,04","9,73"
2026-09-26 22:52,"20,1",56,"11,0","1,04","9,73"
2026-09-26 22:53,"20,1",56,"11,0","1,04","9,73"
2026-09-26 22:54,"20,0",56,"11,0","1,03","9,71"
2026-09-26 22:55,"20,0",56,"11,0","1,03","9,68"
2026-09-26 22:56,"20,0",56,"11,0","1,03","9,68"
2026-09-26 22:57,"20,0",56,"11,0","1,03","9,68"
2026-09-26 22:58,"20,0",56,"11,0","1,03","9,68"
2026-09-26 22:59,"20,0",56,"11,0","1,03","9,68"
2026-09-26 23:00,"20,0",56,"11,0","1,03","9,68"
2026-09-26 23:01,"20,0",56,"11,0","1,03","9,68"
2026-09-26 23:02,"20,0",56,"11,0","1,03","9,68"
2026-09-26 23:03,"20,0",56,"11,0","1,03","9,68"
2026-09-26 23:04,"20,0",56,"10,9","1,03","9,65"
2026-09-26 23:05,"19,9",56,"10,9","1,02","9,62"
2026-09-26 23:06,"19,9",56,"10,9","1,02","9,62"
2026-09-26 23:07,"19,9",56,"10,9","1,02","9,62"
2026-09-26 23:08,"19,9",56,"10,9","1,02","9,62"
2026-09-26 23:09,"19,9",57,"11,1","1,00","9,79"
2026-09-26 23:10,"19,9",57,"11,1","1,00","9,79"
2026-09-26 23:11,"19,9",58,"11,4","0,98","9,96"
2026-09-26 23:12,"19,9",58,"11,4","0,98","9,96"
2026-09-26 23:13,"19,9",58,"11,4","0,98","9,96"
2026-09-26 23:14,"19,9",58,"11,4","0,98","9,96"
2026-09-26 23:15,"19,9",58,"11,4","0,98","9,96"
2026-09-26 23:16,"19,9",58,"11,4","0,98","9,96"
2026-09-26 23:17,"19,9",59,"11,6","0,95","10,14"
2026-09-26 23:18,"19,9",59,"11,6","0,95","10,14"
2026-09-26 23:19,"19,9",59,"11,6","0,95","10,14"
2026-09-26 23:20,"19,9",59,"11,6","0,95","10,14"
2026-09-26 23:21,"19,9",59,"11,6","0,95","10,14"
2026-09-26 23:22,"19,9",59,"11,6","0,95","10,14"
2026-09-26 23:23,"19,9",59,"11,6","0,95","10,14"
2026-09-26 23:24,"19,9",59,"11,6","0,95","10,14"
2026-09-26 23:25,"19,9",59,"11,6","0,95","10,14"
2026-09-26 23:26,"19,9",59,"11,6","0,95","10,14"
2026-09-26 23:27,"19,9",59,"11,6","0,95","10,14"
2026-09-26 23:28,"19,9",59,"11,6","0,95","10,14"
2026-09-26 23:29,"19,9",59,"11,6","0,95","10,14"
2026-09-26 23:30,"19,8",59,"11,6","0,95","10,11"
2026-09-26 23:31,"19,8",59,"11,6","0,95","10,08"
2026-09-26 23:32,"19,8",59,"11,6","0,95","10,08"
2026-09-26 23:33,"19,8",59,"11,6","0,95","10,08"
2026-09-26 23:34,"19,8",59,"11,6","0,95","10,08"
2026-09-26 23:35,"19,8",59,"11,6","0,95","10,08"
2026-09-26 23:36,"19,8",59,"11,6","0,95","10,08"
2026-09-26 23:37,"19,8",59,"11,6","0,95","10,08"
2026-09-26 23:38,"19,8",59,"11,6","0,95","10,08"
2026-09-26 23:39,"19,8",59,"11,6","0,95","10,08"
2026-09-26 23:40,"19,8",59,"11,6","0,95","10,08"
2026-09-26 23:41,"19,8",59,"11,6","0,95","10,08"
2026-09-26 23:42,"19,8",59,"11,6","0,95","10,08"
2026-09-26 23:43,"19,8",59,"11,6","0,95","10,08"
2026-09-26 23:44,"19,8",59,"11,6","0,95","10,08"
2026-09-26 23:45,"19,8",59,"11,6","0,95","10,08"
2026-09-26 23:46,"19,8",58,"11,3","0,97","9,91"
2026-09-26 23:47,"19,8",58,"11,3","0,97","9,91"
2026-09-26 23:48,"19,8",58,"11,2","0,97","9,88"
2026-09-26 23:49,"19,7",58,"11,2","0,96","9,85"
2026-09-26 23:50,"19,7",58,"11,2","0,96","9,85"
2026-09-26 23:51,"19,7",58,"11,2","0,96","9,85"
2026-09-26 23:52,"19,7",58,"11,2","0,96","9,85"
2026-09-26 23:53,"19,7",58,"11,2","0,96","9,85"
2026-09-26 23:54,"19,7",58,"11,2","0,96","9,85"
2026-09-26 23:55,"19,7",58,"11,2","0,96","9,85"
2026-09-26 23:56,"19,7",58,"11,2","0,96","9,85"
2026-09-26 23:57,"19,7",58,"11,2","0,96","9,85"
2026-09-26 23:58,"19,7",58,"11,2","0,96","9,82"
2026-09-26 23:59,"19,6",58,"11,1","0,96","9,79"
2026-09-27 00:00,"19,6",57,"10,8","0,98","9,62"
2026-09-27 00:01,"19,6",57,"10,8","0,98","9,62"
2026-09-27 00:02,"19,6",57,"10,8","0,98","9,62"
2026-09-27 00:03,"19,6",57,"10,8","0,98","9,62"
2026-09-27 00:04,"19,6",57,"10,8","0,98","9,62"
2026-09-27 00:05,"19,6",57,"10,8","0,98","9,62"
2026-09-27 00:06,"19,6",57,"10,8","0,98","9,62"
2026-09-27 00:07,"19,6",57,"10,8","0,98","9,62"
2026-09-27 00:08,"19,6",57,"10,8","0,98","9,62"
2026-09-27 00:09,"19,6",57,"10,8","0,98","9,62"
2026-09-27 00:10,"19,5",57,"10,8","0,98","9,59"
2026-09-27 00:11,"19,5",57,"10,8","0,97","9,57"
2026-09-27 00:12,"19,5",57,"10,8","0,97","9,57"
2026-09-27 00:13,"19,5",57,"10,8","0,97","9,57"
2026-09-27 00:14,"19,5",57,"10,8","0,97","9,57"
2026-09-27 00:15,"19,5",57,"10,8","0,97","9,57"
2026-09-27 00:16,"19,5",56,"10,5","1,00","9,40"
2026-09-27 00:17,"19,5",56,"10,5","1,00","9,40"
2026-09-27 00:18,"19,5",56,"10,5","1,00","9,40"
2026-09-27 00:19,"19,5",56,"10,5","1,00","9,40"
2026-09-27 00:20,"19,5",56,"10,5","1,00","9,40"
2026-09-27 00:21,"19,5",56,"10,5","1,00","9,40"
2026-09-27 00:22,"19,5",56,"10,5","1,00","9,40"
2026-09-27 00:23,"19,5",56,"10,5","1,00","9,40"
2026-09-27 00:24,"19,5",56,"10,4","0,99","9,37"
2026-09-27 00:25,"19,4",56,"10,4","0,99","9,34"
2026-09-27 00:26,"19,4",56,"10,4","0,99","9,34"
2026-09-27 00:27,"19,4",56,"10,4","0,99","9,34"
2026-09-27 00:28,"19,4",56,"10,4","0,99","9,34"
2026-09-27 00:29,"19,4",56,"10,4","0,99","9,34"
2026-09-27 00:30,"19,4",56,"10,4","0,99","9,34"
2026-09-27 00:31,"19,4",56,"10,4","0,99","9,34"
2026-09-27 00:32,"19,4",56,"10,4","0,99","9,34"
2026-09-27 00:33,"19,4",56,"10,4","0,99","9,34"
2026-09-27 00:34,"19,3",56,"10,3","0,99","9,32"
2026-09-27 00:35,"19,3",56,"10,3","0,99","9,29"
2026-09-27 00:36,"19,3",56,"10,3","0,99","9,29"
2026-09-27 00:37,"19,3",56,"10,3","0,99","9,29"
2026-09-27 00:38,"19,3",56,"10,3","0,99","9,29"
2026-09-27 00:39,"19,3",56,"10,3","0,99","9,29"
2026-09-27 00:40,"19,3",56,"10,3","0,99","9,29"
2026-09-27 00:41,"19,3",56,"10,3","0,99","9,29"
2026-09-27 00:42,"19,3",56,"10,3","0,99","9,29"
2026-09-27 00:43,"19,3",56,"10,3","0,99","9,29"
2026-09-27 00:44,"19,3",56,"10,3","0,98","9,26"
2026-09-27 00:45,"19,2",56,"10,2","0,98","9,23"
2026-09-27 00:46,"19,2",56,"10,2","0,98","9,23"
2026-09-27 00:47,"19,2",56,"10,2","0,98","9,23"
2026-09-27 00:48,"19,2",56,"10,2","0,98","9,23"
2026-09-27 00:49,"19,2",56,"10,2","0,98","9,23"
2026-09-27 00:50,"19,2",56,"10,2","0,98","9,23"
2026-09-27 00:51,"19,2",56,"10,2","0,98","9,23"
2026-09-27 00:52,"19,2",56,"10,2","0,98","9,23"
2026-09-27 00:53,"19,2",56,"10,2","0,98","9,23"
2026-09-27 00:54,"19,2",55,"9,9","1,00","9,07"
2026-09-27 00:55,"19,2",55,"9,9","1,00","9,07"
2026-09-27 00:56,"19,2",55,"9,9","1,00","9,07"
2026-09-27 00:57,"19,2",55,"9,9","1,00","9,07"
2026-09-27 00:58,"19,2",55,"9,9","1,00","9,07"
2026-09-27 00:59,"19,2",56,"10,2","0,98","9,23"
2026-09-27 01:00,"19,2",55,"9,9","1,00","9,04"
2026-09-27 01:01,"19,1",55,"9,8","0,99","9,02"
2026-09-27 01:02,"19,1",55,"9,8","0,99","9,02"
2026-09-27 01:03,"19,1",55,"9,8","0,99","9,02"
2026-09-27 01:04,"19,1",55,"9,8","0,99","9,02"
2026-09-27 01:05,"19,1",55,"9,8","0,99","9,02"
2026-09-27 01:06,"19,1",55,"9,8","0,99","9,02"
2026-09-27 01:07,"19,1",55,"9,8","0,99","9,02"
2026-09-27 01:08,"19,1",55,"9,8","0,99","9,02"
2026-09-27 01:09,"19,1",55,"9,8","0,99","9,02"
2026-09-27 01:10,"19,1",55,"9,8","0,99","9,02"
2026-09-27 01:11,"19,1",55,"9,8","0,99","9,02"
2026-09-27 01:12,"19,1",55,"9,8","0,99","9,02"
2026-09-27 01:13,"19,1",55,"9,8","0,99","9,02"
2026-09-27 01:14,"19,1",55,"9,8","0,99","9,02"
2026-09-27 01:15,"19,1",55,"9,8","0,99","9,02"
2026-09-27 01:16,"19,0",55,"9,8","0,99","8,99"
2026-09-27 01:17,"19,0",55,"9,7","0,99","8,96"
2026-09-27 01:18,"19,0",55,"9,7","0,99","8,96"
2026-09-27 01:19,"19,0",55,"9,7","0,99","8,96"
2026-09-27 01:20,"19,0",55,"9,7","0,99","8,96"
2026-09-27 01:21,"19,0",55,"9,7","0,99","8,96"
2026-09-27 01:22,"19,0",55,"9,7","0,99","8,96"
2026-09-27 01:23,"19,0",55,"9,7","0,99","8,96"
2026-09-27 01:24,"19,0",55,"9,7","0,99","8,96"
2026-09-27 01:25,"19,0",55,"9,7","0,99","8,96"
2026-09-27 01:26,"19,0",55,"9,7","0,99","8,96"
2026-09-27 01:27,"19,0",55,"9,7","0,99","8,96"
2026-09-27 01:28,"19,0",55,"9,7","0,99","8,96"
2026-09-27 01:29,"19,0",55,"9,7","0,99","8,96"
2026-09-27 01:30,"19,0",55,"9,7","0,99","8,96"
2026-09-27 01:31,"19,0",55,"9,7","0,99","8,96"
2026-09-27 01:32,"19,0",55,"9,7","0,99","8,96"
2026-09-27 01:33,"19,0",55,"9,7","0,99","8,96"
2026-09-27 01:34,"19,0",55,"9,7","0,99","8,94"
2026-09-27 01:35,"18,9",55,"9,7","0,98","8,91"
2026-09-27 01:36,"18,9",55,"9,7","0,98","8,91"
2026-09-27 01:37,"18,9",55,"9,7","0,98","8,91"
2026-09-27 01:38,"18,9",55,"9,7","0,98","8,91"
2026-09-27 01:39,"18,9",55,"9,7","0,98","8,91"
2026-09-27 01:40,"18,9",55,"9,7","0,98","8,91"
2026-09-27 01:41,"18,9",55,"9,7","0,98","8,91"
2026-09-27 01:42,"18,9",55,"9,7","0,98","8,91"
2026-09-27 01:43,"18,9",55,"9,7","0,98","8,91"
2026-09-27 01:44,"18,9",55,"9,7","0,98","8,91"
2026-09-27 01:45,"18,9",55,"9,7","0,98","8,91"
2026-09-27 01:46,"18,9",55,"9,7","0,98","8,91"
2026-09-27 01:47,"18,9",55,"9,7","0,98","8,91"
2026-09-27 01:48,"18,9",55,"9,7","0,98","8,91"
2026-09-27 01:49,"18,9",55,"9,7","0,98","8,91"
2026-09-27 01:50,"18,9",55,"9,7","0,98","8,91"
2026-09-27 01:51,"18,9",55,"9,7","0,98","8,91"
2026-09-27 01:52,"18,9",55,"9,7","0,98","8,91"
2026-09-27 01:53,"18,9",55,"9,7","0,98","8,91"
2026-09-27 01:54,"18,9",55,"9,7","0,98","8,91"
2026-09-27 01:55,"18,9",55,"9,7","0,98","8,91"
2026-09-27 01:56,"18,8",55,"9,6","0,98","8,88"
2026-09-27 01:57,"18,8",55,"9,6","0,98","8,86"
2026-09-27 01:58,"18,8",55,"9,6","0,98","8,86"
2026-09-27 01:59,"18,8",55,"9,6","0,98","8,86"
2026-09-27 02:00,"18,8",55,"9,6","0,98","8,86"
2026-09-27 02:01,"18,8",55,"9,6","0,98","8,86"
2026-09-27 02:02,"18,8",55,"9,6","0,98","8,86"
2026-09-27 02:03,"18,8",55,"9,6","0,98","8,86"
2026-09-27 02:04,"18,8",55,"9,6","0,98","8,86"
2026-09-27 02:05,"18,8",55,"9,6","0,98","8,86"
2026-09-27 02:06,"18,8",55,"9,6","0,98","8,86"
2026-09-27 02:07,"18,8",55,"9,6","0,98","8,86"
2026-09-27 02:08,"18,8",55,"9,6","0,98","8,86"
2026-09-27 02:09,"18,8",55,"9,6","0,98","8,86"
2026-09-27 02:10,"18,8",55,"9,6","0,98","8,86"
2026-09-27 02:11,"18,8",55,"9,6","0,98","8,86"
2026-09-27 02:12,"18,8",55,"9,6","0,98","8,86"
2026-09-27 02:13,"18,8",55,"9,6","0,98","8,86"
2026-09-27 02:14,"18,8",55,"9,5","0,97","8,83"
2026-09-27 02:15,"18,7",55,"9,5","0,97","8,81"
2026-09-27 02:16,"18,7",55,"9,5","0,97","8,81"
2026-09-27 02:17,"18,7",55,"9,5","0,97","8,81"
2026-09-27 02:18,"18,7",54,"9,2","0,99","8,65"
2026-09-27 02:19,"18,7",54,"9,2","0,99","8,65"
2026-09-27 02:20,"18,7",54,"9,2","0,99","8,65"
2026-09-27 02:21,"18,7",54,"9,2","0,99","8,65"
2026-09-27 02:22,"18,7",54,"9,2","0,99","8,65"
2026-09-27 02:23,"18,7",54,"9,2","0,99","8,65"
2026-09-27 02:24,"18,7",54,"9,2","0,99","8,65"
2026-09-27 02:25,"18,7",54,"9,2","0,99","8,65"
2026-09-27 02:26,"18,7",54,"9,2","0,99","8,65"
2026-09-27 02:27,"18,7",55,"9,5","0,97","8,81"
2026-09-27 02:28,"18,7",55,"9,5","0,97","8,81"
2026-09-27 02:29,"18,7",55,"9,5","0,97","8,81"
2026-09-27 02:30,"18,7",55,"9,5","0,97","8,81"
2026-09-27 02:31,"18,7",55,"9,5","0,97","8,81"
2026-09-27 02:32,"18,7",55,"9,5","0,97","8,81"
2026-09-27 02:33,"18,7",55,"9,5","0,97","8,81"
2026-09-27 02:34,"18,7",55,"9,5","0,97","8,81"
2026-09-27 02:35,"18,7",55,"9,5","0,97","8,81"
2026-09-27 02:36,"18,7",55,"9,4","0,97","8,78"
2026-09-27 02:37,"18,6",55,"9,4","0,96","8,75"
2026-09-27 02:38,"18,6",55,"9,4","0,96","8,75"
2026-09-27 02:39,"18,6",55,"9,4","0,96","8,75"
2026-09-27 02:40,"18,6",55,"9,4","0,96","8,75"
2026-09-27 02:41,"18,6",55,"9,4","0,96","8,75"
2026-09-27 02:42,"18,6",54,"9,1","0,99","8,59"
2026-09-27 02:43,"18,6",54,"9,1","0,99","8,59"
2026-09-27 02:44,"18,6",54,"9,1","0,99","8,59"
2026-09-27 02:45,"18,6",54,"9,1","0,99","8,59"
2026-09-27 02:46,"18,6",54,"9,1","0,99","8,59"
2026-09-27 02:47,"18,6",54,"9,1","0,99","8,59"
2026-09-27 02:48,"19,3",54,"9,7","1,03","8,93"
2026-09-27 02:49,"19,9",54,"10,3","1,07","9,28"
2026-09-27 02:50,"20,0",54,"10,5","1,08","9,36"
2026-09-27 02:51,"20,2",54,"10,6","1,09","9,44"
2026-09-27 02:52,"20,0",53,"10,2","1,10","9,19"
2026-09-27 02:53,"19,9",52,"9,7","1,12","8,93"
2026-09-27 02:54,"19,8",52,"9,7","1,11","8,91"
2026-09-27 02:55,"19,8",52,"9,7","1,11","8,88"
2026-09-27 02:56,"19,7",52,"9,6","1,10","8,83"
2026-09-27 02:57,"19,6",52,"9,5","1,09","8,78"
2026-09-27 02:58,"19,5",52,"9,4","1,09","8,75"
2026-09-27 02:59,"19,5",52,"9,4","1,09","8,73"
2026-09-27 03:00,"19,5",52,"9,4","1,09","8,73"
2026-09-27 03:01,"19,5",52,"9,4","1,09","8,73"
2026-09-27 03:02,"19,5",52,"9,3","1,08","8,70"
2026-09-27 03:03,"19,4",52,"9,3","1,08","8,68"
2026-09-27 03:04,"19,4",52,"9,3","1,08","8,68"
2026-09-27 03:05,"19,4",52,"9,3","1,08","8,68"
2026-09-27 03:06,"19,3",52,"9,2","1,08","8,65"
2026-09-27 03:07,"19,3",52,"9,2","1,07","8,63"
2026-09-27 03:08,"19,3",52,"9,2","1,07","8,63"
2026-09-27 03:09,"19,3",52,"9,2","1,07","8,63"
2026-09-27 03:10,"19,3",52,"9,2","1,07","8,63"
2026-09-27 03:11,"19,3",52,"9,2","1,07","8,63"
2026-09-27 03:12,"19,3",52,"9,2","1,07","8,63"
2026-09-27 03:13,"19,3",52,"9,2","1,07","8,63"
2026-09-27 03:14,"19,3",52,"9,2","1,07","8,63"
2026-09-27 03:15,"19,3",52,"9,2","1,07","8,63"
2026-09-27 03:16,"19,3",52,"9,1","1,07","8,60"
2026-09-27 03:17,"19,2",52,"9,1","1,07","8,57"
2026-09-27 03:18,"19,2",52,"9,1","1,07","8,57"
2026-09-27 03:19,"19,2",52,"9,1","1,07","8,57"
2026-09-27 03:20,"19,2",52,"9,1","1,07","8,57"
2026-09-27 03:21,"19,2",52,"9,1","1,07","8,57"
2026-09-27 03:22,"19,2",52,"9,1","1,07","8,57"
2026-09-27 03:23,"19,2",52,"9,1","1,07","8,57"
2026-09-27 03:24,"19,2",52,"9,1","1,07","8,57"
2026-09-27 03:25,"19,2",52,"9,1","1,07","8,57"
2026-09-27 03:26,"19,2",52,"9,1","1,07","8,57"
2026-09-27 03:27,"19,2",52,"9,1","1,07","8,57"
2026-09-27 03:28,"19,2",52,"9,1","1,07","8,57"
2026-09-27 03:29,"19,2",52,"9,1","1,07","8,57"
2026-09-27 03:30,"19,2",52,"9,1","1,07","8,57"
2026-09-27 03:31,"19,2",52,"9,1","1,07","8,57"
2026-09-27 03:32,"19,2",52,"9,1","1,07","8,57"
2026-09-27 03:33,"19,2",52,"9,1","1,07","8,57"
2026-09-27 03:34,"19,2",52,"9,1","1,07","8,57"
2026-09-27 03:35,"19,2",52,"9,1","1,07","8,57"
2026-09-27 03:36,"19,2",52,"9,1","1,07","8,57"
2026-09-27 03:37,"19,2",52,"9,1","1,07","8,57"
2026-09-27 03:38,"19,2",52,"9,1","1,07","8,57"
2026-09-27 03:39,"19,2",52,"9,1","1,07","8,57"
2026-09-27 03:40,"19,2",52,"9,1","1,06","8,55"
2026-09-27 03:41,"19,1",52,"9,0","1,06","8,52"
2026-09-27 03:42,"19,1",52,"9,0","1,06","8,52"
2026-09-27 03:43,"19,1",52,"9,0","1,06","8,52"
2026-09-27 03:44,"19,1",52,"9,0","1,06","8,52"
2026-09-27 03:45,"19,1",52,"9,0","1,06","8,52"
2026-09-27 03:46,"19,1",52,"9,0","1,06","8,52"
2026-09-27 03:47,"19,1",52,"9,0","1,06","8,52"
2026-09-27 03:48,"19,1",52,"9,0","1,06","8,52"
2026-09-27 03:49,"19,1",52,"9,0","1,06","8,52"
2026-09-27 03:50,"19,1",52,"9,0","1,06","8,52"
2026-09-27 03:51,"19,1",52,"9,0","1,06","8,52"
2026-09-27 03:52,"19,1",52,"9,0","1,06","8,52"
2026-09-27 03:53,"19,1",52,"9,0","1,06","8,52"
2026-09-27 03:54,"19,1",52,"9,0","1,06","8,52"
2026-09-27 03:55,"19,1",52,"9,0","1,06","8,52"
2026-09-27 03:56,"19,1",52,"9,0","1,06","8,52"
2026-09-27 03:57,"19,1",52,"9,0","1,06","8,52"
2026-09-27 03:58,"19,1",52,"9,0","1,06","8,52"
2026-09-27 03:59,"19,1",52,"9,0","1,06","8,52"
2026-09-27 04:00,"19,1",52,"9,0","1,06","8,52"
2026-09-27 04:01,"19,1",52,"9,0","1,06","8,52"
2026-09-27 04:02,"19,1",52,"9,0","1,06","8,52"
2026-09-27 04:03,"19,1",52,"9,0","1,06","8,52"
2026-09-27 04:04,"19,1",52,"9,0","1,06","8,52"
2026-09-27 04:05,"19,1",52,"9,0","1,06","8,52"
2026-09-27 04:06,"19,1",52,"9,0","1,06","8,52"
2026-09-27 04:07,"19,1",52,"9,0","1,06","8,52"
2026-09-27 04:08,"19,1",52,"9,0","1,06","8,52"
2026-09-27 04:09,"19,1",52,"9,0","1,06","8,52"
2026-09-27 04:10,"19,1",52,"9,0","1,06","8,52"
2026-09-27 04:11,"19,1",52,"9,0","1,06","8,52"
2026-09-27 04:12,"19,1",51,"8,7","1,08","8,36"
2026-09-27 04:13,"19,1",51,"8,7","1,08","8,36"
2026-09-27 04:14,"19,1",51,"8,7","1,08","8,36"
2026-09-27 04:15,"19,1",51,"8,7","1,08","8,36"
2026-09-27 04:16,"19,1",51,"8,7","1,08","8,36"
2026-09-27 04:17,"19,1",51,"8,7","1,08","8,36"
2026-09-27 04:18,"19,1",51,"8,7","1,08","8,36"
2026-09-27 04:19,"19,1",51,"8,7","1,08","8,36"
2026-09-27 04:20,"19,1",51,"8,7","1,08","8,36"
2026-09-27 04:21,"19,1",51,"8,7","1,08","8,36"
2026-09-27 04:22,"19,0",51,"8,7","1,08","8,34"
2026-09-27 04:23,"19,0",51,"8,6","1,08","8,31"
2026-09-27 04:24,"19,0",51,"8,6","1,08","8,31"
2026-09-27 04:25,"19,0",51,"8,6","1,08","8,31"
2026-09-27 04:26,"19,0",51,"8,6","1,08","8,31"
2026-09-27 04:27,"19,0",51,"8,6","1,08","8,31"
2026-09-27 04:28,"19,0",51,"8,6","1,08","8,31"
2026-09-27 04:29,"19,0",51,"8,6","1,08","8,31"
2026-09-27 04:30,"19,0",51,"8,6","1,08","8,31"
2026-09-27 04:31,"19,0",51,"8,6","1,08","8,31"
2026-09-27 04:32,"19,0",51,"8,6","1,08","8,31"
2026-09-27 04:33,"19,0",51,"8,6","1,08","8,31"
2026-09-27 04:34,"19,0",51,"8,6","1,08","8,31"
2026-09-27 04:35,"19,0",51,"8,6","1,08","8,31"
2026-09-27 04:36,"19,0",51,"8,6","1,08","8,31"
2026-09-27 04:37,"19,0",51,"8,6","1,08","8,31"
2026-09-27 04:38,"19,0",51,"8,6","1,08","8,31"
2026-09-27 04:39,"19,0",51,"8,6","1,08","8,31"
2026-09-27 04:40,"19,0",51,"8,6","1,08","8,31"
2026-09-27 04:41,"19,0",51,"8,6","1,08","8,31"
2026-09-27 04:42,"19,0",51,"8,6","1,08","8,31"
2026-09-27 04:43,"19,0",51,"8,6","1,08","8,31"
2026-09-27 04:44,"19,0",51,"8,6","1,08","8,31"
2026-09-27 04:45,"19,0",51,"8,6","1,08","8,31"
2026-09-27 04:46,"19,0",51,"8,6","1,08","8,31"
2026-09-27 04:47,"19,0",51,"8,6","1,08","8,31"
2026-09-27 04:48,"19,0",51,"8,6","1,08","8,31"
2026-09-27 04:49,"19,0",51,"8,6","1,08","8,31"
2026-09-27 04:50,"19,0",51,"8,6","1,08","8,31"
2026-09-27 04:51,"19,0",51,"8,6","1,08","8,31"
2026-09-27 04:52,"19,0",51,"8,6","1,08","8,31"
2026-09-27 04:53,"19,0",51,"8,6","1,08","8,31"
2026-09-27 04:54,"19,0",51,"8,6","1,08","8,31"
2026-09-27 04:55,"19,0",51,"8,6","1,08","8,31"
2026-09-27 04:56,"19,0",51,"8,6","1,08","8,31"
2026-09-27 04:57,"19,0",51,"8,6","1,08","8,31"
2026-09-27 04:58,"19,0",51,"8,6","1,08","8,31"
2026-09-27 04:59,"19,0",51,"8,6","1,08","8,31"
2026-09-27 05:00,"19,0",51,"8,6","1,08","8,31"
2026-09-27 05:01,"19,0",51,"8,6","1,08","8,31"
2026-09-27 05:02,"19,0",51,"8,6","1,08","8,31"
2026-09-27 05:03,"19,0",51,"8,6","1,08","8,31"
2026-09-27 05:04,"19,0",51,"8,6","1,08","8,31"
2026-09-27 05:05,"19,0",51,"8,6","1,08","8,31"
2026-09-27 05:06,"19,0",51,"8,6","1,08","8,31"
2026-09-27 05:07,"19,0",51,"8,6","1,08","8,31"
2026-09-27 05:08,"19,0",51,"8,6","1,07","8,29"
2026-09-27 05:09,"18,9",51,"8,5","1,07","8,26"
2026-09-27 05:10,"18,9",51,"8,5","1,07","8,26"
2026-09-27 05:11,"18,9",51,"8,5","1,07","8,26"
2026-09-27 05:12,"18,9",51,"8,5","1,07","8,26"
2026-09-27 05:13,"18,9",51,"8,5","1,07","8,26"
2026-09-27 05:14,"18,9",51,"8,5","1,07","8,26"
2026-09-27 05:15,"18,9",51,"8,5","1,07","8,26"
2026-09-27 05:16,"18,9",51,"8,5","1,07","8,26"
2026-09-27 05:17,"18,9",51,"8,5","1,07","8,26"
2026-09-27 05:18,"18,9",51,"8,5","1,07","8,26"
2026-09-27 05:19,"18,9",51,"8,5","1,07","8,26"
2026-09-27 05:20,"18,9",51,"8,5","1,07","8,26"
2026-09-27 05:21,"18,9",51,"8,5","1,07","8,26"
2026-09-27 05:22,"18,9",51,"8,5","1,07","8,26"
2026-09-27 05:23,"18,9",51,"8,5","1,07","8,26"
2026-09-27 05:24,"18,9",51,"8,5","1,07","8,26"
2026-09-27 05:25,"18,9",51,"8,5","1,07","8,26"
2026-09-27 05:26,"18,9",51,"8,5","1,07","8,26"
2026-09-27 05:27,"18,9",51,"8,5","1,07","8,26"
2026-09-27 05:28,"18,9",51,"8,5","1,07","8,26"
2026-09-27 05:29,"18,9",51,"8,5","1,07","8,26"
2026-09-27 05:30,"18,9",51,"8,5","1,07","8,26"
2026-09-27 05:31,"18,9",51,"8,5","1,07","8,26"
2026-09-27 05:32,"18,9",51,"8,5","1,07","8,26"
2026-09-27 05:33,"18,9",52,"8,8","1,05","8,42"
2026-09-27 05:34,"18,9",52,"8,8","1,05","8,42"
2026-09-27 05:35,"18,9",52,"8,8","1,05","8,42"
2026-09-27 05:36,"18,9",52,"8,8","1,05","8,42"
2026-09-27 05:37,"18,9",52,"8,8","1,05","8,42"
2026-09-27 05:38,"18,9",52,"8,8","1,05","8,42"
2026-09-27 05:39,"18,9",52,"8,8","1,05","8,42"
2026-09-27 05:40,"18,9",52,"8,8","1,05","8,42"
2026-09-27 05:41,"18,9",52,"8,8","1,05","8,42"
2026-09-27 05:42,"18,9",52,"8,8","1,05","8,42"
2026-09-27 05:43,"18,9",52,"8,8","1,05","8,42"
2026-09-27 05:44,"18,9",52,"8,8","1,05","8,42"
2026-09-27 05:45,"18,9",52,"8,8","1,05","8,42"
2026-09-27 05:46,"18,9",52,"8,8","1,05","8,42"
2026-09-27 05:47,"18,9",52,"8,8","1,05","8,42"
2026-09-27 05:48,"18,9",52,"8,8","1,05","8,42"
2026-09-27 05:49,"18,9",52,"8,8","1,05","8,42"
2026-09-27 05:50,"18,9",52,"8,8","1,05","8,42"
2026-09-27 05:51,"18,9",52,"8,8","1,05","8,42"
2026-09-27 05:52,"18,9",52,"8,8","1,05","8,42"
2026-09-27 05:53,"18,9",52,"8,8","1,05","8,42"
2026-09-27 05:54,"18,9",52,"8,8","1,05","8,42"
2026-09-27 05:55,"18,9",52,"8,8","1,05","8,42"
2026-09-27 05:56,"18,9",52,"8,8","1,05","8,42"
2026-09-27 05:57,"18,9",52,"8,8","1,05","8,42"
2026-09-27 05:58,"18,9",52,"8,8","1,05","8,42"
2026-09-27 05:59,"18,9",52,"8,8","1,05","8,42"
2026-09-27 06:00,"18,9",52,"8,8","1,05","8,42"
2026-09-27 06:01,"18,9",52,"8,8","1,05","8,42"
2026-09-27 06:02,"18,9",52,"8,8","1,05","8,42"
2026-09-27 06:03,"18,9",52,"8,8","1,05","8,42"
2026-09-27 06:04,"18,9",52,"8,8","1,05","8,42"
2026-09-27 06:05,"18,9",52,"8,8","1,05","8,42"
2026-09-27 06:06,"18,9",52,"8,8","1,05","8,42"
2026-09-27 06:07,"18,9",52,"8,8","1,05","8,42"
2026-09-27 06:08,"18,9",52,"8,8","1,05","8,42"
2026-09-27 06:09,"18,9",52,"8,8","1,05","8,42"
2026-09-27 06:10,"18,9",52,"8,8","1,05","8,42"
2026-09-27 06:11,"18,9",52,"8,8","1,05","8,42"
2026-09-27 06:12,"18,9",52,"8,8","1,05","8,42"
2026-09-27 06:13,"18,9",52,"8,8","1,05","8,42"
2026-09-27 06:14,"18,9",52,"8,8","1,05","8,42"
2026-09-27 06:15,"18,9",52,"8,8","1,05","8,42"
2026-09-27 06:16,"18,9",52,"8,8","1,05","8,42"
2026-09-27 06:17,"18,9",52,"8,8","1,05","8,42"
2026-09-27 06:18,"18,9",52,"8,8","1,05","8,42"
2026-09-27 06:19,"18,9",52,"8,8","1,05","8,42"
2026-09-27 06:20,"18,9",52,"8,8","1,05","8,42"
2026-09-27 06:21,"18,9",52,"8,8","1,05","8,42"
2026-09-27 06:22,"18,9",52,"8,8","1,05","8,42"
2026-09-27 06:23,"18,9",52,"8,8","1,05","8,42"
2026-09-27 06:24,"18,9",52,"8,8","1,05","8,42"
2026-09-27 06:25,"18,9",52,"8,8","1,05","8,42"
2026-09-27 06:26,"18,9",52,"8,8","1,05","8,42"
2026-09-27 06:27,"18,9",52,"8,8","1,05","8,42"
2026-09-27 06:28,"18,9",52,"8,8","1,05","8,42"
2026-09-27 06:29,"18,9",52,"8,8","1,05","8,42"
2026-09-27 06:30,"18,9",52,"8,8","1,05","8,42"
2026-09-27 06:31,"18,9",52,"8,8","1,05","8,42"
2026-09-27 06:32,"18,9",52,"8,8","1,05","8,42"
2026-09-27 06:33,"18,9",52,"8,8","1,05","8,42"
2026-09-27 06:34,"18,9",52,"8,8","1,05","8,42"
2026-09-27 06:35,"18,9",52,"8,8","1,05","8,42"
2026-09-27 06:36,"18,9",52,"8,8","1,05","8,42"
2026-09-27 06:37,"18,9",52,"8,8","1,05","8,42"
2026-09-27 06:38,"18,9",52,"8,8","1,05","8,42"
2026-09-27 06:39,"18,9",52,"8,8","1,05","8,42"
2026-09-27 06:40,"18,8",52,"8,8","1,04","8,40"
2026-09-27 06:41,"18,8",52,"8,7","1,04","8,37"
2026-09-27 06:42,"18,8",52,"8,7","1,04","8,37"
2026-09-27 06:43,"18,8",52,"8,7","1,04","8,37"
2026-09-27 06:44,"18,8",52,"8,7","1,04","8,37"
2026-09-27 06:45,"18,8",52,"8,7","1,04","8,37"
2026-09-27 06:46,"18,8",52,"8,7","1,04","8,37"
2026-09-27 06:47,"18,8",52,"8,7","1,04","8,37"
2026-09-27 06:48,"18,8",52,"8,7","1,04","8,37"
2026-09-27 06:49,"18,8",52,"8,7","1,04","8,37"
2026-09-27 06:50,"18,8",52,"8,7","1,04","8,37"
2026-09-27 06:51,"18,8",52,"8,7","1,04","8,37"
2026-09-27 06:52,"18,8",52,"8,7","1,04","8,37"
2026-09-27 06:53,"18,8",52,"8,7","1,04","8,37"
2026-09-27 06:54,"18,8",52,"8,7","1,04","8,37"
2026-09-27 06:55,"18,8",52,"8,7","1,04","8,37"
2026-09-27 06:56,"18,8",52,"8,7","1,04","8,37"
2026-09-27 06:57,"18,8",52,"8,7","1,04","8,37"
2026-09-27 06:58,"18,8",52,"8,7","1,04","8,37"
2026-09-27 06:59,"18,8",52,"8,7","1,04","8,37"
2026-09-27 07:00,"18,8",52,"8,7","1,04","8,37"
2026-09-27 07:01,"18,8",52,"8,7","1,04","8,37"
2026-09-27 07:02,"18,8",52,"8,7","1,04","8,37"
2026-09-27 07:03,"18,8",52,"8,7","1,04","8,37"
2026-09-27 07:04,"18,8",52,"8,7","1,04","8,37"
2026-09-27 07:05,"18,8",52,"8,7","1,04","8,37"
2026-09-27 07:06,"18,8",52,"8,7","1,04","8,37"
2026-09-27 07:07,"18,8",52,"8,7","1,04","8,37"
2026-09-27 07:08,"18,8",52,"8,7","1,04","8,37"
2026-09-27 07:09,"18,8",52,"8,7","1,04","8,37"
2026-09-27 07:10,"18,8",52,"8,7","1,04","8,37"
2026-09-27 07:11,"18,8",52,"8,7","1,04","8,37"
2026-09-27 07:12,"18,8",52,"8,7","1,04","8,37"
2026-09-27 07:13,"18,8",52,"8,7","1,04","8,37"
2026-09-27 07:14,"18,8",52,"8,7","1,04","8,37"
2026-09-27 07:15,"18,8",52,"8,7","1,04","8,37"
2026-09-27 07:16,"18,8",52,"8,7","1,04","8,37"
2026-09-27 07:17,"18,8",52,"8,7","1,04","8,37"
2026-09-27 07:18,"18,8",52,"8,7","1,04","8,37"
2026-09-27 07:19,"18,8",52,"8,7","1,04","8,37"
2026-09-27 07:20,"18,8",52,"8,7","1,04","8,37"
2026-09-27 07:21,"18,8",52,"8,7","1,04","8,37"
2026-09-27 07:22,"18,8",51,"8,4","1,06","8,21"
2026-09-27 07:23,"18,8",51,"8,4","1,06","8,21"
2026-09-27 07:24,"18,8",51,"8,4","1,06","8,21"
2026-09-27 07:25,"18,8",51,"8,4","1,06","8,21"
2026-09-27 07:26,"18,8",51,"8,4","1,06","8,21"
2026-09-27 07:27,"18,8",51,"8,4","1,06","8,21"
2026-09-27 07:28,"18,8",51,"8,4","1,06","8,21"
2026-09-27 07:29,"18,8",51,"8,4","1,06","8,21"
2026-09-27 07:30,"18,8",51,"8,4","1,06","8,21"
2026-09-27 07:31,"18,8",51,"8,4","1,06","8,21"
2026-09-27 07:32,"18,8",51,"8,4","1,06","8,21"
2026-09-27 07:33,"18,8",51,"8,4","1,06","8,21"
2026-09-27 07:34,"18,8",51,"8,5","1,07","8,24"
2026-09-27 07:35,"18,9",51,"8,5","1,07","8,26"
2026-09-27 07:36,"18,9",51,"8,5","1,07","8,26"
2026-09-27 07:37,"18,9",51,"8,5","1,07","8,26"
2026-09-27 07:38,"18,9",51,"8,5","1,07","8,26"
2026-09-27 07:39,"18,9",51,"8,5","1,07","8,26"
2026-09-27 07:40,"18,9",51,"8,5","1,07","8,26"
2026-09-27 07:41,"18,9",51,"8,5","1,07","8,26"
2026-09-27 07:42,"18,9",51,"8,5","1,07","8,26"
2026-09-27 07:43,"18,9",51,"8,5","1,07","8,26"
2026-09-27 07:44,"18,9",51,"8,5","1,07","8,26"
2026-09-27 07:45,"18,9",51,"8,5","1,07","8,26"
2026-09-27 07:46,"18,9",51,"8,5","1,07","8,26"
2026-09-27 07:47,"18,9",51,"8,5","1,07","8,26"
2026-09-27 07:48,"18,9",51,"8,5","1,07","8,26"
2026-09-27 07:49,"18,9",51,"8,5","1,07","8,26"
2026-09-27 07:50,"19,0",51,"8,6","1,07","8,29"
2026-09-27 07:51,"19,0",51,"8,6","1,08","8,31"
2026-09-27 07:52,"19,0",51,"8,6","1,08","8,31"
2026-09-27 07:53,"19,0",51,"8,6","1,08","8,31"
2026-09-27 07:54,"19,0",51,"8,6","1,08","8,31"
2026-09-27 07:55,"19,0",51,"8,6","1,08","8,31"
2026-09-27 07:56,"19,0",51,"8,6","1,08","8,31"
2026-09-27 07:57,"19,0",51,"8,6","1,08","8,31"
2026-09-27 07:58,"19,0",51,"8,6","1,08","8,31"
2026-09-27 07:59,"19,0",51,"8,6","1,08","8,31"
2026-09-27 08:00,"19,0",51,"8,6","1,08","8,31"
2026-09-27 08:01,"19,0",51,"8,6","1,08","8,31"
2026-09-27 08:02,"19,0",51,"8,6","1,08","8,31"
2026-09-27 08:03,"19,0",51,"8,6","1,08","8,31"
2026-09-27 08:04,"19,0",51,"8,6","1,08","8,31"
2026-09-27 08:05,"19,0",51,"8,6","1,08","8,31"
2026-09-27 08:06,"19,0",51,"8,6","1,08","8,31"
2026-09-27 08:07,"19,0",51,"8,6","1,08","8,31"
2026-09-27 08:08,"19,0",51,"8,7","1,08","8,34"
2026-09-27 08:09,"19,1",51,"8,7","1,08","8,36"
2026-09-27 08:10,"19,1",51,"8,7","1,08","8,36"
2026-09-27 08:11,"19,1",51,"8,7","1,08","8,36"
2026-09-27 08:12,"19,2",51,"8,8","1,09","8,38"
2026-09-27 08:13,"19,2",51,"8,8","1,09","8,41"
2026-09-27 08:14,"19,2",51,"8,8","1,09","8,41"
2026-09-27 08:15,"19,2",51,"8,8","1,09","8,41"
2026-09-27 08:16,"19,3",51,"8,9","1,09","8,43"
2026-09-27 08:17,"19,3",51,"8,9","1,10","8,46"
2026-09-27 08:18,"19,3",51,"8,9","1,10","8,46"
2026-09-27 08:19,"19,3",51,"8,9","1,10","8,46"
2026-09-27 08:20,"19,3",51,"8,9","1,10","8,46"
2026-09-27 08:21,"19,3",51,"8,9","1,10","8,46"
2026-09-27 08:22,"19,3",51,"9,0","1,10","8,48"
2026-09-27 08:23,"19,4",51,"9,0","1,10","8,51"
2026-09-27 08:24,"19,4",51,"9,0","1,10","8,51"
2026-09-27 08:25,"19,4",51,"9,0","1,10","8,51"
2026-09-27 08:26,"19,4",51,"9,0","1,10","8,51"
2026-09-27 08:27,"19,4",51,"9,0","1,10","8,51"
2026-09-27 08:28,"19,4",51,"9,0","1,10","8,51"
2026-09-27 08:29,"19,4",51,"9,0","1,10","8,51"
2026-09-27 08:30,"19,5",51,"9,0","1,11","8,53"
2026-09-27 08:31,"19,5",51,"9,1","1,11","8,56"
2026-09-27 08:32,"19,5",51,"9,1","1,11","8,56"
2026-09-27 08:33,"19,5",51,"9,1","1,11","8,56"
2026-09-27 08:34,"19,5",51,"9,1","1,11","8,56"
2026-09-27 08:35,"19,5",51,"9,1","1,11","8,56"
2026-09-27 08:36,"19,5",51,"9,1","1,11","8,58"
2026-09-27 08:37,"19,6",51,"9,2","1,12","8,61"
2026-09-27 08:38,"19,6",51,"9,2","1,12","8,61"
2026-09-27 08:39,"19,6",51,"9,2","1,12","8,61"
2026-09-27 08:40,"19,6",51,"9,2","1,12","8,61"
2026-09-27 08:41,"19,6",51,"9,2","1,12","8,61"
2026-09-27 08:42,"19,7",51,"9,2","1,12","8,63"
2026-09-27 08:43,"19,7",51,"9,3","1,12","8,66"
2026-09-27 08:44,"19,7",51,"9,3","1,12","8,66"
2026-09-27 08:45,"19,7",51,"9,3","1,12","8,66"
2026-09-27 08:46,"19,8",52,"9,6","1,11","8,86"
2026-09-27 08:47,"19,8",54,"10,2","1,06","9,22"
2026-09-27 08:48,"19,8",54,"10,3","1,07","9,25"
2026-09-27 08:49,"19,9",55,"10,6","1,05","9,45"
2026-09-27 08:50,"20,0",55,"10,6","1,05","9,48"
2026-09-27 08:51,"20,0",55,"10,7","1,05","9,50"
2026-09-27 08:52,"20,0",55,"10,7","1,05","9,50"
2026-09-27 08:53,"20,0",55,"10,7","1,05","9,50"
2026-09-27 08:54,"20,0",54,"10,4","1,08","9,33"
2026-09-27 08:55,"20,0",54,"10,4","1,08","9,33"
2026-09-27 08:56,"20,0",54,"10,4","1,08","9,33"
2026-09-27 08:57,"20,0",54,"10,4","1,08","9,33"
2026-09-27 08:58,"20,0",53,"10,1","1,10","9,13"
2026-09-27 08:59,"19,9",53,"10,0","1,09","9,11"
2026-09-27 09:00,"19,9",53,"10,0","1,09","9,11"
2026-09-27 09:01,"19,9",53,"10,0","1,09","9,11"
2026-09-27 09:02,"19,9",52,"9,7","1,12","8,93"
2026-09-27 09:03,"19,9",52,"9,7","1,12","8,93"
2026-09-27 09:04,"19,9",52,"9,7","1,12","8,93"
2026-09-27 09:05,"19,9",52,"9,7","1,12","8,93"
2026-09-27 09:06,"19,9",52,"9,7","1,12","8,93"
2026-09-27 09:07,"19,9",52,"9,7","1,12","8,93"
2026-09-27 09:08,"19,9",52,"9,7","1,12","8,93"
2026-09-27 09:09,"19,9",52,"9,7","1,12","8,93"
2026-09-27 09:10,"20,0",52,"9,8","1,12","8,96"
2026-09-27 09:11,"20,0",52,"9,8","1,12","8,99"
2026-09-27 09:12,"20,0",51,"9,5","1,15","8,81"
2026-09-27 09:13,"20,0",51,"9,5","1,15","8,81"
2026-09-27 09:14,"20,0",51,"9,5","1,15","8,81"
2026-09-27 09:15,"20,0",51,"9,5","1,15","8,81"
2026-09-27 09:16,"20,0",51,"9,5","1,15","8,81"
2026-09-27 09:17,"20,0",51,"9,5","1,15","8,81"
2026-09-27 09:18,"20,0",51,"9,5","1,15","8,81"
2026-09-27 09:19,"20,0",51,"9,5","1,15","8,81"
2026-09-27 09:20,"20,0",51,"9,6","1,15","8,84"
2026-09-27 09:21,"20,1",51,"9,6","1,15","8,87"
2026-09-27 09:22,"20,1",51,"9,6","1,15","8,87"
2026-09-27 09:23,"20,1",51,"9,6","1,15","8,87"
2026-09-27 09:24,"20,2",51,"9,7","1,16","8,89"
2026-09-27 09:25,"20,2",52,"10,0","1,14","9,09"
2026-09-27 09:26,"20,3",52,"10,1","1,14","9,12"
2026-09-27 09:27,"20,3",52,"10,1","1,14","9,15"
2026-09-27 09:28,"20,3",52,"10,1","1,14","9,15"
2026-09-27 09:29,"20,3",52,"10,1","1,14","9,15"
2026-09-27 09:30,"20,3",52,"10,1","1,14","9,15"
2026-09-27 09:31,"20,3",52,"10,1","1,14","9,15"
2026-09-27 09:32,"20,3",52,"10,2","1,15","9,17"
2026-09-27 09:33,"20,4",52,"10,2","1,15","9,20"
2026-09-27 09:34,"20,4",52,"10,2","1,15","9,20"
2026-09-27 09:35,"20,4",52,"10,2","1,15","9,20"
2026-09-27 09:36,"20,4",52,"10,2","1,15","9,20"
2026-09-27 09:37,"20,4",53,"10,5","1,13","9,38"
2026-09-27 09:38,"20,4",53,"10,5","1,13","9,38"
2026-09-27 09:39,"20,4",53,"10,5","1,13","9,38"
2026-09-27 09:40,"20,4",53,"10,5","1,13","9,38"
2026-09-27 09:41,"20,4",53,"10,5","1,13","9,38"
2026-09-27 09:42,"20,4",53,"10,5","1,13","9,38"
2026-09-27 09:43,"20,4",53,"10,5","1,13","9,38"
2026-09-27 09:44,"20,4",53,"10,5","1,13","9,38"
2026-09-27 09:45,"20,4",53,"10,5","1,13","9,38"
2026-09-27 09:46,"20,4",53,"10,5","1,13","9,38"
2026-09-27 09:47,"20,4",53,"10,5","1,13","9,38"
2026-09-27 09:48,"20,4",53,"10,5","1,13","9,38"
2026-09-27 09:49,"20,4",53,"10,5","1,13","9,38"
2026-09-27 09:50,"20,4",53,"10,5","1,13","9,38"
2026-09-27 09:51,"20,4",53,"10,5","1,13","9,38"
2026-09-27 09:52,"20,4",53,"10,5","1,13","9,38"
2026-09-27 09:53,"20,4",53,"10,5","1,13","9,38"
2026-09-27 09:54,"20,4",53,"10,5","1,13","9,38"
2026-09-27 09:55,"20,4",53,"10,5","1,13","9,38"
2026-09-27 09:56,"20,4",53,"10,5","1,13","9,38"
2026-09-27 09:57,"20,4",53,"10,5","1,13","9,38"
2026-09-27 09:58,"20,5",53,"10,5","1,13","9,40"
2026-09-27 09:59,"20,5",53,"10,6","1,13","9,43"
2026-09-27 10:00,"20,5",53,"10,6","1,13","9,43"
2026-09-27 10:01,"20,5",53,"10,6","1,13","9,43"
2026-09-27 10:02,"20,5",53,"10,6","1,13","9,43"
2026-09-27 10:03,"20,5",53,"10,6","1,13","9,43"
2026-09-27 10:04,"20,5",53,"10,6","1,13","9,43"
2026-09-27 10:05,"20,5",53,"10,6","1,13","9,43"
2026-09-27 10:06,"20,5",53,"10,6","1,14","9,46"
2026-09-27 10:07,"20,6",53,"10,7","1,14","9,49"
2026-09-27 10:08,"20,6",53,"10,7","1,14","9,49"
2026-09-27 10:09,"20,6",53,"10,7","1,14","9,49"
2026-09-27 10:10,"20,6",53,"10,7","1,14","9,49"
2026-09-27 10:11,"20,6",53,"10,7","1,14","9,49"
2026-09-27 10:12,"20,6",53,"10,7","1,14","9,49"
2026-09-27 10:13,"20,6",53,"10,7","1,14","9,49"
2026-09-27 10:14,"20,7",53,"10,7","1,14","9,51"
2026-09-27 10:15,"20,7",53,"10,8","1,15","9,54"
2026-09-27 10:16,"20,7",53,"10,8","1,15","9,54"
2026-09-27 10:17,"20,7",53,"10,8","1,15","9,54"
2026-09-27 10:18,"20,7",52,"10,5","1,17","9,36"
2026-09-27 10:19,"20,7",52,"10,5","1,17","9,36"
2026-09-27 10:20,"20,7",52,"10,5","1,17","9,36"
2026-09-27 10:21,"20,7",52,"10,5","1,17","9,36"
2026-09-27 10:22,"20,7",52,"10,5","1,17","9,36"
2026-09-27 10:23,"20,7",52,"10,5","1,17","9,36"
2026-09-27 10:24,"20,7",52,"10,5","1,17","9,36"
2026-09-27 10:25,"20,7",52,"10,5","1,17","9,36"
2026-09-27 10:26,"20,7",52,"10,5","1,17","9,36"
2026-09-27 10:27,"20,7",52,"10,5","1,17","9,36"
2026-09-27 10:28,"20,7",52,"10,5","1,17","9,36"
2026-09-27 10:29,"20,7",52,"10,5","1,17","9,36"
2026-09-27 10:30,"20,7",52,"10,5","1,17","9,36"
2026-09-27 10:31,"20,7",52,"10,5","1,17","9,36"
2026-09-27 10:32,"20,7",52,"10,5","1,17","9,36"
2026-09-27 10:33,"20,7",52,"10,5","1,17","9,36"
2026-09-27 10:34,"20,7",52,"10,5","1,17","9,36"
2026-09-27 10:35,"20,7",52,"10,5","1,17","9,36"
2026-09-27 10:36,"20,7",52,"10,5","1,17","9,36"
2026-09-27 10:37,"20,7",52,"10,5","1,17","9,36"
2026-09-27 10:38,"20,7",52,"10,5","1,17","9,36"
2026-09-27 10:39,"20,7",52,"10,5","1,17","9,36"
2026-09-27 10:40,"20,7",52,"10,5","1,17","9,36"
2026-09-27 10:41,"20,7",52,"10,5","1,17","9,36"
2026-09-27 10:42,"20,7",52,"10,5","1,17","9,36"
2026-09-27 10:43,"20,7",52,"10,5","1,17","9,36"
2026-09-27 10:44,"20,7",52,"10,5","1,17","9,36"
2026-09-27 10:45,"20,7",52,"10,5","1,17","9,36"
2026-09-27 10:46,"20,7",52,"10,5","1,17","9,36"
2026-09-27 10:47,"20,7",52,"10,5","1,17","9,36"
2026-09-27 10:48,"20,7",52,"10,5","1,17","9,36"
2026-09-27 10:49,"20,7",52,"10,5","1,17","9,36"
2026-09-27 10:50,"20,7",52,"10,5","1,17","9,36"
2026-09-27 10:51,"20,7",52,"10,5","1,17","9,36"
2026-09-27 10:52,"20,8",52,"10,5","1,18","9,39"
2026-09-27 10:53,"20,8",52,"10,6","1,18","9,42"
2026-09-27 10:54,"20,8",53,"10,9","1,15","9,60"
2026-09-27 10:55,"20,8",55,"11,4","1,11","9,96"
2026-09-27 10:56,"20,8",56,"11,7","1,08","10,17"
2026-09-27 10:57,"20,9",58,"12,3","1,04","10,56"
2026-09-27 10:58,"20,9",58,"12,3","1,04","10,56"
2026-09-27 10:59,"20,9",58,"12,3","1,04","10,56"
2026-09-27 11:00,"21,0",58,"12,4","1,04","10,59"
2026-09-27 11:01,"21,0",58,"12,4","1,04","10,62"
2026-09-27 11:02,"21,0",57,"12,2","1,07","10,44"
2026-09-27 11:03,"21,0",57,"12,2","1,07","10,44"
2026-09-27 11:04,"21,0",56,"11,9","1,09","10,26"
2026-09-27 11:05,"21,0",56,"11,9","1,09","10,26"
2026-09-27 11:06,"21,0",56,"11,8","1,09","10,23"
2026-09-27 11:07,"20,9",56,"11,8","1,09","10,20"
2026-09-27 11:08,"20,9",56,"11,8","1,09","10,20"
2026-09-27 11:09,"20,9",56,"11,8","1,09","10,20"
2026-09-27 11:10,"20,8",55,"11,5","1,11","9,99"
2026-09-27 11:11,"20,8",55,"11,4","1,11","9,96"
2026-09-27 11:12,"20,8",55,"11,4","1,11","9,96"
2026-09-27 11:13,"20,8",55,"11,4","1,11","9,96"
2026-09-27 11:14,"20,8",54,"11,1","1,13","9,78"
2026-09-27 11:15,"20,8",54,"11,1","1,13","9,78"
2026-09-27 11:16,"20,8",54,"11,1","1,13","9,75"
2026-09-27 11:17,"20,7",54,"11,1","1,12","9,72"
2026-09-27 11:18,"20,7",54,"11,1","1,12","9,72"
2026-09-27 11:19,"20,7",54,"11,1","1,12","9,72"
2026-09-27 11:20,"20,7",54,"11,1","1,12","9,72"
2026-09-27 11:21,"20,7",54,"11,1","1,12","9,72"
2026-09-27 11:22,"20,7",53,"10,8","1,15","9,54"
2026-09-27 11:23,"20,7",53,"10,8","1,15","9,54"
2026-09-27 11:24,"20,7",53,"10,8","1,15","9,54"
2026-09-27 11:25,"20,7",53,"10,8","1,15","9,54"
2026-09-27 11:26,"20,7",53,"10,7","1,14","9,51"
2026-09-27 11:27,"20,6",53,"10,7","1,14","9,49"
2026-09-27 11:28,"20,6",53,"10,7","1,14","9,49"
2026-09-27 11:29,"20,6",53,"10,7","1,14","9,49"
2026-09-27 11:30,"20,6",52,"10,4","1,16","9,31"
2026-09-27 11:31,"20,6",52,"10,4","1,16","9,31"
2026-09-27 11:32,"20,6",52,"10,4","1,16","9,31"
2026-09-27 11:33,"20,6",52,"10,4","1,16","9,31"
2026-09-27 11:34,"20,6",52,"10,4","1,16","9,31"
2026-09-27 11:35,"20,6",52,"10,4","1,16","9,31"
2026-09-27 11:36,"20,6",51,"10,1","1,19","9,13"
2026-09-27 11:37,"20,6",51,"10,1","1,19","9,13"
2026-09-27 11:38,"20,6",51,"10,1","1,19","9,13"
2026-09-27 11:39,"20,6",51,"10,1","1,19","9,13"
2026-09-27 11:40,"20,7",51,"10,1","1,19","9,15"
2026-09-27 11:41,"20,7",51,"10,2","1,20","9,18"
2026-09-27 11:42,"20,7",51,"10,2","1,20","9,18"
2026-09-27 11:43,"20,7",51,"10,2","1,20","9,18"
2026-09-27 11:44,"20,7",51,"10,2","1,20","9,18"
2026-09-27 11:45,"20,7",51,"10,2","1,20","9,18"
2026-09-27 11:46,"20,7",51,"10,2","1,20","9,18"
2026-09-27 11:47,"20,7",51,"10,2","1,20","9,18"
2026-09-27 11:48,"20,7",51,"10,1","1,19","9,15"
2026-09-27 11:49,"20,6",51,"10,1","1,19","9,13"
2026-09-27 11:50,"20,6",51,"10,1","1,19","9,13"
2026-09-27 11:51,"20,6",51,"10,1","1,19","9,13"
2026-09-27 11:52,"20,6",51,"10,1","1,19","9,13"
2026-09-27 11:53,"20,6",51,"10,1","1,19","9,13"
2026-09-27 11:54,"20,6",51,"10,1","1,19","9,13"
2026-09-27 11:55,"20,6",51,"10,1","1,19","9,13"
2026-09-27 11:56,"20,6",51,"10,1","1,19","9,13"
2026-09-27 11:57,"20,6",51,"10,1","1,19","9,13"
2026-09-27 11:58,"20,6",51,"10,1","1,19","9,13"
2026-09-27 11:59,"20,6",51,"10,1","1,19","9,13"
2026-09-27 12:00,"20,6",51,"10,1","1,19","9,13"
2026-09-27 12:01,"20,6",51,"10,1","1,19","9,13"
2026-09-27 12:02,"20,6",51,"10,1","1,19","9,13"
2026-09-27 12:03,"20,6",51,"10,1","1,19","9,13"
2026-09-27 12:04,"20,6",51,"10,1","1,19","9,13"
2026-09-27 12:05,"20,6",51,"10,1","1,19","9,13"
2026-09-27 12:06,"20,6",51,"10,1","1,19","9,13"
2026-09-27 12:07,"20,6",51,"10,1","1,19","9,13"
2026-09-27 12:08,"20,6",51,"10,1","1,19","9,13"
2026-09-27 12:09,"20,6",51,"10,1","1,19","9,13"
2026-09-27 12:10,"20,6",51,"10,1","1,19","9,13"
2026-09-27 12:11,"20,6",51,"10,1","1,19","9,13"
2026-09-27 12:12,"20,6",51,"10,1","1,19","9,13"
2026-09-27 12:13,"20,6",51,"10,1","1,19","9,13"
2026-09-27 12:14,"20,6",51,"10,1","1,19","9,13"
2026-09-27 12:15,"20,6",51,"10,1","1,19","9,13"
2026-09-27 12:16,"20,6",51,"10,1","1,19","9,13"
2026-09-27 12:17,"20,6",51,"10,1","1,19","9,13"
2026-09-27 12:18,"20,6",51,"10,1","1,19","9,13"
2026-09-27 12:19,"20,6",51,"10,1","1,19","9,13"
2026-09-27 12:20,"20,6",51,"10,1","1,19","9,13"
2026-09-27 12:21,"20,6",51,"10,1","1,19","9,13"
2026-09-27 12:22,"20,6",51,"10,1","1,19","9,13"
2026-09-27 12:23,"20,6",51,"10,1","1,19","9,13"
2026-09-27 12:24,"20,6",51,"10,1","1,19","9,13"
2026-09-27 12:25,"20,6",51,"10,1","1,19","9,13"
2026-09-27 12:26,"20,6",51,"10,1","1,19","9,13"
2026-09-27 12:27,"20,6",51,"10,1","1,19","9,13"
2026-09-27 12:28,"20,6",51,"10,1","1,19","9,13"
2026-09-27 12:29,"20,6",51,"10,1","1,19","9,13"
2026-09-27 12:30,"20,5",51,"10,1","1,19","9,10"
2026-09-27 12:31,"20,5",51,"10,0","1,18","9,07"
2026-09-27 12:32,"20,5",51,"10,0","1,18","9,07"
2026-09-27 12:33,"20,5",51,"10,0","1,18","9,07"
2026-09-27 12:34,"20,5",51,"10,0","1,18","9,07"
2026-09-27 12:35,"20,5",51,"10,0","1,18","9,07"
2026-09-27 12:36,"20,5",51,"10,0","1,18","9,07"
2026-09-27 12:37,"20,5",51,"10,0","1,18","9,07"
2026-09-27 12:38,"20,5",51,"10,0","1,18","9,07"
2026-09-27 12:39,"20,5",51,"10,0","1,18","9,07"
2026-09-27 12:40,"20,5",51,"10,0","1,18","9,07"
2026-09-27 12:41,"20,5",51,"10,0","1,18","9,07"
2026-09-27 12:42,"20,5",51,"10,0","1,18","9,07"
2026-09-27 12:43,"20,5",51,"10,0","1,18","9,07"
2026-09-27 12:44,"20,5",51,"10,0","1,18","9,07"
2026-09-27 12:45,"20,5",51,"10,0","1,18","9,07"
2026-09-27 12:46,"20,5",51,"10,0","1,18","9,07"
2026-09-27 12:47,"20,5",51,"10,0","1,18","9,07"
2026-09-27 12:48,"20,5",51,"10,0","1,18","9,07"
2026-09-27 12:49,"20,5",51,"10,0","1,18","9,07"
2026-09-27 12:50,"20,5",51,"10,0","1,18","9,07"
2026-09-27 12:51,"20,5",51,"10,0","1,18","9,07"
2026-09-27 12:52,"20,5",51,"10,0","1,18","9,07"
2026-09-27 12:53,"20,5",51,"10,0","1,18","9,07"
2026-09-27 12:54,"20,5",51,"10,0","1,18","9,07"
2026-09-27 12:55,"20,5",51,"10,0","1,18","9,07"
2026-09-27 12:56,"20,5",51,"10,0","1,18","9,07"
2026-09-27 12:57,"20,5",51,"10,0","1,18","9,07"
2026-09-27 12:58,"20,5",51,"10,0","1,18","9,07"
2026-09-27 12:59,"20,5",51,"10,0","1,18","9,07"
2026-09-27 13:00,"20,5",51,"10,0","1,18","9,07"
2026-09-27 13:01,"20,5",51,"10,0","1,18","9,07"
2026-09-27 13:02,"20,5",51,"10,0","1,18","9,07"
2026-09-27 13:03,"20,5",51,"10,0","1,18","9,07"
2026-09-27 13:04,"20,5",51,"10,0","1,18","9,07"
2026-09-27 13:05,"20,5",51,"10,0","1,18","9,07"
2026-09-27 13:06,"20,5",51,"10,0","1,18","9,07"
2026-09-27 13:07,"20,5",51,"10,0","1,18","9,07"
2026-09-27 13:08,"20,5",51,"10,0","1,18","9,07"
2026-09-27 13:09,"20,5",51,"10,0","1,18","9,07"
2026-09-27 13:10,"20,5",51,"10,0","1,18","9,07"
2026-09-27 13:11,"20,5",51,"10,0","1,18","9,07"
2026-09-27 13:12,"20,5",51,"10,0","1,18","9,07"
2026-09-27 13:13,"20,5",51,"10,0","1,18","9,07"
2026-09-27 13:14,"20,5",51,"10,0","1,18","9,07"
2026-09-27 13:15,"20,5",51,"10,0","1,18","9,07"
2026-09-27 13:16,"20,5",51,"10,0","1,18","9,07"
2026-09-27 13:17,"20,5",51,"10,0","1,18","9,07"
2026-09-27 13:18,"20,5",51,"10,0","1,18","9,07"
2026-09-27 13:19,"20,5",51,"10,0","1,18","9,07"
2026-09-27 13:20,"20,5",51,"10,0","1,18","9,07"
2026-09-27 13:21,"20,5",51,"10,0","1,18","9,07"
2026-09-27 13:22,"20,5",51,"10,0","1,18","9,07"
2026-09-27 13:23,"20,5",51,"10,0","1,18","9,07"
2026-09-27 13:24,"20,5",51,"10,0","1,18","9,07"
2026-09-27 13:25,"20,5",51,"10,0","1,18","9,07"
2026-09-27 13:26,"20,5",51,"10,0","1,18","9,07"
2026-09-27 13:27,"20,5",51,"10,0","1,18","9,07"
2026-09-27 13:28,"20,5",51,"10,0","1,18","9,07"
2026-09-27 13:29,"20,5",51,"10,0","1,18","9,07"
2026-09-27 13:30,"20,5",51,"10,0","1,18","9,07"
2026-09-27 13:31,"20,5",51,"10,0","1,18","9,07"
2026-09-27 13:32,"20,5",51,"10,0","1,18","9,05"
2026-09-27 13:33,"20,4",51,"9,9","1,17","9,02"
2026-09-27 13:34,"20,4",51,"9,9","1,17","9,02"
2026-09-27 13:35,"20,4",51,"9,9","1,17","9,02"
2026-09-27 13:36,"20,4",51,"9,9","1,17","9,02"
2026-09-27 13:37,"20,4",51,"9,9","1,17","9,02"
2026-09-27 13:38,"20,4",51,"9,9","1,17","9,02"
2026-09-27 13:39,"20,4",51,"9,9","1,17","9,02"
2026-09-27 13:40,"20,4",51,"9,9","1,17","9,02"
2026-09-27 13:41,"20,4",51,"9,9","1,17","9,02"
2026-09-27 13:42,"20,4",51,"9,9","1,17","9,02"
2026-09-27 13:43,"20,4",51,"9,9","1,17","9,02"
2026-09-27 13:44,"20,4",51,"9,9","1,17","9,02"
2026-09-27 13:45,"20,4",51,"9,9","1,17","9,02"
2026-09-27 13:46,"20,4",51,"9,9","1,17","9,02"
2026-09-27 13:47,"20,4",51,"9,9","1,17","9,02"
2026-09-27 13:48,"20,4",51,"9,9","1,17","9,02"
2026-09-27 13:49,"20,4",51,"9,9","1,17","9,02"
2026-09-27 13:50,"20,4",51,"9,9","1,17","9,02"
2026-09-27 13:51,"20,4",51,"9,9","1,17","9,02"
2026-09-27 13:52,"20,4",51,"9,9","1,17","9,02"
2026-09-27 13:53,"20,4",51,"9,9","1,17","9,02"
2026-09-27 13:54,"20,4",51,"9,9","1,17","9,02"
2026-09-27 13:55,"20,4",51,"9,9","1,17","9,02"
2026-09-27 13:56,"20,4",51,"9,9","1,17","9,02"
2026-09-27 13:57,"20,4",51,"9,9","1,17","9,02"
2026-09-27 13:58,"20,4",51,"9,9","1,17","9,02"
2026-09-27 13:59,"20,4",51,"9,9","1,17","9,02"
2026-09-27 14:00,"20,4",51,"9,9","1,17","9,02"
2026-09-27 14:01,"20,4",51,"9,9","1,17","9,02"
2026-09-27 14:02,"20,4",51,"9,9","1,17","9,02"
2026-09-27 14:03,"20,4",51,"9,9","1,17","9,02"
2026-09-27 14:04,"20,4",51,"9,9","1,17","9,02"
2026-09-27 14:05,"20,4",51,"9,9","1,17","9,02"
2026-09-27 14:06,"20,4",51,"9,9","1,17","9,02"
2026-09-27 14:07,"20,4",51,"9,9","1,17","9,02"
2026-09-27 14:08,"20,4",51,"9,9","1,17","9,02"
2026-09-27 14:09,"20,4",51,"9,9","1,17","9,02"
2026-09-27 14:10,"20,4",51,"9,9","1,17","9,02"
2026-09-27 14:11,"20,4",51,"9,9","1,17","9,02"
2026-09-27 14:12,"20,4",50,"9,6","1,20","8,85"
2026-09-27 14:13,"20,4",50,"9,6","1,20","8,85"
2026-09-27 14:14,"20,4",50,"9,6","1,20","8,85"
2026-09-27 14:15,"20,4",50,"9,6","1,20","8,85"
2026-09-27 14:16,"20,4",50,"9,6","1,20","8,85"
2026-09-27 14:17,"20,4",50,"9,6","1,20","8,85"
2026-09-27 14:18,"20,4",50,"9,6","1,20","8,85"
2026-09-27 14:19,"20,4",51,"9,9","1,17","9,02"
2026-09-27 14:20,"20,4",51,"9,9","1,17","9,02"
2026-09-27 14:21,"20,4",51,"9,9","1,17","9,02"
2026-09-27 14:22,"20,4",51,"9,9","1,17","9,02"
2026-09-27 14:23,"20,4",51,"9,9","1,17","9,02"
2026-09-27 14:24,"20,4",51,"9,9","1,17","9,02"
2026-09-27 14:25,"20,4",51,"9,9","1,17","9,02"
2026-09-27 14:26,"20,4",51,"9,9","1,17","9,02"
2026-09-27 14:27,"20,4",51,"9,9","1,17","9,02"
2026-09-27 14:28,"20,4",51,"9,9","1,17","9,02"
2026-09-27 14:29,"20,4",51,"9,9","1,17","9,02"
2026-09-27 14:30,"20,4",51,"9,9","1,17","9,02"
2026-09-27 14:31,"20,4",51,"9,9","1,17","9,02"
2026-09-27 14:32,"20,4",51,"9,9","1,17","9,02"
2026-09-27 14:33,"20,4",51,"9,9","1,17","9,02"
2026-09-27 14:34,"20,4",51,"9,9","1,17","9,02"
2026-09-27 14:35,"20,4",51,"9,9","1,17","9,02"
2026-09-27 14:36,"20,4",51,"9,9","1,17","9,02"
2026-09-27 14:37,"20,4",51,"9,9","1,17","9,02"
2026-09-27 14:38,"20,4",51,"9,9","1,17","9,02"
2026-09-27 14:39,"20,4",51,"9,9","1,17","9,02"
2026-09-27 14:40,"20,4",51,"9,9","1,17","9,02"
2026-09-27 14:41,"20,4",51,"9,9","1,17","9,02"
2026-09-27 14:42,"20,4",51,"9,9","1,17","9,02"
2026-09-27 14:43,"20,4",51,"9,9","1,17","9,02"
2026-09-27 14:44,"20,4",51,"9,9","1,17","9,02"
2026-09-27 14:45,"20,4",51,"9,9","1,17","9,02"
2026-09-27 14:46,"20,4",51,"9,9","1,17","9,02"
2026-09-27 14:47,"20,4",51,"9,9","1,17","9,02"
2026-09-27 14:48,"20,4",51,"9,9","1,17","9,02"
2026-09-27 14:49,"20,4",51,"9,9","1,17","9,02"
2026-09-27 14:50,"20,4",51,"9,9","1,17","9,02"
2026-09-27 14:51,"20,4",51,"9,9","1,17","9,02"
2026-09-27 14:52,"20,4",51,"9,9","1,17","9,02"
2026-09-27 14:53,"20,4",51,"9,9","1,17","9,02"
2026-09-27 14:54,"20,4",51,"9,9","1,17","9,02"
2026-09-27 14:55,"20,4",51,"9,9","1,17","9,02"
2026-09-27 14:56,"20,4",51,"9,9","1,17","9,02"
2026-09-27 14:57,"20,4",51,"9,9","1,17","9,02"
2026-09-27 14:58,"20,4",51,"9,9","1,17","9,02"
2026-09-27 14:59,"20,4",51,"9,9","1,17","9,02"
2026-09-27 15:00,"20,4",51,"9,9","1,17","9,02"
2026-09-27 15:01,"20,4",51,"9,9","1,17","9,02"
2026-09-27 15:02,"20,4",50,"9,6","1,20","8,85"
2026-09-27 15:03,"20,4",50,"9,6","1,20","8,85"
2026-09-27 15:04,"20,4",50,"9,6","1,20","8,85"
2026-09-27 15:05,"20,4",50,"9,6","1,20","8,85"
2026-09-27 15:06,"20,4",50,"9,6","1,20","8,85"
2026-09-27 15:07,"20,4",50,"9,6","1,20","8,85"
2026-09-27 15:08,"20,4",50,"9,6","1,20","8,85"
2026-09-27 15:09,"20,4",50,"9,6","1,20","8,85"
2026-09-27 15:10,"20,4",50,"9,6","1,20","8,85"
2026-09-27 15:11,"20,4",50,"9,6","1,20","8,85"
2026-09-27 15:12,"20,4",50,"9,6","1,20","8,85"
2026-09-27 15:13,"20,4",50,"9,6","1,20","8,85"
2026-09-27 15:14,"20,4",50,"9,6","1,20","8,85"
2026-09-27 15:15,"20,4",51,"9,9","1,17","9,02"
2026-09-27 15:16,"20,4",51,"9,9","1,17","9,02"
2026-09-27 15:17,"20,4",51,"9,9","1,17","9,02"
2026-09-27 15:18,"20,4",51,"9,9","1,17","9,02"
2026-09-27 15:19,"20,4",51,"9,9","1,17","9,02"
2026-09-27 15:20,"20,4",51,"9,9","1,17","9,02"
2026-09-27 15:21,"20,4",51,"9,9","1,17","9,02"
2026-09-27 15:22,"20,4",50,"9,6","1,20","8,85"
2026-09-27 15:23,"20,4",50,"9,6","1,20","8,85"
2026-09-27 15:24,"20,4",50,"9,6","1,20","8,85"
2026-09-27 15:25,"20,4",50,"9,6","1,20","8,85"
2026-09-27 15:26,"20,4",50,"9,6","1,20","8,85"
2026-09-27 15:27,"20,4",50,"9,6","1,20","8,85"
2026-09-27 15:28,"20,4",50,"9,6","1,20","8,85"
2026-09-27 15:29,"20,4",50,"9,6","1,20","8,85"
2026-09-27 15:30,"20,4",50,"9,6","1,20","8,85"
2026-09-27 15:31,"20,4",50,"9,6","1,20","8,85"
2026-09-27 15:32,"20,4",50,"9,6","1,20","8,85"
2026-09-27 15:33,"20,4",50,"9,6","1,20","8,85"
2026-09-27 15:34,"20,4",50,"9,6","1,20","8,85"
2026-09-27 15:35,"20,4",50,"9,6","1,20","8,85"
2026-09-27 15:36,"20,4",50,"9,6","1,20","8,85"
2026-09-27 15:37,"20,4",50,"9,6","1,20","8,85"
2026-09-27 15:38,"20,4",50,"9,6","1,20","8,85"
2026-09-27 15:39,"20,4",50,"9,6","1,20","8,85"
2026-09-27 15:40,"20,4",50,"9,6","1,20","8,85"
2026-09-27 15:41,"20,4",50,"9,6","1,20","8,85"
2026-09-27 15:42,"20,4",50,"9,6","1,20","8,85"
2026-09-27 15:43,"20,4",50,"9,6","1,20","8,85"
2026-09-27 15:44,"20,4",50,"9,6","1,20","8,85"
2026-09-27 15:45,"20,4",50,"9,6","1,20","8,85"
2026-09-27 15:46,"20,4",50,"9,6","1,20","8,85"
2026-09-27 15:47,"20,4",50,"9,6","1,20","8,85"
2026-09-27 15:48,"20,4",50,"9,6","1,20","8,85"
2026-09-27 15:49,"20,4",50,"9,6","1,20","8,85"
2026-09-27 15:50,"20,4",50,"9,6","1,20","8,85"
2026-09-27 15:51,"20,4",50,"9,6","1,20","8,85"
2026-09-27 15:52,"20,4",49,"9,3","1,22","8,67"
2026-09-27 15:53,"20,4",49,"9,3","1,22","8,67"
2026-09-27 15:54,"20,4",49,"9,3","1,22","8,67"
2026-09-27 15:55,"20,4",49,"9,3","1,22","8,67"
2026-09-27 15:56,"20,5",49,"9,4","1,23","8,69"
2026-09-27 15:57,"20,5",49,"9,4","1,23","8,72"
2026-09-27 15:58,"20,5",48,"9,1","1,25","8,54"
2026-09-27 15:59,"20,5",48,"9,1","1,25","8,54"
2026-09-27 16:00,"20,5",48,"9,1","1,25","8,54"
2026-09-27 16:01,"20,5",48,"9,1","1,25","8,54"
2026-09-27 16:02,"20,5",48,"9,1","1,25","8,54"
2026-09-27 16:03,"20,5",49,"9,4","1,23","8,72"
2026-09-27 16:04,"20,5",49,"9,4","1,23","8,72"
2026-09-27 16:05,"20,5",49,"9,4","1,23","8,72"
2026-09-27 16:06,"20,5",49,"9,4","1,23","8,72"
2026-09-27 16:07,"20,5",49,"9,4","1,23","8,72"
2026-09-27 16:08,"20,5",49,"9,4","1,23","8,69"
2026-09-27 16:09,"20,4",49,"9,3","1,22","8,67"
2026-09-27 16:10,"20,4",49,"9,3","1,22","8,67"
2026-09-27 16:11,"20,4",49,"9,3","1,22","8,67"
2026-09-27 16:12,"20,4",49,"9,3","1,22","8,67"
2026-09-27 16:13,"20,4",49,"9,3","1,22","8,67"
2026-09-27 16:14,"20,4",49,"9,3","1,22","8,67"
2026-09-27 16:15,"20,4",49,"9,3","1,22","8,67"
2026-09-27 16:16,"20,4",49,"9,3","1,22","8,67"
2026-09-27 16:17,"20,4",49,"9,3","1,22","8,67"
2026-09-27 16:18,"20,4",49,"9,3","1,22","8,67"
2026-09-27 16:19,"20,4",49,"9,3","1,22","8,67"
2026-09-27 16:20,"20,4",49,"9,3","1,22","8,67"
2026-09-27 16:21,"20,4",49,"9,3","1,22","8,67"
2026-09-27 16:22,"20,5",49,"9,4","1,23","8,69"
2026-09-27 16:23,"20,5",49,"9,4","1,23","8,72"
2026-09-27 16:24,"20,5",49,"9,4","1,23","8,72"
2026-09-27 16:25,"20,5",49,"9,4","1,23","8,72"
2026-09-27 16:26,"20,5",49,"9,4","1,23","8,72"
2026-09-27 16:27,"20,5",49,"9,4","1,23","8,72"
2026-09-27 16:28,"20,5",49,"9,4","1,23","8,72"
2026-09-27 16:29,"20,5",49,"9,4","1,23","8,72"
2026-09-27 16:30,"20,5",49,"9,4","1,23","8,72"
2026-09-27 16:31,"20,5",49,"9,4","1,23","8,72"
2026-09-27 16:32,"20,5",49,"9,4","1,23","8,72"
2026-09-27 16:33,"20,5",49,"9,4","1,23","8,72"
2026-09-27 16:34,"20,5",49,"9,4","1,23","8,72"
2026-09-27 16:35,"20,5",49,"9,4","1,23","8,72"
2026-09-27 16:36,"20,5",49,"9,4","1,23","8,72"
2026-09-27 16:37,"20,5",49,"9,4","1,23","8,72"
2026-09-27 16:38,"20,5",49,"9,4","1,23","8,72"
2026-09-27 16:39,"20,5",49,"9,4","1,23","8,72"
2026-09-27 16:40,"20,5",49,"9,4","1,23","8,72"
2026-09-27 16:41,"20,5",49,"9,4","1,23","8,72"
2026-09-27 16:42,"20,5",49,"9,4","1,23","8,72"
2026-09-27 16:43,"20,5",49,"9,4","1,23","8,72"
2026-09-27 16:44,"20,5",49,"9,4","1,23","8,72"
2026-09-27 16:45,"20,5",49,"9,4","1,23","8,72"
2026-09-27 16:46,"20,5",49,"9,4","1,23","8,72"
2026-09-27 16:47,"20,5",49,"9,4","1,23","8,72"
2026-09-27 16:48,"20,5",49,"9,4","1,23","8,72"
2026-09-27 16:49,"20,5",49,"9,4","1,23","8,72"
2026-09-27 16:50,"20,5",49,"9,4","1,23","8,72"
2026-09-27 16:51,"20,5",49,"9,4","1,23","8,72"
2026-09-27 16:52,"20,5",49,"9,4","1,23","8,72"
2026-09-27 16:53,"20,5",49,"9,4","1,23","8,72"
2026-09-27 16:54,"20,5",49,"9,4","1,23","8,72"
2026-09-27 16:55,"20,5",49,"9,4","1,23","8,72"
2026-09-27 16:56,"20,5",49,"9,4","1,23","8,72"
2026-09-27 16:57,"20,5",49,"9,4","1,23","8,72"
2026-09-27 16:58,"20,5",49,"9,4","1,23","8,72"
2026-09-27 16:59,"20,5",49,"9,4","1,23","8,72"
2026-09-27 17:00,"20,5",49,"9,4","1,23","8,72"
2026-09-27 17:01,"20,5",49,"9,4","1,23","8,72"
2026-09-27 17:02,"20,5",49,"9,4","1,23","8,72"
2026-09-27 17:03,"20,5",49,"9,4","1,23","8,72"
2026-09-27 17:04,"20,5",49,"9,4","1,23","8,72"
2026-09-27 17:05,"20,5",49,"9,4","1,23","8,72"
2026-09-27 17:06,"20,5",49,"9,4","1,23","8,72"
2026-09-27 17:07,"20,5",50,"9,7","1,21","8,90"
2026-09-27 17:08,"20,5",50,"9,7","1,21","8,90"
2026-09-27 17:09,"20,5",50,"9,7","1,21","8,90"
2026-09-27 17:10,"20,5",50,"9,7","1,21","8,90"
2026-09-27 17:11,"20,5",50,"9,7","1,21","8,90"
2026-09-27 17:12,"20,5",50,"9,7","1,21","8,90"
2026-09-27 17:13,"20,5",50,"9,7","1,21","8,90"
2026-09-27 17:14,"20,5",50,"9,8","1,21","8,92"
2026-09-27 17:15,"20,6",50,"9,8","1,21","8,95"
2026-09-27 17:16,"20,6",50,"9,8","1,21","8,95"
2026-09-27 17:17,"20,6",50,"9,8","1,21","8,95"
2026-09-27 17:18,"20,6",51,"10,1","1,19","9,13"
2026-09-27 17:19,"20,6",52,"10,4","1,16","9,31"
2026-09-27 17:20,"20,7",52,"10,4","1,17","9,33"
2026-09-27 17:21,"20,7",52,"10,5","1,17","9,36"
2026-09-27 17:22,"20,7",51,"10,2","1,20","9,18"
2026-09-27 17:23,"20,7",51,"10,2","1,20","9,18"
2026-09-27 17:24,"20,7",51,"10,2","1,20","9,18"
2026-09-27 17:25,"20,7",51,"10,2","1,20","9,18"
2026-09-27 17:26,"20,7",51,"10,2","1,20","9,18"
2026-09-27 17:27,"20,7",51,"10,2","1,20","9,18"
2026-09-27 17:28,"20,7",51,"10,2","1,20","9,18"
2026-09-27 17:29,"20,7",51,"10,2","1,20","9,18"
2026-09-27 17:30,"20,7",51,"10,2","1,20","9,18"
2026-09-27 17:31,"20,7",51,"10,2","1,20","9,18"
2026-09-27 17:32,"20,7",51,"10,2","1,20","9,18"
2026-09-27 17:33,"20,7",51,"10,2","1,20","9,18"
2026-09-27 17:34,"20,8",51,"10,2","1,20","9,21"
2026-09-27 17:35,"20,8",51,"10,3","1,20","9,23"
2026-09-27 17:36,"20,8",52,"10,6","1,18","9,42"
2026-09-27 17:37,"20,8",53,"10,9","1,15","9,60"
2026-09-27 17:38,"20,8",53,"10,9","1,16","9,62"
2026-09-27 17:39,"20,9",54,"11,2","1,14","9,83"
2026-09-27 17:40,"20,9",53,"11,0","1,16","9,65"
2026-09-27 17:41,"20,9",53,"11,0","1,16","9,65"
2026-09-27 17:42,"20,9",53,"11,0","1,16","9,65"
2026-09-27 17:43,"20,9",53,"11,0","1,16","9,65"
2026-09-27 17:44,"20,9",53,"11,0","1,16","9,65"
2026-09-27 17:45,"20,9",53,"11,0","1,16","9,65"
2026-09-27 17:46,"21,0",53,"11,0","1,17","9,68"
2026-09-27 17:47,"21,0",53,"11,1","1,17","9,71"
2026-09-27 17:48,"21,0",53,"11,1","1,17","9,71"
2026-09-27 17:49,"21,0",53,"11,1","1,17","9,71"
2026-09-27 17:50,"21,0",53,"11,1","1,17","9,71"
2026-09-27 17:51,"21,0",53,"11,1","1,17","9,71"
2026-09-27 17:52,"21,0",52,"10,8","1,19","9,53"
2026-09-27 17:53,"21,0",52,"10,8","1,19","9,53"
2026-09-27 17:54,"21,0",52,"10,8","1,19","9,53"
2026-09-27 17:55,"21,0",53,"11,1","1,17","9,71"
2026-09-27 17:56,"21,0",53,"11,1","1,17","9,74"
2026-09-27 17:57,"21,1",53,"11,1","1,18","9,77"
2026-09-27 17:58,"21,2",54,"11,5","1,15","9,98"
2026-09-27 17:59,"21,2",55,"11,8","1,13","10,19"
2026-09-27 18:00,"21,3",55,"11,8","1,14","10,22"
2026-09-27 18:01,"21,3",55,"11,9","1,14","10,25"
2026-09-27 18:02,"21,3",55,"11,9","1,14","10,25"
2026-09-27 18:03,"21,3",56,"12,2","1,11","10,44"
2026-09-27 18:04,"21,3",56,"12,2","1,12","10,47"
2026-09-27 18:05,"21,4",56,"12,3","1,12","10,50"
2026-09-27 18:06,"21,5",56,"12,3","1,12","10,53"
2026-09-27 18:07,"21,5",57,"12,6","1,10","10,75"
2026-09-27 18:08,"21,5",58,"12,9","1,08","10,94"
2026-09-27 18:09,"21,5",59,"13,1","1,05","11,13"
2026-09-27 18:10,"21,5",59,"13,2","1,05","11,16"
2026-09-27 18:11,"21,6",59,"13,2","1,06","11,19"
2026-09-27 18:12,"21,6",59,"13,2","1,06","11,19"
2026-09-27 18:13,"21,6",59,"13,2","1,06","11,19"
2026-09-27 18:14,"21,7",59,"13,3","1,06","11,22"
2026-09-27 18:15,"21,7",59,"13,3","1,06","11,25"
2026-09-27 18:16,"21,8",60,"13,6","1,04","11,48"
2026-09-27 18:17,"21,8",61,"13,9","1,02","11,70"
2026-09-27 18:18,"21,8",61,"14,0","1,02","11,74"
2026-09-27 18:19,"21,9",61,"14,0","1,02","11,77"
2026-09-27 18:20,"22,0",61,"14,1","1,03","11,81"
2026-09-27 18:21,"22,0",61,"14,1","1,03","11,84"
2026-09-27 18:22,"22,0",61,"14,2","1,03","11,87"
2026-09-27 18:23,"22,1",62,"14,5","1,01","12,10"
2026-09-27 18:24,"22,2",62,"14,5","1,01","12,14"
2026-09-27 18:25,"22,2",62,"14,6","1,02","12,17"
2026-09-27 18:26,"22,2",62,"14,6","1,02","12,17"
2026-09-27 18:27,"22,2",62,"14,6","1,02","12,17"
2026-09-27 18:28,"22,3",62,"14,6","1,02","12,21"
2026-09-27 18:29,"22,3",62,"14,7","1,02","12,24"
2026-09-27 18:30,"22,3",62,"14,7","1,02","12,24"
2026-09-27 18:31,"22,3",62,"14,7","1,02","12,24"
2026-09-27 18:32,"22,3",62,"14,7","1,02","12,24"
2026-09-27 18:33,"22,3",62,"14,7","1,02","12,24"
2026-09-27 18:34,"22,3",62,"14,7","1,02","12,24"
2026-09-27 18:35,"22,3",62,"14,7","1,02","12,24"
2026-09-27 18:36,"22,3",62,"14,7","1,03","12,28"
2026-09-27 18:37,"22,4",62,"14,8","1,03","12,31"
2026-09-27 18:38,"22,4",62,"14,8","1,03","12,31"
2026-09-27 18:39,"22,4",62,"14,8","1,03","12,31"
2026-09-27 18:40,"22,4",62,"14,8","1,03","12,31"
2026-09-27 18:41,"22,4",62,"14,8","1,03","12,31"
2026-09-27 18:42,"22,4",62,"14,8","1,03","12,31"
2026-09-27 18:43,"22,4",62,"14,8","1,03","12,31"
2026-09-27 18:44,"22,5",62,"14,8","1,03","12,35"
2026-09-27 18:45,"22,5",63,"15,1","1,01","12,58"
2026-09-27 18:46,"22,5",63,"15,1","1,01","12,62"
2026-09-27 18:47,"22,6",63,"15,2","1,01","12,66"
2026-09-27 18:48,"22,7",63,"15,2","1,02","12,69"
2026-09-27 18:49,"22,7",63,"15,3","1,02","12,73"
2026-09-27 18:50,"22,7",63,"15,3","1,02","12,73"
2026-09-27 18:51,"22,7",64,"15,5","0,99","12,93"
2026-09-27 18:52,"22,8",64,"15,6","1,00","13,00"
2026-09-27 18:53,"22,9",64,"15,7","1,01","13,08"
2026-09-27 18:54,"22,9",64,"15,7","1,01","13,08"
2026-09-27 18:55,"22,9",64,"15,7","1,01","13,08"
2026-09-27 18:56,"22,9",64,"15,7","1,01","13,08"
2026-09-27 18:57,"22,9",64,"15,7","1,01","13,08"
2026-09-27 18:58,"23,0",64,"15,8","1,01","13,12"
2026-09-27 18:59,"23,0",64,"15,8","1,01","13,15"
2026-09-27 19:00,"23,0",62,"15,3","1,07","12,74"
2026-09-27 19:01,"23,0",61,"15,1","1,10","12,54"
2026-09-27 19:02,"23,0",61,"15,1","1,10","12,54"
2026-09-27 19:03,"23,0",61,"15,1","1,10","12,54"
2026-09-27 19:04,"23,0",60,"14,8","1,12","12,33"
2026-09-27 19:05,"23,0",60,"14,8","1,12","12,33"
2026-09-27 19:06,"23,0",59,"14,6","1,16","12,16"
2026-09-27 19:07,"23,1",59,"14,6","1,16","12,20"
2026-09-27 19:08,"23,1",59,"14,6","1,16","12,20"
2026-09-27 19:09,"23,1",59,"14,6","1,16","12,20"
2026-09-27 19:10,"23,0",59,"14,6","1,16","12,16"
2026-09-27 19:11,"23,0",59,"14,6","1,15","12,13"
2026-09-27 19:12,"23,0",59,"14,6","1,15","12,13"
2026-09-27 19:13,"23,0",59,"14,6","1,15","12,13"
2026-09-27 19:14,"23,0",59,"14,5","1,15","12,09"
2026-09-27 19:15,"22,9",59,"14,5","1,14","12,06"
2026-09-27 19:16,"22,8",58,"14,1","1,17","11,82"
2026-09-27 19:17,"22,8",58,"14,1","1,17","11,79"
2026-09-27 19:18,"22,8",58,"14,1","1,17","11,79"
2026-09-27 19:19,"22,8",58,"14,1","1,17","11,79"
2026-09-27 19:20,"22,8",57,"13,8","1,19","11,58"
2026-09-27 19:21,"22,8",56,"13,6","1,22","11,38"
2026-09-27 19:22,"22,8",56,"13,6","1,22","11,41"
2026-09-27 19:23,"22,9",56,"13,7","1,23","11,44"
2026-09-27 19:24,"22,9",56,"13,7","1,23","11,44"
2026-09-27 19:25,"22,9",56,"13,7","1,23","11,44"
2026-09-27 19:26,"22,9",56,"13,7","1,23","11,44"
2026-09-27 19:27,"22,9",56,"13,7","1,23","11,44"
2026-09-27 19:28,"22,9",55,"13,4","1,26","11,24"
2026-09-27 19:29,"22,9",55,"13,4","1,26","11,24"
2026-09-27 19:30,"22,9",55,"13,4","1,26","11,24"
2026-09-27 19:31,"22,9",55,"13,4","1,26","11,24"
2026-09-27 19:32,"22,9",54,"13,1","1,28","11,04"
2026-09-27 19:33,"22,9",54,"13,1","1,28","11,04"
2026-09-27 19:34,"22,9",54,"13,1","1,28","11,04"
2026-09-27 19:35,"22,9",54,"13,1","1,28","11,04"
2026-09-27 19:36,"23,0",54,"13,1","1,29","11,07"
2026-09-27 19:37,"23,0",54,"13,2","1,29","11,10"
2026-09-27 19:38,"23,0",53,"12,9","1,32","10,89"
2026-09-27 19:39,"23,0",53,"12,9","1,32","10,89"
2026-09-27 19:40,"23,0",53,"12,9","1,32","10,89"
2026-09-27 19:41,"23,0",53,"12,9","1,32","10,89"
2026-09-27 19:42,"23,0",53,"12,9","1,32","10,89"
2026-09-27 19:43,"23,0",53,"12,9","1,32","10,89"
2026-09-27 19:44,"23,0",53,"12,9","1,32","10,89"
2026-09-27 19:45,"23,0",53,"12,9","1,32","10,89"
2026-09-27 19:46,"23,0",53,"12,9","1,32","10,89"
2026-09-27 19:47,"23,0",53,"12,9","1,32","10,89"
2026-09-27 19:48,"23,0",53,"12,9","1,32","10,89"
2026-09-27 19:49,"23,0",53,"12,9","1,32","10,89"
2026-09-27 19:50,"23,0",53,"12,9","1,32","10,89"
2026-09-27 19:51,"23,0",53,"12,9","1,32","10,89"
2026-09-27 19:52,"23,0",52,"12,6","1,35","10,69"
2026-09-27 19:53,"23,0",52,"12,6","1,35","10,69"
2026-09-27 19:54,"23,0",52,"12,7","1,35","10,72"
2026-09-27 19:55,"23,1",52,"12,7","1,36","10,75"
2026-09-27 19:56,"23,1",52,"12,7","1,36","10,75"
2026-09-27 19:57,"23,1",52,"12,7","1,36","10,75"
2026-09-27 19:58,"23,0",52,"12,7","1,35","10,72"
2026-09-27 19:59,"23,0",52,"12,6","1,35","10,69"
2026-09-27 20:00,"23,0",52,"12,6","1,35","10,69"
2026-09-27 20:01,"23,0",52,"12,6","1,35","10,69"
2026-09-27 20:02,"23,0",52,"12,6","1,35","10,69"
2026-09-27 20:03,"23,0",52,"12,6","1,35","10,69"
2026-09-27 20:04,"23,0",52,"12,6","1,35","10,69"
2026-09-27 20:05,"23,0",52,"12,6","1,35","10,69"
2026-09-27 20:06,"23,0",52,"12,6","1,35","10,69"
2026-09-27 20:07,"23,0",52,"12,6","1,35","10,69"
2026-09-27 20:08,"23,0",52,"12,6","1,35","10,69"
2026-09-27 20:09,"23,0",52,"12,6","1,35","10,69"
2026-09-27 20:10,"23,0",52,"12,6","1,35","10,69"
2026-09-27 20:11,"23,0",52,"12,6","1,35","10,69"
2026-09-27 20:12,"23,0",52,"12,6","1,35","10,69"
2026-09-27 20:13,"23,0",52,"12,6","1,35","10,69"
2026-09-27 20:14,"23,0",51,"12,3","1,38","10,48"
2026-09-27 20:15,"23,0",51,"12,3","1,38","10,48"
2026-09-27 20:16,"23,0",51,"12,3","1,38","10,48"
2026-09-27 20:17,"23,0",51,"12,3","1,38","10,48"
2026-09-27 20:18,"23,0",51,"12,4","1,38","10,51"
2026-09-27 20:19,"23,1",51,"12,4","1,38","10,54"
2026-09-27 20:20,"23,1",51,"12,4","1,38","10,54"
2026-09-27 20:21,"23,1",51,"12,4","1,38","10,54"
2026-09-27 20:22,"23,1",51,"12,4","1,38","10,54"
2026-09-27 20:23,"23,1",52,"12,7","1,36","10,75"
2026-09-27 20:24,"23,1",52,"12,7","1,36","10,75"
2026-09-27 20:25,"23,1",52,"12,7","1,36","10,75"
2026-09-27 20:26,"23,1",52,"12,7","1,36","10,75"
2026-09-27 20:27,"23,1",52,"12,7","1,36","10,75"
2026-09-27 20:28,"23,1",52,"12,7","1,36","10,75"
2026-09-27 20:29,"23,1",52,"12,7","1,36","10,75"
2026-09-27 20:30,"23,1",52,"12,7","1,36","10,75"
2026-09-27 20:31,"23,1",52,"12,7","1,36","10,75"
2026-09-27 20:32,"23,1",52,"12,7","1,36","10,75"
2026-09-27 20:33,"23,1",52,"12,7","1,36","10,75"
2026-09-27 20:34,"23,0",52,"12,7","1,35","10,72"
2026-09-27 20:35,"23,0",52,"12,6","1,35","10,69"
2026-09-27 20:36,"23,0",52,"12,6","1,35","10,69"
2026-09-27 20:37,"23,0",52,"12,6","1,35","10,69"
2026-09-27 20:38,"23,0",52,"12,6","1,35","10,69"
2026-09-27 20:39,"23,0",52,"12,6","1,35","10,69"
2026-09-27 20:40,"23,0",52,"12,6","1,35","10,69"
2026-09-27 20:41,"23,0",52,"12,6","1,35","10,69"
2026-09-27 20:42,"23,0",52,"12,6","1,35","10,69"
2026-09-27 20:43,"23,0",52,"12,6","1,35","10,69"
2026-09-27 20:44,"23,0",52,"12,6","1,35","10,69"
2026-09-27 20:45,"23,0",53,"12,9","1,32","10,89"
2026-09-27 20:46,"23,0",53,"12,9","1,32","10,89"
2026-09-27 20:47,"23,0",53,"12,9","1,32","10,89"
2026-09-27 20:48,"23,0",52,"12,6","1,35","10,69"
2026-09-27 20:49,"23,0",52,"12,6","1,35","10,69"
2026-09-27 20:50,"23,0",52,"12,6","1,35","10,69"
2026-09-27 20:51,"23,0",52,"12,6","1,35","10,69"
2026-09-27 20:52,"23,0",52,"12,6","1,35","10,69"
2026-09-27 20:53,"23,0",52,"12,6","1,35","10,69"
2026-09-27 20:54,"23,0",52,"12,6","1,34","10,66"
2026-09-27 20:55,"22,9",52,"12,5","1,34","10,63"
2026-09-27 20:56,"22,9",52,"12,5","1,34","10,63"
2026-09-27 20:57,"22,9",52,"12,5","1,34","10,63"
2026-09-27 20:58,"22,9",52,"12,5","1,34","10,63"
2026-09-27 20:59,"22,9",52,"12,5","1,34","10,63"
2026-09-27 21:00,"22,9",52,"12,5","1,34","10,63"
2026-09-27 21:01,"22,9",52,"12,5","1,34","10,63"
2026-09-27 21:02,"22,9",51,"12,2","1,37","10,42"
2026-09-27 21:03,"22,9",51,"12,2","1,37","10,42"
2026-09-27 21:04,"22,9",51,"12,2","1,37","10,42"
2026-09-27 21:05,"22,9",51,"12,2","1,37","10,42"
2026-09-27 21:06,"22,9",51,"12,2","1,37","10,42"
2026-09-27 21:07,"22,9",51,"12,2","1,37","10,42"
2026-09-27 21:08,"22,9",51,"12,2","1,37","10,42"
2026-09-27 21:09,"22,9",51,"12,2","1,37","10,42"
2026-09-27 21:10,"22,9",51,"12,2","1,37","10,42"
2026-09-27 21:11,"22,9",51,"12,2","1,37","10,42"
2026-09-27 21:12,"22,9",51,"12,2","1,37","10,42"
2026-09-27 21:13,"22,9",51,"12,2","1,37","10,42"
2026-09-27 21:14,"22,9",51,"12,2","1,37","10,42"
2026-09-27 21:15,"22,9",51,"12,2","1,37","10,42"
2026-09-27 21:16,"22,9",51,"12,2","1,37","10,42"
2026-09-27 21:17,"22,9",51,"12,2","1,37","10,42"
2026-09-27 21:18,"22,9",51,"12,2","1,37","10,42"
2026-09-27 21:19,"22,9",51,"12,2","1,37","10,42"
2026-09-27 21:20,"22,8",51,"12,2","1,36","10,39"
2026-09-27 21:21,"22,8",51,"12,1","1,36","10,36"
2026-09-27 21:22,"22,8",51,"12,1","1,36","10,36"
2026-09-27 21:23,"22,8",51,"12,1","1,36","10,36"
2026-09-27 21:24,"22,8",51,"12,1","1,36","10,36"
2026-09-27 21:25,"22,8",51,"12,1","1,36","10,36"
2026-09-27 21:26,"22,8",51,"12,1","1,36","10,36"
2026-09-27 21:27,"22,8",51,"12,1","1,36","10,36"
2026-09-27 21:28,"22,8",51,"12,1","1,36","10,36"
2026-09-27 21:29,"22,8",51,"12,1","1,36","10,36"
2026-09-27 21:30,"22,8",51,"12,1","1,36","10,36"
2026-09-27 21:31,"22,8",51,"12,1","1,36","10,36"
2026-09-27 21:32,"22,8",51,"12,1","1,36","10,36"
2026-09-27 21:33,"22,8",51,"12,1","1,36","10,36"
2026-09-27 21:34,"22,8",51,"12,1","1,36","10,36"
2026-09-27 21:35,"22,8",51,"12,1","1,36","10,36"
2026-09-27 21:36,"22,8",51,"12,1","1,36","10,36"
2026-09-27 21:37,"22,8",51,"12,1","1,36","10,36"
2026-09-27 21:38,"22,8",51,"12,1","1,36","10,36"
2026-09-27 21:39,"22,8",51,"12,1","1,36","10,36"
2026-09-27 21:40,"22,8",51,"12,1","1,36","10,36"
2026-09-27 21:41,"22,8",51,"12,1","1,36","10,36"
2026-09-27 21:42,"22,8",51,"12,1","1,36","10,33"
2026-09-27 21:43,"22,7",51,"12,0","1,35","10,30"
2026-09-27 21:44,"22,7",50,"11,7","1,38","10,10"
2026-09-27 21:45,"22,7",50,"11,7","1,38","10,10"
2026-09-27 21:46,"22,7",50,"11,7","1,38","10,10"
2026-09-27 21:47,"22,7",50,"11,7","1,38","10,10"
2026-09-27 21:48,"22,7",50,"11,7","1,38","10,10"
2026-09-27 21:49,"22,7",50,"11,7","1,38","10,10"
2026-09-27 21:50,"22,7",50,"11,7","1,38","10,10"
2026-09-27 21:51,"22,7",50,"11,7","1,38","10,10"
2026-09-27 21:52,"22,7",50,"11,7","1,38","10,10"
2026-09-27 21:53,"22,7",50,"11,7","1,38","10,10"
2026-09-27 21:54,"22,7",50,"11,7","1,38","10,10"
2026-09-27 21:55,"22,7",50,"11,7","1,38","10,10"
2026-09-27 21:56,"22,7",50,"11,7","1,38","10,10"
2026-09-27 21:57,"22,7",50,"11,7","1,38","10,10"
2026-09-27 21:58,"22,7",49,"11,4","1,41","9,90"
2026-09-27 21:59,"22,7",49,"11,4","1,41","9,90"
2026-09-27 22:00,"22,7",49,"11,4","1,41","9,90"
2026-09-27 22:01,"22,7",49,"11,4","1,41","9,90"
2026-09-27 22:02,"22,7",49,"11,4","1,41","9,90"
2026-09-27 22:03,"22,7",49,"11,4","1,41","9,90"
2026-09-27 22:04,"22,7",49,"11,4","1,41","9,90"
2026-09-27 22:05,"22,7",49,"11,4","1,41","9,90"
2026-09-27 22:06,"22,7",49,"11,4","1,40","9,87"
2026-09-27 22:07,"22,6",49,"11,3","1,40","9,84"
2026-09-27 22:08,"22,6",49,"11,3","1,40","9,84"
2026-09-27 22:09,"22,6",49,"11,3","1,40","9,84"
2026-09-27 22:10,"22,5",49,"11,3","1,39","9,82"
2026-09-27 22:11,"22,5",49,"11,2","1,39","9,79"
2026-09-27 22:12,"22,5",49,"11,2","1,39","9,79"
2026-09-27 22:13,"22,5",49,"11,2","1,39","9,79"
2026-09-27 22:14,"22,5",49,"11,2","1,39","9,79"
2026-09-27 22:15,"22,5",49,"11,2","1,39","9,79"
2026-09-27 22:16,"22,5",49,"11,2","1,39","9,79"
2026-09-27 22:17,"22,5",49,"11,2","1,39","9,79"
2026-09-27 22:18,"22,5",49,"11,2","1,39","9,79"
2026-09-27 22:19,"22,5",49,"11,2","1,39","9,79"
2026-09-27 22:20,"22,5",49,"11,2","1,39","9,79"
2026-09-27 22:21,"22,5",49,"11,2","1,39","9,79"
2026-09-27 22:22,"22,5",49,"11,2","1,39","9,79"
2026-09-27 22:23,"22,5",49,"11,2","1,39","9,79"
2026-09-27 22:24,"22,5",49,"11,2","1,39","9,79"
2026-09-27 22:25,"22,5",49,"11,2","1,39","9,79"
2026-09-27 22:26,"22,5",49,"11,2","1,39","9,79"
2026-09-27 22:27,"22,5",49,"11,2","1,39","9,79"
2026-09-27 22:28,"22,5",49,"11,2","1,39","9,76"
2026-09-27 22:29,"22,4",49,"11,2","1,38","9,73"
2026-09-27 22:30,"22,4",49,"11,2","1,38","9,73"
2026-09-27 22:31,"22,4",49,"11,2","1,38","9,73"
2026-09-27 22:32,"22,4",49,"11,2","1,38","9,73"
2026-09-27 22:33,"22,4",49,"11,2","1,38","9,73"
2026-09-27 22:34,"22,4",49,"11,2","1,38","9,73"
2026-09-27 22:35,"22,4",49,"11,2","1,38","9,73"
2026-09-27 22:36,"22,4",49,"11,2","1,38","9,73"
2026-09-27 22:37,"22,4",49,"11,2","1,38","9,73"
2026-09-27 22:38,"22,4",49,"11,2","1,38","9,73"
2026-09-27 22:39,"22,4",49,"11,2","1,38","9,73"
2026-09-27 22:40,"22,3",49,"11,1","1,38","9,70"
2026-09-27 22:41,"22,3",49,"11,1","1,37","9,68"
2026-09-27 22:42,"22,3",49,"11,1","1,37","9,68"
2026-09-27 22:43,"22,3",49,"11,1","1,37","9,68"
2026-09-27 22:44,"22,3",49,"11,0","1,37","9,65"
2026-09-27 22:45,"22,2",49,"11,0","1,36","9,62"
2026-09-27 22:46,"22,2",48,"10,7","1,39","9,42"
2026-09-27 22:47,"22,2",48,"10,7","1,39","9,42"
2026-09-27 22:48,"22,2",48,"10,7","1,39","9,42"
2026-09-27 22:49,"22,2",48,"10,7","1,39","9,42"
2026-09-27 22:50,"22,2",55,"12,7","1,20","10,80"
2026-09-27 22:51,"22,2",62,"14,6","1,02","12,17"
2026-09-27 22:52,"22,3",62,"14,6","1,02","12,21"
2026-09-27 22:53,"22,3",62,"14,7","1,02","12,24"
2026-09-27 22:54,"22,3",62,"14,7","1,03","12,28"
2026-09-27 22:55,"22,4",63,"15,0","1,00","12,51"
2026-09-27 22:56,"22,4",61,"14,5","1,06","12,11"
2026-09-27 22:57,"22,4",60,"14,3","1,08","11,92"
2026-09-27 22:58,"22,3",57,"13,4","1,16","11,29"
2026-09-27 22:59,"22,3",54,"12,5","1,24","10,66"
2026-09-27 23:00,"22,3",52,"11,9","1,29","10,24"
2026-09-27 23:01,"22,2",51,"11,6","1,31","10,01"
2026-09-27 23:02,"22,2",51,"11,5","1,31","9,98"
2026-09-27 23:03,"22,1",51,"11,5","1,30","9,96"
2026-09-27 23:04,"22,0",51,"11,4","1,30","9,93"
2026-09-27 23:05,"22,0",51,"11,4","1,30","9,90"
2026-09-27 23:06,"22,0",51,"11,4","1,30","9,90"
2026-09-27 23:07,"22,0",51,"11,4","1,30","9,90"
2026-09-27 23:08,"22,0",51,"11,3","1,29","9,87"
2026-09-27 23:09,"21,9",51,"11,3","1,29","9,84"
2026-09-27 23:10,"21,9",50,"11,0","1,31","9,65"
2026-09-27 23:11,"21,9",50,"11,0","1,31","9,65"
2026-09-27 23:12,"21,8",50,"11,0","1,31","9,62"
2026-09-27 23:13,"21,8",50,"10,9","1,31","9,59"
2026-09-27 23:14,"21,8",50,"10,9","1,31","9,59"
2026-09-27 23:15,"21,8",50,"10,9","1,31","9,59"
2026-09-27 23:16,"21,8",49,"10,6","1,33","9,37"
2026-09-27 23:17,"21,7",49,"10,5","1,32","9,35"
2026-09-27 23:18,"21,7",49,"10,5","1,32","9,35"
2026-09-27 23:19,"21,7",49,"10,5","1,32","9,35"
2026-09-27 23:20,"21,7",49,"10,5","1,32","9,32"
2026-09-27 23:21,"21,6",49,"10,4","1,32","9,29"
2026-09-27 23:22,"21,6",49,"10,4","1,32","9,29"
2026-09-27 23:23,"21,6",49,"10,4","1,32","9,29"
2026-09-27 23:24,"21,5",49,"10,4","1,31","9,27"
2026-09-27 23:25,"21,5",49,"10,3","1,31","9,24"
2026-09-27 23:26,"21,5",49,"10,3","1,31","9,24"
2026-09-27 23:27,"21,5",49,"10,3","1,31","9,24"
2026-09-27 23:28,"21,5",49,"10,3","1,31","9,24"
2026-09-27 23:29,"21,5",49,"10,3","1,31","9,24"
2026-09-27 23:30,"21,5",49,"10,3","1,30","9,21"
2026-09-27 23:31,"21,4",49,"10,2","1,30","9,19"
2026-09-27 23:32,"21,4",49,"10,2","1,30","9,19"
2026-09-27 23:33,"21,4",49,"10,2","1,30","9,19"
2026-09-27 23:34,"21,4",49,"10,2","1,30","9,19"
2026-09-27 23:35,"21,4",49,"10,2","1,30","9,19"
2026-09-27 23:36,"21,3",49,"10,2","1,30","9,16"
2026-09-27 23:37,"21,3",49,"10,1","1,29","9,13"
2026-09-27 23:38,"21,3",49,"10,1","1,29","9,13"
2026-09-27 23:39,"21,3",49,"10,1","1,29","9,13"
2026-09-27 23:40,"21,3",49,"10,1","1,29","9,13"
2026-09-27 23:41,"21,3",49,"10,1","1,29","9,13"
2026-09-27 23:42,"21,3",48,"9,8","1,31","8,92"
2026-09-27 23:43,"21,2",48,"9,7","1,31","8,90"
2026-09-27 23:44,"21,2",48,"9,7","1,31","8,90"
2026-09-27 23:45,"21,2",48,"9,7","1,31","8,90"
2026-09-27 23:46,"21,2",48,"9,7","1,31","8,90"
2026-09-27 23:47,"21,2",48,"9,7","1,31","8,90"
2026-09-27 23:48,"21,2",48,"9,7","1,31","8,87"
2026-09-27 23:49,"21,1",48,"9,7","1,30","8,84"
2026-09-27 23:50,"21,1",48,"9,7","1,30","8,84"
2026-09-27 23:51,"21,1",48,"9,7","1,30","8,84"
2026-09-27 23:52,"21,1",48,"9,7","1,30","8,84"
2026-09-27 23:53,"21,1",48,"9,7","1,30","8,84"
2026-09-27 23:54,"21,1",48,"9,7","1,30","8,84"
2026-09-27 23:55,"21,1",48,"9,7","1,30","8,84"
2026-09-27 23:56,"21,0",48,"9,6","1,30","8,82"
2026-09-27 23:57,"21,0",48,"9,6","1,29","8,79"
2026-09-27 23:58,"21,0",48,"9,6","1,29","8,79"
2026-09-27 23:59,"21,0",48,"9,6","1,29","8,79"
2026-09-28 00:00,"21,0",48,"9,6","1,29","8,79"
2026-09-28 00:01,"21,0",48,"9,6","1,29","8,79"
2026-09-28 00:02,"21,0",48,"9,6","1,29","8,79"
2026-09-28 00:03,"21,0",48,"9,6","1,29","8,79"
2026-09-28 00:04,"21,0",48,"9,5","1,29","8,77"
2026-09-28 00:05,"20,9",48,"9,5","1,29","8,74"
2026-09-28 00:06,"20,9",48,"9,5","1,29","8,74"
2026-09-28 00:07,"20,9",48,"9,5","1,29","8,74"
2026-09-28 00:08,"20,9",48,"9,5","1,29","8,74"
2026-09-28 00:09,"20,9",48,"9,5","1,29","8,74"
2026-09-28 00:10,"20,9",48,"9,5","1,29","8,74"
2026-09-28 00:11,"20,9",48,"9,5","1,29","8,74"
2026-09-28 00:12,"20,8",48,"9,4","1,28","8,72"
2026-09-28 00:13,"20,8",48,"9,4","1,28","8,69"
2026-09-28 00:14,"20,8",48,"9,4","1,28","8,69"
2026-09-28 00:15,"20,8",48,"9,4","1,28","8,69"
2026-09-28 00:16,"20,8",48,"9,4","1,28","8,69"
2026-09-28 00:17,"20,8",48,"9,4","1,28","8,69"
2026-09-28 00:18,"20,8",48,"9,4","1,28","8,69"
2026-09-28 00:19,"20,8",48,"9,4","1,28","8,69"
2026-09-28 00:20,"20,8",48,"9,3","1,27","8,67"
2026-09-28 00:21,"20,7",48,"9,3","1,27","8,64"
2026-09-28 00:22,"20,7",48,"9,3","1,27","8,64"
2026-09-28 00:23,"20,7",48,"9,3","1,27","8,64"
2026-09-28 00:24,"20,7",48,"9,3","1,27","8,64"
2026-09-28 00:25,"20,7",48,"9,3","1,27","8,64"
2026-09-28 00:26,"20,7",48,"9,3","1,27","8,64"
2026-09-28 00:27,"20,7",48,"9,3","1,27","8,64"
2026-09-28 00:28,"20,7",48,"9,3","1,27","8,64"
2026-09-28 00:29,"20,7",48,"9,3","1,27","8,64"
2026-09-28 00:30,"20,7",48,"9,2","1,27","8,62"
2026-09-28 00:31,"20,6",48,"9,2","1,26","8,59"
2026-09-28 00:32,"20,6",48,"9,2","1,26","8,59"
2026-09-28 00:33,"20,6",48,"9,2","1,26","8,59"
2026-09-28 00:34,"20,6",48,"9,2","1,26","8,59"
2026-09-28 00:35,"20,6",48,"9,2","1,26","8,59"
2026-09-28 00:36,"20,6",48,"9,2","1,26","8,59"
2026-09-28 00:37,"20,6",48,"9,2","1,26","8,59"
2026-09-28 00:38,"20,6",48,"9,2","1,26","8,59"
2026-09-28 00:39,"20,6",48,"9,2","1,26","8,59"
2026-09-28 00:40,"20,5",48,"9,2","1,26","8,57"
2026-09-28 00:41,"20,5",48,"9,1","1,25","8,54"
2026-09-28 00:42,"20,5",47,"8,8","1,28","8,36"
2026-09-28 00:43,"20,5",47,"8,8","1,28","8,36"
2026-09-28 00:44,"20,5",47,"8,8","1,28","8,36"
2026-09-28 00:45,"20,5",47,"8,8","1,28","8,36"
2026-09-28 00:46,"20,5",47,"8,7","1,27","8,34"
2026-09-28 00:47,"20,4",47,"8,7","1,27","8,31"
2026-09-28 00:48,"20,4",47,"8,7","1,27","8,31"
2026-09-28 00:49,"20,4",47,"8,7","1,27","8,31"
2026-09-28 00:50,"20,4",47,"8,7","1,27","8,31"
2026-09-28 00:51,"20,4",47,"8,7","1,27","8,31"
2026-09-28 00:52,"20,4",47,"8,7","1,27","8,31"
2026-09-28 00:53,"20,4",47,"8,7","1,27","8,31"
2026-09-28 00:54,"20,4",47,"8,7","1,27","8,31"
2026-09-28 00:55,"20,4",47,"8,7","1,27","8,31"
2026-09-28 00:56,"20,3",47,"8,7","1,27","8,29"
2026-09-28 00:57,"20,3",47,"8,6","1,26","8,27"
2026-09-28 00:58,"20,3",47,"8,6","1,26","8,27"
2026-09-28 00:59,"20,3",47,"8,6","1,26","8,27"
2026-09-28 01:00,"20,3",47,"8,6","1,26","8,27"
2026-09-28 01:01,"20,3",47,"8,6","1,26","8,27"
2026-09-28 01:02,"20,3",47,"8,6","1,26","8,27"
2026-09-28 01:03,"20,3",47,"8,6","1,26","8,27"
2026-09-28 01:04,"20,3",47,"8,6","1,26","8,27"
2026-09-28 01:05,"20,3",47,"8,6","1,26","8,27"
2026-09-28 01:06,"20,3",47,"8,6","1,26","8,27"
2026-09-28 01:07,"20,3",47,"8,6","1,26","8,27"
2026-09-28 01:08,"20,3",47,"8,6","1,26","8,24"
2026-09-28 01:09,"20,2",47,"8,5","1,25","8,22"
2026-09-28 01:10,"20,2",47,"8,5","1,25","8,22"
2026-09-28 01:11,"20,2",47,"8,5","1,25","8,22"
2026-09-28 01:12,"20,2",47,"8,5","1,25","8,22"
2026-09-28 01:13,"20,2",47,"8,5","1,25","8,22"
2026-09-28 01:14,"20,2",47,"8,5","1,25","8,22"
2026-09-28 01:15,"20,2",47,"8,5","1,25","8,22"
2026-09-28 01:16,"20,2",47,"8,5","1,25","8,22"
2026-09-28 01:17,"20,2",47,"8,5","1,25","8,22"
2026-09-28 01:18,"20,2",47,"8,5","1,25","8,22"
2026-09-28 01:19,"20,2",47,"8,5","1,25","8,22"
2026-09-28 01:20,"20,2",47,"8,5","1,25","8,22"
2026-09-28 01:21,"20,2",47,"8,5","1,25","8,22"
2026-09-28 01:22,"20,2",47,"8,5","1,25","8,19"
2026-09-28 01:23,"20,1",47,"8,4","1,25","8,17"
2026-09-28 01:24,"20,1",47,"8,4","1,25","8,17"
2026-09-28 01:25,"20,1",47,"8,4","1,25","8,17"
2026-09-28 01:26,"20,1",47,"8,4","1,25","8,17"
2026-09-28 01:27,"20,1",47,"8,4","1,25","8,17"
2026-09-28 01:28,"20,1",47,"8,4","1,25","8,17"
2026-09-28 01:29,"20,1",47,"8,4","1,25","8,17"
2026-09-28 01:30,"20,1",47,"8,4","1,25","8,17"
2026-09-28 01:31,"20,1",47,"8,4","1,25","8,17"
2026-09-28 01:32,"20,1",47,"8,4","1,25","8,17"
2026-09-28 01:33,"20,1",47,"8,4","1,25","8,17"
2026-09-28 01:34,"20,0",47,"8,4","1,24","8,15"
2026-09-28 01:35,"20,0",47,"8,3","1,24","8,12"
2026-09-28 01:36,"20,0",47,"8,3","1,24","8,12"
2026-09-28 01:37,"20,0",47,"8,3","1,24","8,12"
2026-09-28 01:38,"20,0",47,"8,3","1,24","8,12"
2026-09-28 01:39,"20,0",47,"8,3","1,24","8,12"
2026-09-28 01:40,"20,0",47,"8,3","1,24","8,12"
2026-09-28 01:41,"20,0",47,"8,3","1,24","8,12"
2026-09-28 01:42,"20,0",47,"8,3","1,24","8,12"
2026-09-28 01:43,"20,0",47,"8,3","1,24","8,12"
2026-09-28 01:44,"20,0",47,"8,3","1,24","8,12"
2026-09-28 01:45,"20,0",47,"8,3","1,24","8,12"
2026-09-28 01:46,"20,0",47,"8,3","1,24","8,12"
2026-09-28 01:47,"20,0",47,"8,3","1,24","8,12"
2026-09-28 01:48,"20,0",47,"8,3","1,24","8,10"
2026-09-28 01:49,"19,9",47,"8,2","1,23","8,08"
2026-09-28 01:50,"19,9",47,"8,2","1,23","8,08"
2026-09-28 01:51,"19,9",47,"8,2","1,23","8,08"
2026-09-28 01:52,"19,9",47,"8,2","1,23","8,08"
2026-09-28 01:53,"19,9",47,"8,2","1,23","8,08"
2026-09-28 01:54,"19,9",47,"8,2","1,23","8,08"
2026-09-28 01:55,"19,9",47,"8,2","1,23","8,08"
2026-09-28 01:56,"19,9",47,"8,2","1,23","8,08"
2026-09-28 01:57,"19,9",47,"8,2","1,23","8,08"
2026-09-28 01:58,"19,9",47,"8,2","1,23","8,08"
2026-09-28 01:59,"19,9",47,"8,2","1,23","8,08"
2026-09-28 02:00,"19,9",47,"8,2","1,23","8,08"
2026-09-28 02:01,"19,9",47,"8,2","1,23","8,08"
2026-09-28 02:02,"19,9",47,"8,2","1,23","8,08"
2026-09-28 02:03,"19,9",47,"8,2","1,23","8,08"
2026-09-28 02:04,"19,8",47,"8,2","1,23","8,05"
2026-09-28 02:05,"19,8",47,"8,2","1,22","8,03"
2026-09-28 02:06,"19,8",47,"8,2","1,22","8,03"
2026-09-28 02:07,"19,8",47,"8,2","1,22","8,03"
2026-09-28 02:08,"19,8",47,"8,2","1,22","8,03"
2026-09-28 02:09,"19,8",47,"8,2","1,22","8,03"
2026-09-28 02:10,"19,8",47,"8,2","1,22","8,03"
2026-09-28 02:11,"19,8",47,"8,2","1,22","8,03"
2026-09-28 02:12,"19,8",47,"8,2","1,22","8,03"
2026-09-28 02:13,"19,8",47,"8,2","1,22","8,03"
2026-09-28 02:14,"19,8",47,"8,2","1,22","8,03"
2026-09-28 02:15,"19,8",47,"8,2","1,22","8,03"
2026-09-28 02:16,"19,8",47,"8,2","1,22","8,03"
2026-09-28 02:17,"19,8",47,"8,2","1,22","8,03"
2026-09-28 02:18,"19,8",47,"8,2","1,22","8,03"
2026-09-28 02:19,"19,8",47,"8,2","1,22","8,03"
2026-09-28 02:20,"19,8",47,"8,2","1,22","8,03"
2026-09-28 02:21,"19,8",47,"8,2","1,22","8,03"
2026-09-28 02:22,"19,8",47,"8,1","1,22","8,00"
2026-09-28 02:23,"19,7",47,"8,1","1,22","7,98"
2026-09-28 02:24,"19,7",47,"8,1","1,22","7,98"
2026-09-28 02:25,"19,7",47,"8,1","1,22","7,98"
2026-09-28 02:26,"19,7",47,"8,1","1,22","7,98"
2026-09-28 02:27,"19,7",47,"8,1","1,22","7,98"
2026-09-28 02:28,"19,7",46,"7,7","1,24","7,81"
2026-09-28 02:29,"19,7",46,"7,7","1,24","7,81"
2026-09-28 02:30,"19,7",46,"7,7","1,24","7,81"
2026-09-28 02:31,"19,7",46,"7,7","1,24","7,81"
2026-09-28 02:32,"19,7",46,"7,7","1,24","7,81"
2026-09-28 02:33,"19,7",46,"7,7","1,24","7,81"
2026-09-28 02:34,"19,7",46,"7,7","1,24","7,81"
2026-09-28 02:35,"19,7",46,"7,7","1,24","7,81"
2026-09-28 02:36,"19,7",46,"7,7","1,24","7,81"
2026-09-28 02:37,"19,7",46,"7,7","1,24","7,81"
2026-09-28 02:38,"19,7",46,"7,7","1,24","7,81"
2026-09-28 02:39,"19,7",46,"7,7","1,24","7,81"
2026-09-28 02:40,"19,7",46,"7,7","1,24","7,79"
2026-09-28 02:41,"19,6",46,"7,7","1,23","7,77"
2026-09-28 02:42,"19,6",46,"7,7","1,23","7,77"
2026-09-28 02:43,"19,6",46,"7,7","1,23","7,77"
2026-09-28 02:44,"19,6",46,"7,7","1,23","7,77"
2026-09-28 02:45,"19,6",46,"7,7","1,23","7,77"
2026-09-28 02:46,"19,6",46,"7,7","1,23","7,77"
2026-09-28 02:47,"19,6",46,"7,7","1,23","7,77"
2026-09-28 02:48,"19,6",46,"7,7","1,23","7,77"
2026-09-28 02:49,"19,6",46,"7,7","1,23","7,77"
2026-09-28 02:50,"19,6",46,"7,7","1,23","7,77"
2026-09-28 02:51,"19,6",46,"7,7","1,23","7,77"
2026-09-28 02:52,"19,6",46,"7,7","1,23","7,77"
2026-09-28 02:53,"19,6",46,"7,7","1,23","7,77"
2026-09-28 02:54,"19,6",46,"7,7","1,23","7,77"
2026-09-28 02:55,"19,6",46,"7,7","1,23","7,77"
2026-09-28 02:56,"19,6",46,"7,7","1,23","7,77"
2026-09-28 02:57,"19,6",46,"7,7","1,23","7,77"
2026-09-28 02:58,"19,5",46,"7,6","1,23","7,74"
2026-09-28 02:59,"19,5",46,"7,6","1,22","7,72"
2026-09-28 03:00,"19,5",46,"7,6","1,22","7,72"
2026-09-28 03:01,"19,5",46,"7,6","1,22","7,72"
2026-09-28 03:02,"19,5",46,"7,6","1,22","7,72"
2026-09-28 03:03,"19,5",46,"7,6","1,22","7,72"
2026-09-28 03:04,"19,5",46,"7,6","1,22","7,72"
2026-09-28 03:05,"19,5",46,"7,6","1,22","7,72"
2026-09-28 03:06,"19,5",46,"7,6","1,22","7,72"
2026-09-28 03:07,"19,5",46,"7,6","1,22","7,72"
2026-09-28 03:08,"19,5",46,"7,6","1,22","7,72"
2026-09-28 03:09,"19,5",46,"7,6","1,22","7,72"
2026-09-28 03:10,"19,5",46,"7,6","1,22","7,72"
2026-09-28 03:11,"19,5",46,"7,6","1,22","7,72"
2026-09-28 03:12,"19,5",46,"7,6","1,22","7,72"
2026-09-28 03:13,"19,5",46,"7,6","1,22","7,72"
2026-09-28 03:14,"19,5",46,"7,6","1,22","7,72"
2026-09-28 03:15,"19,5",46,"7,6","1,22","7,72"
2026-09-28 03:16,"19,5",46,"7,5","1,22","7,70"
2026-09-28 03:17,"19,4",46,"7,5","1,22","7,67"
2026-09-28 03:18,"19,4",46,"7,5","1,22","7,67"
2026-09-28 03:19,"19,4",46,"7,5","1,22","7,67"
2026-09-28 03:20,"19,4",46,"7,5","1,22","7,67"
2026-09-28 03:21,"19,4",46,"7,5","1,22","7,67"
2026-09-28 03:22,"19,4",46,"7,5","1,22","7,67"
2026-09-28 03:23,"19,4",46,"7,5","1,22","7,67"
2026-09-28 03:24,"19,4",46,"7,5","1,22","7,67"
2026-09-28 03:25,"19,4",46,"7,5","1,22","7,67"
2026-09-28 03:26,"19,4",46,"7,5","1,22","7,67"
2026-09-28 03:27,"19,4",46,"7,5","1,22","7,67"
2026-09-28 03:28,"19,4",46,"7,5","1,22","7,67"
2026-09-28 03:29,"19,4",46,"7,5","1,22","7,67"
2026-09-28 03:30,"19,4",46,"7,5","1,22","7,67"
2026-09-28 03:31,"19,4",46,"7,5","1,22","7,67"
2026-09-28 03:32,"19,4",46,"7,5","1,22","7,67"
2026-09-28 03:33,"19,4",46,"7,5","1,22","7,67"
2026-09-28 03:34,"19,4",46,"7,5","1,22","7,67"
2026-09-28 03:35,"19,4",46,"7,5","1,22","7,67"
2026-09-28 03:36,"19,4",46,"7,5","1,22","7,67"
2026-09-28 03:37,"19,4",46,"7,5","1,22","7,67"
2026-09-28 03:38,"19,4",46,"7,5","1,22","7,67"
2026-09-28 03:39,"19,4",46,"7,5","1,22","7,67"
2026-09-28 03:40,"19,4",46,"7,5","1,22","7,67"
2026-09-28 03:41,"19,4",46,"7,5","1,22","7,67"
2026-09-28 03:42,"19,4",46,"7,5","1,22","7,67"
2026-09-28 03:43,"19,4",46,"7,5","1,22","7,67"
2026-09-28 03:44,"19,3",46,"7,4","1,21","7,65"
2026-09-28 03:45,"19,3",46,"7,4","1,21","7,63"
2026-09-28 03:46,"19,3",46,"7,4","1,21","7,63"
2026-09-28 03:47,"19,3",46,"7,4","1,21","7,63"
2026-09-28 03:48,"19,3",46,"7,4","1,21","7,63"
2026-09-28 03:49,"19,3",46,"7,4","1,21","7,63"
2026-09-28 03:50,"19,3",46,"7,4","1,21","7,63"
2026-09-28 03:51,"19,3",46,"7,4","1,21","7,63"
2026-09-28 03:52,"19,3",46,"7,4","1,21","7,63"
2026-09-28 03:53,"19,3",46,"7,4","1,21","7,63"
2026-09-28 03:54,"19,3",46,"7,4","1,21","7,63"
2026-09-28 03:55,"19,3",46,"7,4","1,21","7,63"
2026-09-28 03:56,"19,3",46,"7,4","1,21","7,63"
2026-09-28 03:57,"19,3",46,"7,4","1,21","7,63"
2026-09-28 03:58,"19,3",46,"7,4","1,21","7,63"
2026-09-28 03:59,"19,3",46,"7,4","1,21","7,63"
2026-09-28 04:00,"19,3",46,"7,4","1,21","7,63"
2026-09-28 04:01,"19,3",46,"7,4","1,21","7,63"
2026-09-28 04:02,"19,3",46,"7,4","1,21","7,63"
2026-09-28 04:03,"19,3",46,"7,4","1,21","7,63"
2026-09-28 04:04,"19,3",46,"7,4","1,21","7,63"
2026-09-28 04:05,"19,3",46,"7,4","1,21","7,63"
2026-09-28 04:06,"19,3",46,"7,4","1,21","7,63"
2026-09-28 04:07,"19,3",46,"7,4","1,21","7,63"
2026-09-28 04:08,"19,3",46,"7,4","1,21","7,63"
2026-09-28 04:09,"19,3",46,"7,4","1,21","7,63"
2026-09-28 04:10,"19,3",46,"7,4","1,21","7,63"
2026-09-28 04:11,"19,3",46,"7,4","1,21","7,63"
2026-09-28 04:12,"19,3",46,"7,4","1,21","7,63"
2026-09-28 04:13,"19,3",46,"7,4","1,21","7,63"
2026-09-28 04:14,"19,3",46,"7,4","1,21","7,63"
2026-09-28 04:15,"19,3",46,"7,4","1,21","7,63"
2026-09-28 04:16,"19,3",46,"7,4","1,21","7,63"
2026-09-28 04:17,"19,3",46,"7,4","1,21","7,63"
2026-09-28 04:18,"19,3",46,"7,4","1,21","7,63"
2026-09-28 04:19,"19,3",46,"7,4","1,21","7,63"
2026-09-28 04:20,"19,3",46,"7,4","1,21","7,63"
2026-09-28 04:21,"19,3",46,"7,4","1,21","7,63"
2026-09-28 04:22,"19,3",46,"7,4","1,21","7,63"
2026-09-28 04:23,"19,3",46,"7,4","1,21","7,63"
2026-09-28 04:24,"19,3",46,"7,4","1,21","7,63"
2026-09-28 04:25,"19,3",46,"7,4","1,21","7,63"
2026-09-28 04:26,"19,3",46,"7,4","1,21","7,63"
2026-09-28 04:27,"19,3",46,"7,4","1,21","7,63"
2026-09-28 04:28,"19,3",46,"7,4","1,21","7,63"
2026-09-28 04:29,"19,3",46,"7,4","1,21","7,63"
2026-09-28 04:30,"19,3",46,"7,4","1,21","7,63"
2026-09-28 04:31,"19,3",46,"7,4","1,21","7,63"
2026-09-28 04:32,"19,3",46,"7,4","1,21","7,63"
2026-09-28 04:33,"19,3",46,"7,4","1,21","7,63"
2026-09-28 04:34,"19,3",46,"7,4","1,21","7,63"
2026-09-28 04:35,"19,3",46,"7,4","1,21","7,63"
2026-09-28 04:36,"19,3",46,"7,3","1,21","7,61"
2026-09-28 04:37,"19,2",46,"7,3","1,20","7,59"
2026-09-28 04:38,"19,2",46,"7,3","1,20","7,59"
2026-09-28 04:39,"19,2",46,"7,3","1,20","7,59"
2026-09-28 04:40,"19,2",46,"7,3","1,20","7,59"
2026-09-28 04:41,"19,2",46,"7,3","1,20","7,59"
2026-09-28 04:42,"19,2",46,"7,3","1,20","7,59"
2026-09-28 04:43,"19,2",46,"7,3","1,20","7,59"
2026-09-28 04:44,"19,2",46,"7,3","1,20","7,59"
2026-09-28 04:45,"19,2",46,"7,3","1,20","7,59"
2026-09-28 04:46,"19,2",46,"7,3","1,20","7,59"
2026-09-28 04:47,"19,2",46,"7,3","1,20","7,59"
2026-09-28 04:48,"19,2",46,"7,3","1,20","7,59"
2026-09-28 04:49,"19,2",46,"7,3","1,20","7,59"
2026-09-28 04:50,"19,2",46,"7,3","1,20","7,59"
2026-09-28 04:51,"19,2",46,"7,3","1,20","7,59"
2026-09-28 04:52,"19,2",46,"7,3","1,20","7,59"
2026-09-28 04:53,"19,2",46,"7,3","1,20","7,59"
2026-09-28 04:54,"19,2",46,"7,3","1,20","7,59"
2026-09-28 04:55,"19,2",47,"7,6","1,18","7,75"
2026-09-28 04:56,"19,2",47,"7,6","1,18","7,75"
2026-09-28 04:57,"19,2",47,"7,6","1,18","7,75"
2026-09-28 04:58,"19,2",47,"7,6","1,18","7,75"
2026-09-28 04:59,"19,2",47,"7,6","1,18","7,75"
2026-09-28 05:00,"19,2",47,"7,6","1,18","7,75"
2026-09-28 05:01,"19,2",47,"7,6","1,18","7,75"
2026-09-28 05:02,"19,2",47,"7,6","1,18","7,75"
2026-09-28 05:03,"19,2",47,"7,6","1,18","7,75"
2026-09-28 05:04,"19,2",47,"7,6","1,18","7,75"
2026-09-28 05:05,"19,2",47,"7,6","1,18","7,75"
2026-09-28 05:06,"19,2",47,"7,6","1,18","7,75"
2026-09-28 05:07,"19,2",47,"7,6","1,18","7,75"
2026-09-28 05:08,"19,2",47,"7,6","1,18","7,75"
2026-09-28 05:09,"19,2",47,"7,6","1,18","7,75"
2026-09-28 05:10,"19,2",47,"7,6","1,18","7,75"
2026-09-28 05:11,"19,2",47,"7,6","1,18","7,75"
2026-09-28 05:12,"19,2",47,"7,6","1,18","7,75"
2026-09-28 05:13,"19,2",47,"7,6","1,18","7,75"
2026-09-28 05:14,"19,2",47,"7,6","1,18","7,75"
2026-09-28 05:15,"19,2",47,"7,6","1,18","7,75"
2026-09-28 05:16,"19,2",47,"7,6","1,18","7,75"
2026-09-28 05:17,"19,2",47,"7,6","1,18","7,75"
2026-09-28 05:18,"19,2",47,"7,6","1,18","7,75"
2026-09-28 05:19,"19,2",47,"7,6","1,18","7,75"
2026-09-28 05:20,"19,2",47,"7,6","1,18","7,75"
2026-09-28 05:21,"19,2",47,"7,6","1,18","7,75"
2026-09-28 05:22,"19,2",47,"7,6","1,18","7,75"
2026-09-28 05:23,"19,2",47,"7,6","1,18","7,75"
2026-09-28 05:24,"19,2",47,"7,6","1,18","7,75"
2026-09-28 05:25,"19,2",47,"7,6","1,18","7,75"
2026-09-28 05:26,"19,2",47,"7,6","1,18","7,75"
2026-09-28 05:27,"19,2",47,"7,6","1,18","7,75"
2026-09-28 05:28,"19,2",47,"7,6","1,18","7,75"
2026-09-28 05:29,"19,2",47,"7,6","1,18","7,75"
2026-09-28 05:30,"19,2",47,"7,6","1,18","7,75"
2026-09-28 05:31,"19,2",47,"7,6","1,18","7,75"
2026-09-28 05:32,"19,2",47,"7,6","1,18","7,75"
2026-09-28 05:33,"19,2",47,"7,6","1,18","7,75"
2026-09-28 05:34,"19,2",47,"7,6","1,18","7,75"
2026-09-28 05:35,"19,2",47,"7,6","1,18","7,75"
2026-09-28 05:36,"19,2",47,"7,6","1,18","7,75"
2026-09-28 05:37,"19,2",47,"7,6","1,18","7,75"
2026-09-28 05:38,"19,2",47,"7,6","1,18","7,75"
2026-09-28 05:39,"19,2",47,"7,6","1,18","7,75"
2026-09-28 05:40,"19,2",47,"7,6","1,18","7,75"
2026-09-28 05:41,"19,2",47,"7,6","1,18","7,75"
2026-09-28 05:42,"19,2",47,"7,6","1,18","7,75"
2026-09-28 05:43,"19,2",47,"7,6","1,18","7,75"
2026-09-28 05:44,"19,2",47,"7,6","1,18","7,75"
2026-09-28 05:45,"19,2",47,"7,6","1,18","7,75"
2026-09-28 05:46,"19,2",47,"7,6","1,18","7,75"
2026-09-28 05:47,"19,2",47,"7,6","1,18","7,75"
2026-09-28 05:48,"19,2",47,"7,6","1,18","7,75"
2026-09-28 05:49,"19,2",47,"7,6","1,18","7,75"
2026-09-28 05:50,"19,2",47,"7,6","1,18","7,75"
2026-09-28 05:51,"19,2",47,"7,6","1,18","7,75"
2026-09-28 05:52,"19,2",47,"7,6","1,18","7,75"
2026-09-28 05:53,"19,2",47,"7,6","1,18","7,75"
2026-09-28 05:54,"19,2",47,"7,6","1,18","7,75"
2026-09-28 05:55,"19,2",47,"7,6","1,18","7,75"
2026-09-28 05:56,"19,2",47,"7,6","1,18","7,75"
2026-09-28 05:57,"19,2",47,"7,6","1,18","7,75"
2026-09-28 05:58,"19,2",47,"7,6","1,18","7,75"
2026-09-28 05:59,"19,2",47,"7,6","1,18","7,75"
2026-09-28 06:00,"19,2",47,"7,6","1,18","7,75"
2026-09-28 06:01,"19,2",47,"7,6","1,18","7,75"
2026-09-28 06:02,"19,2",47,"7,6","1,18","7,75"
2026-09-28 06:03,"19,2",47,"7,6","1,18","7,75"
2026-09-28 06:04,"19,2",47,"7,6","1,18","7,75"
2026-09-28 06:05,"19,2",47,"7,6","1,18","7,75"
2026-09-28 06:06,"19,2",47,"7,6","1,18","7,75"
2026-09-28 06:07,"19,2",47,"7,6","1,18","7,75"
2026-09-28 06:08,"19,2",47,"7,6","1,18","7,75"
2026-09-28 06:09,"19,2",47,"7,6","1,18","7,75"
2026-09-28 06:10,"19,2",47,"7,6","1,18","7,75"
2026-09-28 06:11,"19,2",47,"7,6","1,18","7,75"
2026-09-28 06:12,"19,2",47,"7,6","1,18","7,75"
2026-09-28 06:13,"19,2",47,"7,6","1,18","7,75"
2026-09-28 06:14,"19,2",47,"7,6","1,18","7,75"
2026-09-28 06:15,"19,2",47,"7,6","1,18","7,75"
2026-09-28 06:16,"19,3",47,"7,7","1,18","7,77"
2026-09-28 06:17,"19,3",47,"7,7","1,19","7,80"
2026-09-28 06:18,"19,3",47,"7,7","1,19","7,80"
2026-09-28 06:19,"19,3",47,"7,7","1,19","7,80"
2026-09-28 06:20,"19,3",47,"7,7","1,19","7,82"
2026-09-28 06:21,"19,4",47,"7,8","1,19","7,84"
2026-09-28 06:22,"19,4",47,"7,8","1,19","7,84"
2026-09-28 06:23,"19,4",47,"7,8","1,19","7,84"
2026-09-28 06:24,"19,4",47,"7,8","1,19","7,84"
2026-09-28 06:25,"19,4",47,"7,8","1,19","7,84"
2026-09-28 06:26,"19,5",47,"7,8","1,20","7,86"
2026-09-28 06:27,"19,5",47,"7,9","1,20","7,89"
2026-09-28 06:28,"19,5",47,"7,9","1,20","7,89"
2026-09-28 06:29,"19,5",47,"7,9","1,20","7,89"
2026-09-28 06:30,"19,5",47,"7,9","1,20","7,89"
2026-09-28 06:31,"19,5",47,"7,9","1,20","7,89"
2026-09-28 06:32,"19,5",47,"7,9","1,21","7,91"
2026-09-28 06:33,"19,6",47,"8,0","1,21","7,93"
2026-09-28 06:34,"19,7",47,"8,0","1,21","7,96"
2026-09-28 06:35,"19,7",47,"8,1","1,22","7,98"
2026-09-28 06:36,"19,7",47,"8,1","1,22","7,98"
2026-09-28 06:37,"19,7",48,"8,4","1,19","8,15"
2026-09-28 06:38,"19,8",48,"8,4","1,20","8,17"
2026-09-28 06:39,"19,8",48,"8,5","1,20","8,20"
2026-09-28 06:40,"19,8",48,"8,5","1,20","8,20"
2026-09-28 06:41,"19,8",49,"8,8","1,18","8,37"
2026-09-28 06:42,"19,8",49,"8,8","1,18","8,39"
2026-09-28 06:43,"19,9",49,"8,9","1,19","8,42"
2026-09-28 06:44,"19,9",49,"8,9","1,19","8,42"
2026-09-28 06:45,"19,9",49,"8,9","1,19","8,42"
2026-09-28 06:46,"19,9",49,"8,9","1,19","8,42"
2026-09-28 06:47,"19,9",49,"8,9","1,19","8,42"
2026-09-28 06:48,"20,0",48,"8,6","1,21","8,27"
2026-09-28 06:49,"20,0",48,"8,6","1,22","8,30"
2026-09-28 06:50,"20,0",48,"8,6","1,22","8,30"
2026-09-28 06:51,"20,0",48,"8,6","1,22","8,30"
2026-09-28 06:52,"20,0",48,"8,6","1,22","8,30"
2026-09-28 06:53,"20,0",49,"9,0","1,19","8,47"
2026-09-28 06:54,"20,0",49,"9,0","1,19","8,47"
2026-09-28 06:55,"20,0",49,"9,0","1,19","8,47"
2026-09-28 06:56,"20,0",48,"8,7","1,22","8,32"
2026-09-28 06:57,"20,1",48,"8,7","1,22","8,34"
2026-09-28 06:58,"20,1",48,"8,7","1,22","8,34"
2026-09-28 06:59,"20,1",48,"8,7","1,22","8,34"
2026-09-28 07:00,"20,1",48,"8,7","1,22","8,34"
2026-09-28 07:01,"20,1",48,"8,7","1,22","8,34"
2026-09-28 07:02,"20,2",48,"8,8","1,23","8,37"
2026-09-28 07:03,"20,2",48,"8,8","1,23","8,39"
2026-09-28 07:04,"20,2",48,"8,8","1,23","8,39"
2026-09-28 07:05,"20,2",48,"8,8","1,23","8,39"
2026-09-28 07:06,"20,2",48,"8,8","1,23","8,39"
2026-09-28 07:07,"20,2",48,"8,8","1,23","8,39"
2026-09-28 07:08,"20,3",48,"8,9","1,23","8,42"
2026-09-28 07:09,"20,3",48,"8,9","1,24","8,44"
2026-09-28 07:10,"20,3",48,"8,9","1,24","8,44"
2026-09-28 07:11,"20,3",48,"8,9","1,24","8,44"
2026-09-28 07:12,"20,3",48,"9,0","1,24","8,47"
2026-09-28 07:13,"20,4",48,"9,0","1,25","8,49"
2026-09-28 07:14,"20,5",48,"9,1","1,25","8,52"
2026-09-28 07:15,"20,5",48,"9,1","1,25","8,54"
2026-09-28 07:16,"20,5",48,"9,1","1,25","8,54"
2026-09-28 07:17,"20,5",48,"9,1","1,25","8,54"
2026-09-28 07:18,"20,5",48,"9,1","1,25","8,54"
2026-09-28 07:19,"20,5",48,"9,1","1,25","8,54"
2026-09-28 07:20,"20,5",48,"9,1","1,25","8,54"
2026-09-28 07:21,"20,5",48,"9,1","1,25","8,54"
2026-09-28 07:22,"20,5",48,"9,2","1,26","8,57"
2026-09-28 07:23,"20,6",48,"9,2","1,26","8,59"
2026-09-28 07:24,"20,6",48,"9,2","1,26","8,59"
2026-09-28 07:25,"20,6",48,"9,2","1,26","8,59"
2026-09-28 07:26,"20,7",48,"9,2","1,27","8,62"
2026-09-28 07:27,"20,7",48,"9,3","1,27","8,64"
2026-09-28 07:28,"20,7",48,"9,3","1,27","8,64"
2026-09-28 07:29,"20,7",48,"9,3","1,27","8,64"
2026-09-28 07:30,"20,8",49,"9,6","1,25","8,85"
2026-09-28 07:31,"20,8",51,"10,3","1,20","9,23"
2026-09-28 07:32,"20,8",51,"10,3","1,20","9,23"
2026-09-28 07:33,"20,8",51,"10,3","1,20","9,23"
2026-09-28 07:34,"20,8",50,"10,0","1,23","9,05"
2026-09-28 07:35,"20,8",49,"9,7","1,25","8,87"
2026-09-28 07:36,"20,8",49,"9,7","1,25","8,87"
2026-09-28 07:37,"20,8",50,"10,0","1,23","9,05"
2026-09-28 07:38,"20,8",50,"10,0","1,23","9,08"
2026-09-28 07:39,"20,9",50,"10,1","1,24","9,11"
2026-09-28 07:40,"20,9",50,"10,1","1,24","9,11"
2026-09-28 07:41,"20,9",50,"10,1","1,24","9,11"
2026-09-28 07:42,"20,9",50,"10,1","1,24","9,11"
2026-09-28 07:43,"20,9",50,"10,1","1,24","9,11"
2026-09-28 07:44,"21,0",49,"9,8","1,26","8,95"
2026-09-28 07:45,"21,0",49,"9,9","1,27","8,98"
2026-09-28 07:46,"21,0",49,"9,9","1,27","8,98"
2026-09-28 07:47,"21,0",49,"9,9","1,27","8,98"
2026-09-28 07:48,"21,0",49,"9,9","1,27","8,98"
2026-09-28 07:49,"21,0",49,"9,9","1,27","8,98"
2026-09-28 07:50,"21,0",49,"9,9","1,27","9,00"
2026-09-28 07:51,"21,1",49,"10,0","1,28","9,03"
2026-09-28 07:52,"21,1",49,"10,0","1,28","9,03"
2026-09-28 07:53,"21,1",49,"10,0","1,28","9,03"
2026-09-28 07:54,"21,2",49,"10,0","1,28","9,05"
2026-09-28 07:55,"21,2",49,"10,1","1,28","9,08"
2026-09-28 07:56,"21,2",49,"10,1","1,28","9,08"
2026-09-28 07:57,"21,2",49,"10,1","1,28","9,08"
2026-09-28 07:58,"21,2",49,"10,1","1,28","9,08"
2026-09-28 07:59,"21,2",49,"10,1","1,28","9,08"
2026-09-28 08:00,"21,2",49,"10,1","1,28","9,08"
2026-09-28 08:01,"21,2",49,"10,1","1,28","9,08"
2026-09-28 08:02,"21,2",48,"9,7","1,31","8,90"
2026-09-28 08:03,"21,2",48,"9,7","1,31","8,90"
2026-09-28 08:04,"21,2",47,"9,4","1,33","8,71"
2026-09-28 08:05,"21,2",47,"9,4","1,33","8,71"
2026-09-28 08:06,"21,2",47,"9,4","1,33","8,71"
2026-09-28 08:07,"21,2",47,"9,4","1,33","8,71"
2026-09-28 08:08,"21,2",47,"9,4","1,33","8,71"
2026-09-28 08:09,"21,2",47,"9,4","1,33","8,71"
2026-09-28 08:10,"21,2",47,"9,4","1,33","8,71"
2026-09-28 08:11,"21,2",47,"9,4","1,33","8,71"
2026-09-28 08:12,"21,2",47,"9,4","1,33","8,71"
2026-09-28 08:13,"21,2",47,"9,4","1,33","8,71"
2026-09-28 08:14,"21,2",47,"9,4","1,33","8,71"
2026-09-28 08:15,"21,2",47,"9,4","1,33","8,71"
2026-09-28 08:16,"21,2",47,"9,4","1,33","8,71"
2026-09-28 08:17,"21,2",47,"9,4","1,33","8,71"
2026-09-28 08:18,"21,2",47,"9,4","1,33","8,71"
2026-09-28 08:19,"21,2",47,"9,4","1,33","8,71"
2026-09-28 08:20,"21,2",47,"9,4","1,33","8,71"
2026-09-28 08:21,"21,2",47,"9,4","1,33","8,71"
2026-09-28 08:22,"21,2",47,"9,4","1,33","8,71"
2026-09-28 08:23,"21,2",47,"9,4","1,33","8,71"
2026-09-28 08:24,"21,2",47,"9,4","1,33","8,71"
2026-09-28 08:25,"21,2",47,"9,4","1,33","8,71"
2026-09-28 08:26,"21,3",47,"9,5","1,34","8,74"
2026-09-28 08:27,"21,3",47,"9,5","1,34","8,76"
2026-09-28 08:28,"21,3",47,"9,5","1,34","8,76"
2026-09-28 08:29,"21,3",47,"9,5","1,34","8,76"
2026-09-28 08:30,"21,3",47,"9,5","1,34","8,76"
2026-09-28 08:31,"21,3",47,"9,5","1,34","8,76"
2026-09-28 08:32,"21,3",47,"9,5","1,34","8,76"
2026-09-28 08:33,"21,3",47,"9,5","1,34","8,76"
2026-09-28 08:34,"21,3",47,"9,5","1,34","8,76"
2026-09-28 08:35,"21,3",47,"9,5","1,34","8,76"
2026-09-28 08:36,"21,3",47,"9,6","1,35","8,79"
2026-09-28 08:37,"21,4",48,"9,9","1,33","9,00"
2026-09-28 08:38,"21,4",48,"9,9","1,33","9,00"
2026-09-28 08:39,"21,4",48,"9,9","1,33","9,00"
2026-09-28 08:40,"21,4",48,"9,9","1,33","9,00"
2026-09-28 08:41,"21,4",48,"9,9","1,33","9,00"
2026-09-28 08:42,"21,5",48,"10,0","1,33","9,03"
2026-09-28 08:43,"21,5",48,"10,0","1,33","9,05"
2026-09-28 08:44,"21,5",48,"10,0","1,33","9,05"
2026-09-28 08:45,"21,5",48,"10,0","1,33","9,05"
2026-09-28 08:46,"21,5",48,"10,0","1,33","9,05"
2026-09-28 08:47,"21,5",48,"10,0","1,33","9,05"
2026-09-28 08:48,"21,5",48,"10,0","1,33","9,05"
2026-09-28 08:49,"21,5",48,"10,0","1,33","9,05"
2026-09-28 08:50,"21,5",48,"10,0","1,33","9,05"
2026-09-28 08:51,"21,5",48,"10,0","1,33","9,05"
2026-09-28 08:52,"21,5",48,"10,0","1,33","9,05"
2026-09-28 08:53,"21,5",48,"10,0","1,33","9,05"
2026-09-28 08:54,"21,5",48,"10,1","1,34","9,08"
2026-09-28 08:55,"21,6",48,"10,1","1,34","9,10"
2026-09-28 08:56,"21,6",48,"10,1","1,34","9,10"
2026-09-28 08:57,"21,6",48,"10,1","1,34","9,10"
2026-09-28 08:58,"21,6",48,"10,1","1,34","9,10"
2026-09-28 08:59,"21,6",48,"10,1","1,34","9,10"
2026-09-28 09:00,"21,7",48,"10,2","1,35","9,13"
2026-09-28 09:01,"21,7",48,"10,2","1,35","9,16"
2026-09-28 09:02,"21,7",48,"10,2","1,35","9,16"
2026-09-28 09:03,"21,7",48,"10,2","1,35","9,16"
2026-09-28 09:04,"21,7",48,"10,2","1,35","9,16"
2026-09-28 09:05,"21,7",48,"10,2","1,35","9,16"
2026-09-28 09:06,"21,7",48,"10,2","1,35","9,16"
2026-09-28 09:07,"21,7",48,"10,2","1,35","9,16"
2026-09-28 09:08,"21,7",48,"10,2","1,35","9,16"
2026-09-28 09:09,"21,7",48,"10,2","1,35","9,16"
2026-09-28 09:10,"21,7",48,"10,2","1,35","9,16"
2026-09-28 09:11,"21,7",48,"10,2","1,35","9,16"
2026-09-28 09:12,"21,7",48,"10,2","1,35","9,16"
2026-09-28 09:13,"21,7",48,"10,2","1,35","9,16"
2026-09-28 09:14,"21,7",48,"10,2","1,35","9,16"
2026-09-28 09:15,"21,7",48,"10,2","1,35","9,16"
2026-09-28 09:16,"21,7",48,"10,2","1,35","9,16"
2026-09-28 09:17,"21,7",48,"10,2","1,35","9,16"
2026-09-28 09:18,"21,8",48,"10,3","1,35","9,18"
2026-09-28 09:19,"21,8",48,"10,3","1,36","9,21"
2026-09-28 09:20,"21,8",48,"10,3","1,36","9,21"
2026-09-28 09:21,"21,8",48,"10,3","1,36","9,21"
2026-09-28 09:22,"21,8",48,"10,3","1,36","9,21"
2026-09-28 09:23,"21,8",48,"10,3","1,36","9,21"
2026-09-28 09:24,"21,8",48,"10,3","1,36","9,21"
2026-09-28 09:25,"21,8",48,"10,3","1,36","9,21"
2026-09-28 09:26,"21,8",48,"10,3","1,36","9,21"
2026-09-28 09:27,"21,8",48,"10,3","1,36","9,21"
2026-09-28 09:28,"21,8",48,"10,3","1,36","9,21"
2026-09-28 09:29,"21,8",49,"10,6","1,33","9,40"
2026-09-28 09:30,"21,8",49,"10,7","1,34","9,43"
2026-09-28 09:31,"21,9",49,"10,7","1,34","9,46"
2026-09-28 09:32,"21,9",49,"10,7","1,34","9,46"
2026-09-28 09:33,"21,9",49,"10,7","1,34","9,46"
2026-09-28 09:34,"21,9",49,"10,7","1,34","9,46"
2026-09-28 09:35,"21,9",49,"10,7","1,34","9,46"
2026-09-28 09:36,"21,9",49,"10,7","1,34","9,46"
2026-09-28 09:37,"21,9",49,"10,7","1,34","9,46"
2026-09-28 09:38,"21,9",49,"10,7","1,34","9,46"
2026-09-28 09:39,"21,9",49,"10,7","1,34","9,46"
2026-09-28 09:40,"21,9",49,"10,7","1,34","9,46"
2026-09-28 09:41,"21,9",49,"10,7","1,34","9,46"
2026-09-28 09:42,"21,9",49,"10,7","1,34","9,46"
2026-09-28 09:43,"21,9",49,"10,7","1,34","9,46"
2026-09-28 09:44,"21,9",49,"10,7","1,34","9,46"
2026-09-28 09:45,"21,9",50,"11,0","1,31","9,65"
2026-09-28 09:46,"21,9",50,"11,0","1,31","9,65"
2026-09-28 09:47,"21,9",50,"11,0","1,31","9,65"
2026-09-28 09:48,"21,9",50,"11,0","1,31","9,65"
2026-09-28 09:49,"21,9",50,"11,0","1,31","9,65"
2026-09-28 09:50,"21,9",50,"11,0","1,31","9,65"
2026-09-28 09:51,"21,9",50,"11,0","1,31","9,65"
2026-09-28 09:52,"21,9",50,"11,0","1,31","9,65"
2026-09-28 09:53,"21,9",50,"11,0","1,31","9,65"
2026-09-28 09:54,"21,9",50,"11,0","1,31","9,65"
2026-09-28 09:55,"21,9",50,"11,0","1,31","9,65"
2026-09-28 09:56,"21,9",50,"11,0","1,31","9,65"
2026-09-28 09:57,"21,9",51,"11,3","1,29","9,84"
2026-09-28 09:58,"21,9",51,"11,3","1,29","9,84"
2026-09-28 09:59,"21,9",51,"11,3","1,29","9,84"
2026-09-28 10:00,"22,0",51,"11,3","1,29","9,87"
2026-09-28 10:01,"22,0",51,"11,4","1,30","9,90"
2026-09-28 10:02,"22,0",50,"11,1","1,32","9,70"
2026-09-28 10:03,"22,0",50,"11,1","1,32","9,70"
2026-09-28 10:04,"22,0",50,"11,1","1,32","9,70"
2026-09-28 10:05,"22,0",50,"11,1","1,32","9,70"
2026-09-28 10:06,"22,0",50,"11,1","1,33","9,73"
2026-09-28 10:07,"22,1",50,"11,2","1,33","9,76"
2026-09-28 10:08,"22,1",50,"11,2","1,33","9,76"
2026-09-28 10:09,"22,1",50,"11,2","1,33","9,76"
2026-09-28 10:10,"22,1",50,"11,2","1,33","9,76"
2026-09-28 10:11,"22,1",50,"11,2","1,33","9,76"
2026-09-28 10:12,"22,1",50,"11,2","1,33","9,76"
2026-09-28 10:13,"22,1",50,"11,2","1,33","9,76"
2026-09-28 10:14,"22,1",50,"11,2","1,33","9,76"
2026-09-28 10:15,"22,1",50,"11,2","1,33","9,76"
2026-09-28 10:16,"22,1",50,"11,2","1,33","9,76"
2026-09-28 10:17,"22,1",50,"11,2","1,33","9,76"
2026-09-28 10:18,"22,1",50,"11,2","1,33","9,76"
2026-09-28 10:19,"22,1",50,"11,2","1,33","9,76"
2026-09-28 10:20,"22,0",49,"10,8","1,35","9,54"
2026-09-28 10:21,"22,0",49,"10,8","1,35","9,51"
2026-09-28 10:22,"22,0",49,"10,8","1,35","9,51"
2026-09-28 10:23,"22,0",49,"10,8","1,35","9,51"
2026-09-28 10:24,"22,0",49,"10,8","1,35","9,51"
2026-09-28 10:25,"22,0",49,"10,8","1,35","9,51"
2026-09-28 10:26,"22,0",49,"10,8","1,35","9,51"
2026-09-28 10:27,"22,0",49,"10,8","1,35","9,51"
2026-09-28 10:28,"22,0",49,"10,8","1,35","9,51"
2026-09-28 10:29,"22,0",49,"10,8","1,35","9,51"
2026-09-28 10:30,"22,0",49,"10,8","1,35","9,51"
2026-09-28 10:31,"22,0",49,"10,8","1,35","9,51"
2026-09-28 10:32,"22,0",49,"10,8","1,35","9,51"
2026-09-28 10:33,"22,0",49,"10,8","1,35","9,51"
2026-09-28 10:34,"22,0",49,"10,8","1,35","9,51"
2026-09-28 10:35,"22,0",49,"10,8","1,35","9,51"
2026-09-28 10:36,"22,0",49,"10,8","1,35","9,51"
2026-09-28 10:37,"22,0",49,"10,8","1,35","9,51"
2026-09-28 10:38,"22,0",49,"10,8","1,35","9,51"
2026-09-28 10:39,"22,0",49,"10,8","1,35","9,51"
2026-09-28 10:40,"22,0",49,"10,8","1,35","9,51"
2026-09-28 10:41,"22,0",49,"10,8","1,35","9,51"
2026-09-28 10:42,"22,0",49,"10,8","1,35","9,51"
2026-09-28 10:43,"22,0",49,"10,8","1,35","9,51"
2026-09-28 10:44,"22,0",49,"10,8","1,35","9,54"
2026-09-28 10:45,"22,1",49,"10,9","1,36","9,56"
2026-09-28 10:46,"22,1",49,"10,9","1,36","9,56"
2026-09-28 10:47,"22,1",50,"11,2","1,33","9,76"
2026-09-28 10:48,"22,1",50,"11,2","1,33","9,76"
2026-09-28 10:49,"22,1",50,"11,2","1,33","9,76"
2026-09-28 10:50,"22,1",50,"11,2","1,33","9,76"
2026-09-28 10:51,"22,1",50,"11,2","1,33","9,76"
2026-09-28 10:52,"22,1",50,"11,2","1,33","9,76"
2026-09-28 10:53,"22,1",50,"11,2","1,33","9,76"
2026-09-28 10:54,"22,1",50,"11,2","1,33","9,76"
2026-09-28 10:55,"22,1",50,"11,2","1,33","9,76"
2026-09-28 10:56,"22,1",50,"11,2","1,33","9,76"
2026-09-28 10:57,"22,1",50,"11,2","1,33","9,76"
2026-09-28 10:58,"22,1",50,"11,2","1,33","9,76"
2026-09-28 10:59,"22,1",51,"11,5","1,30","9,96"
2026-09-28 11:00,"22,2",51,"11,5","1,31","9,98"
2026-09-28 11:01,"22,2",51,"11,6","1,31","10,01"
2026-09-28 11:02,"22,2",51,"11,6","1,31","10,01"
2026-09-28 11:03,"22,2",51,"11,6","1,31","10,01"
2026-09-28 11:04,"22,2",51,"11,6","1,31","10,01"
2026-09-28 11:05,"22,2",51,"11,6","1,31","10,01"
2026-09-28 11:06,"22,2",52,"11,9","1,28","10,21"
2026-09-28 11:07,"22,2",53,"12,2","1,26","10,41"
2026-09-28 11:08,"22,3",53,"12,2","1,26","10,44"
2026-09-28 11:09,"22,3",53,"12,3","1,27","10,47"
2026-09-28 11:10,"22,3",53,"12,3","1,27","10,50"
2026-09-28 11:11,"22,4",53,"12,3","1,27","10,53"
2026-09-28 11:12,"22,4",53,"12,3","1,27","10,53"
2026-09-28 11:13,"22,4",53,"12,3","1,27","10,53"
2026-09-28 11:14,"22,4",53,"12,3","1,27","10,53"
2026-09-28 11:15,"22,4",53,"12,3","1,27","10,53"
2026-09-28 11:16,"22,4",53,"12,3","1,27","10,53"
2026-09-28 11:17,"22,4",53,"12,3","1,27","10,53"
2026-09-28 11:18,"22,4",52,"12,1","1,30","10,33"
2026-09-28 11:19,"22,4",52,"12,1","1,30","10,33"
2026-09-28 11:20,"22,4",52,"12,1","1,30","10,33"
2026-09-28 11:21,"22,4",52,"12,1","1,30","10,33"
2026-09-28 11:22,"22,4",52,"12,1","1,30","10,33"
2026-09-28 11:23,"22,4",52,"12,1","1,30","10,33"
2026-09-28 11:24,"22,4",52,"12,1","1,30","10,33"
2026-09-28 11:25,"22,4",52,"12,1","1,30","10,33"
2026-09-28 11:26,"22,4",53,"12,3","1,27","10,53"
2026-09-28 11:27,"22,4",54,"12,6","1,25","10,72"
2026-09-28 11:28,"22,4",53,"12,3","1,27","10,53"
2026-09-28 11:29,"22,4",53,"12,3","1,27","10,53"
2026-09-28 11:30,"22,4",53,"12,3","1,27","10,53"
2026-09-28 11:31,"22,4",53,"12,3","1,27","10,53"
2026-09-28 11:32,"22,4",53,"12,3","1,27","10,53"
2026-09-28 11:33,"22,4",53,"12,3","1,27","10,53"
2026-09-28 11:34,"22,4",52,"12,1","1,30","10,33"
2026-09-28 11:35,"22,4",52,"12,1","1,30","10,33"
2026-09-28 11:36,"22,4",52,"12,1","1,30","10,33"
2026-09-28 11:37,"22,4",52,"12,1","1,30","10,33"
2026-09-28 11:38,"22,4",52,"12,1","1,30","10,33"
2026-09-28 11:39,"22,4",52,"12,1","1,30","10,33"
2026-09-28 11:40,"22,4",51,"11,8","1,33","10,13"
2026-09-28 11:41,"22,4",51,"11,8","1,33","10,13"
2026-09-28 11:42,"22,4",51,"11,8","1,33","10,13"
2026-09-28 11:43,"22,4",51,"11,8","1,33","10,13"
2026-09-28 11:44,"22,4",50,"11,5","1,35","9,93"
2026-09-28 11:45,"22,4",50,"11,5","1,35","9,93"
2026-09-28 11:46,"22,4",50,"11,5","1,35","9,93"
2026-09-28 11:47,"22,4",50,"11,5","1,35","9,93"
2026-09-28 11:48,"22,3",49,"11,1","1,38","9,70"
2026-09-28 11:49,"22,3",49,"11,1","1,37","9,68"
2026-09-28 11:50,"22,3",49,"11,1","1,37","9,68"
2026-09-28 11:51,"22,3",49,"11,1","1,37","9,68"
2026-09-28 11:52,"22,3",49,"11,1","1,37","9,68"
2026-09-28 11:53,"22,3",49,"11,1","1,37","9,68"
2026-09-28 11:54,"22,3",49,"11,1","1,37","9,68"
2026-09-28 11:55,"22,3",49,"11,1","1,37","9,68"
2026-09-28 11:56,"22,3",49,"11,1","1,37","9,68"
2026-09-28 11:57,"22,3",49,"11,1","1,37","9,68"
2026-09-28 11:58,"22,3",49,"11,1","1,37","9,68"
2026-09-28 11:59,"22,3",49,"11,1","1,37","9,68"
2026-09-28 12:00,"22,3",49,"11,0","1,37","9,65"
2026-09-28 12:01,"22,2",49,"11,0","1,36","9,62"
2026-09-28 12:02,"22,2",49,"11,0","1,36","9,62"
2026-09-28 12:03,"22,2",49,"11,0","1,36","9,62"
2026-09-28 12:04,"22,2",49,"11,0","1,36","9,62"
2026-09-28 12:05,"22,2",49,"11,0","1,36","9,62"
2026-09-28 12:06,"22,2",49,"11,0","1,36","9,62"
2026-09-28 12:07,"22,2",49,"11,0","1,36","9,62"
2026-09-28 12:08,"22,2",49,"11,0","1,36","9,62"
2026-09-28 12:09,"22,2",49,"11,0","1,36","9,62"
2026-09-28 12:10,"22,2",49,"11,0","1,36","9,62"
2026-09-28 12:11,"22,2",50,"11,3","1,34","9,82"
2026-09-28 12:12,"22,2",50,"11,3","1,34","9,82"
2026-09-28 12:13,"22,2",50,"11,3","1,34","9,82"
2026-09-28 12:14,"22,2",50,"11,3","1,34","9,82"
2026-09-28 12:15,"22,2",50,"11,3","1,34","9,82"
2026-09-28 12:16,"22,2",50,"11,3","1,34","9,82"
2026-09-28 12:17,"22,2",50,"11,3","1,34","9,82"
2026-09-28 12:18,"22,3",50,"11,3","1,34","9,84"
2026-09-28 12:19,"22,3",50,"11,4","1,35","9,87"
2026-09-28 12:20,"22,3",50,"11,4","1,35","9,90"
2026-09-28 12:21,"22,4",51,"11,8","1,33","10,13"
2026-09-28 12:22,"22,4",51,"11,8","1,33","10,13"
2026-09-28 12:23,"22,4",51,"11,8","1,33","10,13"
2026-09-28 12:24,"22,4",51,"11,8","1,33","10,13"
2026-09-28 12:25,"22,4",51,"11,8","1,33","10,13"
2026-09-28 12:26,"22,4",51,"11,8","1,33","10,13"
2026-09-28 12:27,"22,4",51,"11,8","1,33","10,13"
2026-09-28 12:28,"22,4",51,"11,8","1,33","10,13"
2026-09-28 12:29,"22,4",51,"11,8","1,33","10,13"
2026-09-28 12:30,"22,4",52,"12,1","1,30","10,33"
2026-09-28 12:31,"22,4",53,"12,3","1,27","10,53"
2026-09-28 12:32,"22,3",53,"12,3","1,27","10,50"
2026-09-28 12:33,"22,3",53,"12,3","1,27","10,47"
2026-09-28 12:34,"22,3",53,"12,3","1,27","10,47"
2026-09-28 12:35,"22,3",53,"12,3","1,27","10,47"
2026-09-28 12:36,"22,3",53,"12,3","1,27","10,47"
2026-09-28 12:37,"22,3",53,"12,3","1,27","10,47"
2026-09-28 12:38,"22,3",53,"12,3","1,27","10,47"
2026-09-28 12:39,"22,3",53,"12,3","1,27","10,47"
2026-09-28 12:40,"22,3",53,"12,3","1,27","10,47"
2026-09-28 12:41,"22,3",53,"12,3","1,27","10,47"
2026-09-28 12:42,"22,3",53,"12,3","1,27","10,47"
2026-09-28 12:43,"22,3",53,"12,3","1,27","10,47"
2026-09-28 12:44,"22,3",53,"12,3","1,27","10,47"
2026-09-28 12:45,"22,3",53,"12,3","1,27","10,47"
2026-09-28 12:46,"22,3",54,"12,5","1,24","10,66"
2026-09-28 12:47,"22,3",56,"13,1","1,18","11,06"
2026-09-28 12:48,"22,3",56,"13,1","1,18","11,06"
2026-09-28 12:49,"22,3",57,"13,4","1,16","11,26"
2026-09-28 12:50,"22,3",57,"13,4","1,16","11,26"
2026-09-28 12:51,"22,3",57,"13,4","1,16","11,26"
2026-09-28 12:52,"22,3",57,"13,4","1,16","11,26"
2026-09-28 12:53,"22,3",57,"13,4","1,16","11,26"
2026-09-28 12:54,"22,3",58,"13,6","1,13","11,45"
2026-09-28 12:55,"22,3",60,"14,2","1,08","11,85"
2026-09-28 12:56,"22,3",59,"13,9","1,10","11,65"
2026-09-28 12:57,"22,3",58,"13,6","1,13","11,45"
2026-09-28 12:58,"22,3",58,"13,6","1,13","11,45"
2026-09-28 12:59,"22,3",58,"13,6","1,13","11,45"
2026-09-28 13:00,"22,3",57,"13,4","1,16","11,26"
2026-09-28 13:01,"22,3",57,"13,4","1,16","11,26"
2026-09-28 13:02,"22,3",57,"13,4","1,16","11,26"
2026-09-28 13:03,"22,3",57,"13,4","1,16","11,26"
2026-09-28 13:04,"22,3",56,"13,1","1,18","11,06"
2026-09-28 13:05,"22,3",56,"13,1","1,18","11,06"
2026-09-28 13:06,"22,3",56,"13,1","1,18","11,06"
2026-09-28 13:07,"22,3",56,"13,1","1,18","11,06"
2026-09-28 13:08,"22,3",55,"12,8","1,21","10,86"
2026-09-28 13:09,"22,3",55,"12,8","1,21","10,86"
2026-09-28 13:10,"22,3",55,"12,8","1,21","10,86"
2026-09-28 13:11,"22,3",55,"12,8","1,21","10,86"
2026-09-28 13:12,"22,3",55,"12,8","1,21","10,86"
2026-09-28 13:13,"22,3",55,"12,8","1,21","10,86"
2026-09-28 13:14,"22,3",55,"12,8","1,21","10,86"
2026-09-28 13:15,"22,3",55,"12,8","1,21","10,86"
2026-09-28 13:16,"22,3",55,"12,9","1,22","10,89"
2026-09-28 13:17,"22,4",55,"12,9","1,22","10,92"
2026-09-28 13:18,"22,4",54,"12,6","1,25","10,72"
2026-09-28 13:19,"22,4",54,"12,6","1,25","10,72"
2026-09-28 13:20,"22,4",54,"12,6","1,25","10,72"
2026-09-28 13:21,"22,4",54,"12,6","1,25","10,72"
2026-09-28 13:22,"22,4",54,"12,6","1,25","10,72"
2026-09-28 13:23,"22,4",54,"12,6","1,25","10,72"
2026-09-28 13:24,"22,4",53,"12,3","1,27","10,53"
2026-09-28 13:25,"22,4",53,"12,3","1,27","10,53"
2026-09-28 13:26,"22,4",53,"12,3","1,27","10,53"
2026-09-28 13:27,"22,4",53,"12,3","1,27","10,53"
2026-09-28 13:28,"22,4",53,"12,3","1,27","10,53"
2026-09-28 13:29,"22,4",53,"12,3","1,27","10,53"
2026-09-28 13:30,"22,4",53,"12,3","1,27","10,53"
2026-09-28 13:31,"22,4",53,"12,3","1,27","10,53"
2026-09-28 13:32,"22,5",52,"12,1","1,30","10,36"
2026-09-28 13:33,"22,5",52,"12,1","1,31","10,39"
2026-09-28 13:34,"22,5",52,"12,1","1,31","10,39"
2026-09-28 13:35,"22,5",52,"12,1","1,31","10,39"
2026-09-28 13:36,"22,5",52,"12,2","1,31","10,42"
2026-09-28 13:37,"22,6",52,"12,2","1,32","10,45"
2026-09-28 13:38,"22,6",52,"12,2","1,32","10,45"
2026-09-28 13:39,"22,6",52,"12,2","1,32","10,45"
2026-09-28 13:40,"22,6",52,"12,2","1,32","10,45"
2026-09-28 13:41,"22,6",52,"12,2","1,32","10,45"
2026-09-28 13:42,"22,7",52,"12,3","1,32","10,48"
2026-09-28 13:43,"22,7",52,"12,3","1,32","10,51"
2026-09-28 13:44,"22,7",52,"12,3","1,32","10,51"
2026-09-28 13:45,"22,7",52,"12,3","1,32","10,51"
2026-09-28 13:46,"22,7",52,"12,3","1,32","10,51"
2026-09-28 13:47,"22,7",52,"12,3","1,32","10,51"
2026-09-28 13:48,"22,8",51,"12,1","1,36","10,33"
2026-09-28 13:49,"22,8",51,"12,1","1,36","10,36"
2026-09-28 13:50,"22,8",51,"12,1","1,36","10,36"
2026-09-28 13:51,"22,8",51,"12,1","1,36","10,36"
2026-09-28 13:52,"22,8",51,"12,2","1,36","10,39"
2026-09-28 13:53,"22,9",51,"12,2","1,37","10,42"
2026-09-28 13:54,"22,9",51,"12,2","1,37","10,42"
2026-09-28 13:55,"22,9",51,"12,2","1,37","10,42"
2026-09-28 13:56,"22,9",51,"12,2","1,37","10,42"
2026-09-28 13:57,"22,9",51,"12,2","1,37","10,42"
2026-09-28 13:58,"22,9",51,"12,2","1,37","10,42"
2026-09-28 13:59,"22,9",51,"12,2","1,37","10,42"
2026-09-28 14:00,"22,9",51,"12,2","1,37","10,42"
2026-09-28 14:01,"22,9",51,"12,2","1,37","10,42"
2026-09-28 14:02,"22,9",51,"12,2","1,37","10,42"
2026-09-28 14:03,"22,9",51,"12,2","1,37","10,42"
2026-09-28 14:04,"23,0",51,"12,3","1,37","10,45"
2026-09-28 14:05,"23,0",51,"12,3","1,38","10,48"
2026-09-28 14:06,"23,0",51,"12,3","1,38","10,48"
2026-09-28 14:07,"23,0",51,"12,3","1,38","10,48"
2026-09-28 14:08,"23,0",51,"12,3","1,38","10,48"
2026-09-28 14:09,"23,0",51,"12,3","1,38","10,48"
2026-09-28 14:10,"23,0",50,"12,1","1,41","10,31"
2026-09-28 14:11,"23,1",50,"12,1","1,41","10,34"
2026-09-28 14:12,"23,1",50,"12,1","1,41","10,34"
2026-09-28 14:13,"23,1",50,"12,1","1,41","10,34"
2026-09-28 14:14,"23,1",50,"12,1","1,41","10,34"
2026-09-28 14:15,"23,1",50,"12,1","1,41","10,34"
2026-09-28 14:16,"23,2",50,"12,2","1,42","10,37"
2026-09-28 14:17,"23,2",50,"12,2","1,42","10,39"
2026-09-28 14:18,"23,2",50,"12,2","1,42","10,39"
2026-09-28 14:19,"23,2",50,"12,2","1,42","10,39"
2026-09-28 14:20,"23,2",50,"12,2","1,42","10,39"
2026-09-28 14:21,"23,2",50,"12,2","1,42","10,39"
2026-09-28 14:22,"23,2",49,"11,9","1,45","10,19"
2026-09-28 14:23,"23,2",49,"11,9","1,45","10,19"
2026-09-28 14:24,"23,2",49,"11,9","1,45","10,19"
2026-09-28 14:25,"23,2",49,"11,9","1,45","10,19"
2026-09-28 14:26,"23,2",49,"11,9","1,45","10,19"
2026-09-28 14:27,"23,2",49,"11,9","1,45","10,19"
2026-09-28 14:28,"23,2",49,"11,9","1,45","10,19"
2026-09-28 14:29,"23,2",49,"11,9","1,45","10,19"
2026-09-28 14:30,"23,2",49,"11,9","1,45","10,19"
2026-09-28 14:31,"23,2",49,"11,9","1,45","10,19"
2026-09-28 14:32,"23,3",49,"11,9","1,45","10,22"
2026-09-28 14:33,"23,3",49,"12,0","1,46","10,25"
2026-09-28 14:34,"23,3",49,"12,0","1,46","10,25"
2026-09-28 14:35,"23,3",49,"12,0","1,46","10,25"
2026-09-28 14:36,"23,3",49,"12,0","1,46","10,25"
2026-09-28 14:37,"23,3",49,"12,0","1,46","10,25"
2026-09-28 14:38,"23,3",48,"11,7","1,49","10,04"
2026-09-28 14:39,"23,3",48,"11,7","1,49","10,04"
2026-09-28 14:40,"23,3",48,"11,7","1,49","10,06"
2026-09-28 14:41,"23,4",48,"11,8","1,50","10,09"
2026-09-28 14:42,"23,4",48,"11,8","1,50","10,09"
2026-09-28 14:43,"23,4",48,"11,8","1,50","10,09"
2026-09-28 14:44,"23,4",48,"11,8","1,50","10,09"
2026-09-28 14:45,"23,4",48,"11,8","1,50","10,09"
2026-09-28 14:46,"23,4",48,"11,8","1,50","10,09"
2026-09-28 14:47,"23,4",48,"11,8","1,50","10,09"
2026-09-28 14:48,"23,4",48,"11,8","1,50","10,09"
2026-09-28 14:49,"23,4",48,"11,8","1,50","10,09"
2026-09-28 14:50,"23,4",48,"11,8","1,50","10,09"
2026-09-28 14:51,"23,4",48,"11,8","1,50","10,09"
2026-09-28 14:52,"23,4",48,"11,8","1,50","10,09"
2026-09-28 14:53,"23,4",48,"11,8","1,50","10,09"
2026-09-28 14:54,"23,4",48,"11,8","1,50","10,09"
2026-09-28 14:55,"23,4",48,"11,8","1,50","10,09"
2026-09-28 14:56,"23,4",47,"11,4","1,53","9,88"
2026-09-28 14:57,"23,4",47,"11,4","1,53","9,88"
2026-09-28 14:58,"23,5",47,"11,5","1,53","9,91"
2026-09-28 14:59,"23,5",47,"11,5","1,53","9,94"
2026-09-28 15:00,"23,5",47,"11,5","1,53","9,94"
2026-09-28 15:01,"23,5",47,"11,5","1,53","9,94"
2026-09-28 15:02,"23,5",47,"11,5","1,53","9,94"
2026-09-28 15:03,"23,5",47,"11,5","1,53","9,94"
2026-09-28 15:04,"23,5",47,"11,5","1,53","9,94"
2026-09-28 15:05,"23,5",47,"11,5","1,53","9,94"
2026-09-28 15:06,"23,5",47,"11,5","1,53","9,94"
2026-09-28 15:07,"23,5",47,"11,5","1,53","9,94"
2026-09-28 15:08,"23,5",47,"11,5","1,53","9,94"
2026-09-28 15:09,"23,5",47,"11,5","1,53","9,94"
2026-09-28 15:10,"23,5",47,"11,5","1,53","9,94"
2026-09-28 15:11,"23,5",47,"11,5","1,53","9,94"
2026-09-28 15:12,"23,5",47,"11,5","1,53","9,94"
2026-09-28 15:13,"23,5",47,"11,5","1,53","9,94"
2026-09-28 15:14,"23,5",47,"11,6","1,54","9,97"
2026-09-28 15:15,"23,6",47,"11,6","1,54","10,00"
2026-09-28 15:16,"23,6",47,"11,6","1,54","10,00"
2026-09-28 15:17,"23,6",47,"11,6","1,54","10,00"
2026-09-28 15:18,"23,6",47,"11,6","1,54","10,00"
2026-09-28 15:19,"23,6",47,"11,6","1,54","10,00"
2026-09-28 15:20,"23,6",46,"11,3","1,57","9,78"
2026-09-28 15:21,"23,6",46,"11,3","1,57","9,78"
2026-09-28 15:22,"23,6",46,"11,3","1,57","9,78"
2026-09-28 15:23,"23,6",46,"11,3","1,57","9,78"
2026-09-28 15:24,"23,6",46,"11,3","1,57","9,78"
2026-09-28 15:25,"23,6",46,"11,3","1,57","9,78"
2026-09-28 15:26,"23,6",46,"11,3","1,57","9,78"
2026-09-28 15:27,"23,6",46,"11,3","1,57","9,78"
2026-09-28 15:28,"23,6",46,"11,3","1,57","9,78"
2026-09-28 15:29,"23,6",46,"11,3","1,57","9,78"
2026-09-28 15:30,"23,6",46,"11,3","1,57","9,78"
2026-09-28 15:31,"23,6",46,"11,3","1,57","9,78"
2026-09-28 15:32,"23,6",46,"11,3","1,57","9,78"
2026-09-28 15:33,"23,6",46,"11,3","1,57","9,78"
2026-09-28 15:34,"23,6",46,"11,3","1,57","9,78"
2026-09-28 15:35,"23,6",46,"11,3","1,57","9,78"
2026-09-28 15:36,"23,6",46,"11,3","1,57","9,78"
2026-09-28 15:37,"23,6",46,"11,3","1,57","9,78"
2026-09-28 15:38,"23,6",46,"11,3","1,57","9,78"
2026-09-28 15:39,"23,6",46,"11,3","1,57","9,78"
2026-09-28 15:40,"23,6",46,"11,3","1,57","9,78"
2026-09-28 15:41,"23,6",46,"11,3","1,57","9,78"
2026-09-28 15:42,"23,5",46,"11,3","1,57","9,76"
2026-09-28 15:43,"23,5",46,"11,2","1,56","9,73"
2026-09-28 15:44,"23,5",46,"11,2","1,56","9,73"
2026-09-28 15:45,"23,5",46,"11,2","1,56","9,73"
2026-09-28 15:46,"23,5",46,"11,2","1,56","9,73"
2026-09-28 15:47,"23,5",46,"11,2","1,56","9,73"
2026-09-28 15:48,"23,5",46,"11,2","1,56","9,73"
2026-09-28 15:49,"23,5",46,"11,2","1,56","9,73"
2026-09-28 15:50,"23,5",46,"11,2","1,56","9,73"
2026-09-28 15:51,"23,5",46,"11,2","1,56","9,73"
2026-09-28 15:52,"23,5",46,"11,2","1,56","9,73"
2026-09-28 15:53,"23,5",46,"11,2","1,56","9,73"
2026-09-28 15:54,"23,5",46,"11,2","1,56","9,73"
2026-09-28 15:55,"23,5",47,"11,5","1,53","9,94"
2026-09-28 15:56,"23,5",47,"11,5","1,53","9,91"
2026-09-28 15:57,"23,4",47,"11,4","1,53","9,88"
2026-09-28 15:58,"23,4",47,"11,4","1,53","9,88"
2026-09-28 15:59,"23,4",47,"11,4","1,53","9,88"
2026-09-28 16:00,"23,4",47,"11,4","1,53","9,88"
2026-09-28 16:01,"23,4",47,"11,4","1,53","9,88"
2026-09-28 16:02,"23,4",47,"11,4","1,53","9,88"
2026-09-28 16:03,"23,4",47,"11,4","1,53","9,88"
2026-09-28 16:04,"23,4",47,"11,4","1,53","9,88"
2026-09-28 16:05,"23,4",47,"11,4","1,53","9,88"
2026-09-28 16:06,"23,5",47,"11,5","1,53","9,91"
2026-09-28 16:07,"23,5",47,"11,5","1,53","9,94"
2026-09-28 16:08,"23,5",47,"11,5","1,53","9,94"
2026-09-28 16:09,"23,5",47,"11,5","1,53","9,94"
2026-09-28 16:10,"23,5",47,"11,5","1,53","9,94"
2026-09-28 16:11,"23,5",47,"11,5","1,53","9,94"
2026-09-28 16:12,"23,5",47,"11,6","1,54","9,97"
2026-09-28 16:13,"23,6",47,"11,6","1,54","10,00"
2026-09-28 16:14,"23,6",47,"11,6","1,54","10,00"
2026-09-28 16:15,"23,6",47,"11,6","1,54","10,00"
2026-09-28 16:16,"23,6",47,"11,6","1,54","10,00"
2026-09-28 16:17,"23,6",47,"11,6","1,54","10,00"
2026-09-28 16:18,"23,7",47,"11,7","1,55","10,02"
2026-09-28 16:19,"23,7",47,"11,7","1,55","10,05"
2026-09-28 16:20,"23,7",47,"11,7","1,55","10,05"
2026-09-28 16:21,"23,7",47,"11,7","1,55","10,05"
2026-09-28 16:22,"23,7",47,"11,7","1,55","10,05"
2026-09-28 16:23,"23,7",47,"11,7","1,55","10,05"
2026-09-28 16:24,"23,7",47,"11,7","1,55","10,05"
2026-09-28 16:25,"23,7",47,"11,7","1,55","10,05"
2026-09-28 16:26,"23,7",47,"11,7","1,55","10,05"
2026-09-28 16:27,"23,7",47,"11,7","1,55","10,05"
2026-09-28 16:28,"23,7",47,"11,7","1,55","10,05"
2026-09-28 16:29,"23,7",47,"11,7","1,55","10,05"
2026-09-28 16:30,"23,8",47,"11,8","1,56","10,08"
2026-09-28 16:31,"23,8",47,"11,8","1,56","10,11"
2026-09-28 16:32,"23,8",48,"12,1","1,53","10,33"
2026-09-28 16:33,"23,8",50,"12,7","1,47","10,76"
2026-09-28 16:34,"23,8",50,"12,7","1,47","10,76"
2026-09-28 16:35,"23,8",50,"12,7","1,47","10,76"
2026-09-28 16:36,"23,8",50,"12,7","1,47","10,76"
2026-09-28 16:37,"23,8",50,"12,7","1,47","10,76"
2026-09-28 16:38,"23,8",50,"12,7","1,47","10,76"
2026-09-28 16:39,"23,8",50,"12,7","1,47","10,76"
2026-09-28 16:40,"23,8",51,"13,1","1,44","10,97"
2026-09-28 16:41,"23,8",53,"13,6","1,39","11,40"
2026-09-28 16:42,"23,8",53,"13,6","1,39","11,40"
2026-09-28 16:43,"23,8",53,"13,6","1,39","11,40"
2026-09-28 16:44,"23,8",53,"13,6","1,39","11,40"
2026-09-28 16:45,"23,8",53,"13,6","1,39","11,40"
2026-09-28 16:46,"23,8",53,"13,6","1,39","11,40"
2026-09-28 16:47,"23,8",53,"13,6","1,39","11,40"
2026-09-28 16:48,"23,8",52,"13,3","1,42","11,19"
2026-09-28 16:49,"23,8",51,"13,1","1,44","10,97"
2026-09-28 16:50,"23,8",51,"13,1","1,44","10,97"
2026-09-28 16:51,"23,8",51,"13,1","1,44","10,97"
2026-09-28 16:52,"23,8",50,"12,7","1,47","10,73"
2026-09-28 16:53,"23,7",50,"12,7","1,47","10,69"
2026-09-28 16:54,"23,7",50,"12,7","1,47","10,69"
2026-09-28 16:55,"23,7",50,"12,7","1,47","10,69"
2026-09-28 16:56,"23,7",50,"12,7","1,47","10,69"
2026-09-28 16:57,"23,7",50,"12,7","1,47","10,69"
2026-09-28 16:58,"23,7",50,"12,7","1,47","10,69"
2026-09-28 16:59,"23,7",50,"12,7","1,47","10,69"
2026-09-28 17:00,"23,7",49,"12,3","1,49","10,48"
2026-09-28 17:01,"23,7",49,"12,3","1,49","10,48"
2026-09-28 17:02,"23,7",49,"12,3","1,49","10,48"
2026-09-28 17:03,"23,7",49,"12,3","1,49","10,48"
2026-09-28 17:04,"23,7",49,"12,3","1,49","10,48"
2026-09-28 17:05,"23,7",49,"12,3","1,49","10,48"
2026-09-28 17:06,"23,7",49,"12,3","1,49","10,48"
2026-09-28 17:07,"23,7",49,"12,3","1,49","10,48"
2026-09-28 17:08,"23,7",49,"12,3","1,49","10,48"
2026-09-28 17:09,"23,7",49,"12,3","1,49","10,48"
2026-09-28 17:10,"23,7",48,"12,0","1,52","10,27"
2026-09-28 17:11,"23,7",48,"12,0","1,52","10,27"
2026-09-28 17:12,"23,7",48,"12,0","1,52","10,24"
2026-09-28 17:13,"23,6",48,"11,9","1,51","10,21"
2026-09-28 17:14,"23,6",48,"11,9","1,51","10,21"
2026-09-28 17:15,"23,6",48,"11,9","1,51","10,21"
2026-09-28 17:16,"23,6",48,"11,9","1,51","10,21"
2026-09-28 17:17,"23,6",48,"11,9","1,51","10,21"
2026-09-28 17:18,"23,6",48,"11,9","1,51","10,21"
2026-09-28 17:19,"23,6",48,"11,9","1,51","10,21"
2026-09-28 17:20,"23,5",48,"11,9","1,51","10,18"
2026-09-28 17:21,"23,5",49,"12,2","1,48","10,36"
2026-09-28 17:22,"23,5",49,"12,2","1,48","10,36"
2026-09-28 17:23,"23,5",49,"12,2","1,48","10,36"
2026-09-28 17:24,"23,5",49,"12,2","1,48","10,36"
2026-09-28 17:25,"23,5",49,"12,2","1,48","10,36"
2026-09-28 17:26,"23,5",48,"11,9","1,51","10,15"
2026-09-28 17:27,"23,5",47,"11,5","1,53","9,94"
2026-09-28 17:28,"23,5",47,"11,5","1,53","9,91"
2026-09-28 17:29,"23,4",48,"11,8","1,50","10,09"
2026-09-28 17:30,"23,4",48,"11,8","1,50","10,09"
2026-09-28 17:31,"23,4",48,"11,8","1,50","10,09"
2026-09-28 17:32,"23,4",48,"11,8","1,50","10,09"
2026-09-28 17:33,"23,4",48,"11,8","1,50","10,09"
2026-09-28 17:34,"23,4",49,"12,1","1,47","10,30"
2026-09-28 17:35,"23,4",50,"12,4","1,44","10,51"
2026-09-28 17:36,"23,5",50,"12,4","1,44","10,54"
2026-09-28 17:37,"23,5",50,"12,5","1,45","10,57"
2026-09-28 17:38,"23,5",50,"12,4","1,44","10,54"
2026-09-28 17:39,"23,4",50,"12,4","1,44","10,51"
2026-09-28 17:40,"23,4",50,"12,4","1,44","10,51"
2026-09-28 17:41,"23,4",50,"12,4","1,44","10,51"
2026-09-28 17:42,"23,4",50,"12,4","1,44","10,51"
2026-09-28 17:43,"23,4",50,"12,4","1,44","10,51"
2026-09-28 17:44,"23,4",50,"12,4","1,44","10,51"
2026-09-28 17:45,"23,4",50,"12,4","1,44","10,51"
2026-09-28 17:46,"23,4",51,"12,7","1,41","10,72"
2026-09-28 17:47,"23,4",52,"13,0","1,38","10,93"
2026-09-28 17:48,"23,4",52,"13,0","1,38","10,93"
2026-09-28 17:49,"23,4",52,"13,0","1,38","10,93"
2026-09-28 17:50,"23,4",52,"13,0","1,38","10,93"
2026-09-28 17:51,"23,4",52,"13,0","1,38","10,93"
2026-09-28 17:52,"23,3",50,"12,3","1,43","10,48"
2026-09-28 17:53,"23,3",49,"12,0","1,46","10,25"
2026-09-28 17:54,"23,3",50,"12,3","1,43","10,45"
2026-09-28 17:55,"23,3",51,"12,6","1,40","10,66"
2026-09-28 17:56,"23,3",51,"12,6","1,40","10,66"
2026-09-28 17:57,"23,3",51,"12,6","1,40","10,66"
2026-09-28 17:58,"23,3",51,"12,6","1,40","10,66"
2026-09-28 17:59,"23,3",52,"12,9","1,37","10,87"
2026-09-28 18:00,"23,3",52,"12,9","1,37","10,87"
2026-09-28 18:01,"23,3",52,"12,9","1,37","10,87"
2026-09-28 18:02,"23,3",52,"12,9","1,37","10,87"
2026-09-28 18:03,"23,3",52,"12,9","1,37","10,87"
2026-09-28 18:04,"23,3",52,"12,9","1,37","10,87"
2026-09-28 18:05,"23,3",52,"12,9","1,37","10,87"
2026-09-28 18:06,"23,3",52,"12,9","1,37","10,87"
2026-09-28 18:07,"23,3",52,"12,9","1,37","10,87"
2026-09-28 18:08,"23,3",52,"12,9","1,37","10,87"
2026-09-28 18:09,"23,3",52,"12,9","1,37","10,87"
2026-09-28 18:10,"23,3",52,"12,9","1,37","10,87"
2026-09-28 18:11,"23,3",52,"12,9","1,37","10,87"
2026-09-28 18:12,"23,3",52,"12,8","1,37","10,84"
2026-09-28 18:13,"23,2",52,"12,8","1,36","10,81"
2026-09-28 18:14,"23,2",52,"12,8","1,36","10,81"
2026-09-28 18:15,"23,2",52,"12,8","1,36","10,81"
2026-09-28 18:16,"23,2",52,"12,8","1,36","10,81"
2026-09-28 18:17,"23,2",52,"12,8","1,36","10,81"
2026-09-28 18:18,"23,2",52,"12,8","1,36","10,81"
2026-09-28 18:19,"23,2",52,"12,8","1,36","10,81"
2026-09-28 18:20,"23,2",52,"12,8","1,36","10,81"
2026-09-28 18:21,"23,2",52,"12,8","1,36","10,81"
2026-09-28 18:22,"23,2",52,"12,7","1,36","10,78"
2026-09-28 18:23,"23,1",52,"12,7","1,36","10,75"
2026-09-28 18:24,"23,1",52,"12,7","1,36","10,75"
2026-09-28 18:25,"23,1",52,"12,7","1,36","10,75"
2026-09-28 18:26,"23,1",52,"12,7","1,36","10,75"
2026-09-28 18:27,"23,1",52,"12,7","1,36","10,75"
2026-09-28 18:28,"23,1",52,"12,7","1,36","10,75"
2026-09-28 18:29,"23,1",52,"12,7","1,36","10,75"
2026-09-28 18:30,"23,1",52,"12,7","1,36","10,75"
2026-09-28 18:31,"23,1",52,"12,7","1,36","10,75"
2026-09-28 18:32,"23,1",52,"12,7","1,36","10,75"
2026-09-28 18:33,"23,1",52,"12,7","1,36","10,75"
2026-09-28 18:34,"23,1",51,"12,4","1,38","10,54"
2026-09-28 18:35,"23,1",51,"12,4","1,38","10,54"
2026-09-28 18:36,"23,1",51,"12,4","1,38","10,54"
2026-09-28 18:37,"23,1",51,"12,4","1,38","10,54"
2026-09-28 18:38,"23,1",50,"12,1","1,41","10,34"
2026-09-28 18:39,"23,1",50,"12,1","1,41","10,34"
2026-09-28 18:40,"23,0",49,"11,8","1,44","10,10"
2026-09-28 18:41,"23,0",49,"11,7","1,43","10,07"
2026-09-28 18:42,"23,0",49,"11,7","1,43","10,07"
2026-09-28 18:43,"23,0",49,"11,7","1,43","10,07"
2026-09-28 18:44,"23,0",48,"11,3","1,46","9,84"
2026-09-28 18:45,"22,9",48,"11,3","1,45","9,81"
2026-09-28 18:46,"22,9",48,"11,3","1,45","9,81"
2026-09-28 18:47,"22,9",48,"11,3","1,45","9,81"
2026-09-28 18:48,"22,9",48,"11,3","1,45","9,81"
2026-09-28 18:49,"22,9",48,"11,3","1,45","9,81"
2026-09-28 18:50,"22,9",48,"11,3","1,45","9,81"
2026-09-28 18:51,"22,9",48,"11,3","1,45","9,81"
2026-09-28 18:52,"22,8",48,"11,3","1,45","9,78"
2026-09-28 18:53,"22,8",48,"11,2","1,44","9,75"
2026-09-28 18:54,"22,8",47,"10,9","1,47","9,55"
2026-09-28 18:55,"22,8",47,"10,9","1,47","9,55"
2026-09-28 18:56,"22,8",47,"10,8","1,47","9,52"
2026-09-28 18:57,"22,7",48,"11,1","1,43","9,70"
2026-09-28 18:58,"22,7",48,"11,1","1,43","9,70"
2026-09-28 18:59,"22,7",48,"11,1","1,43","9,70"
2026-09-28 19:00,"22,7",48,"11,1","1,43","9,67"
2026-09-28 19:01,"22,6",48,"11,0","1,43","9,64"
2026-09-28 19:02,"22,6",48,"11,0","1,43","9,64"
2026-09-28 19:03,"22,6",48,"11,0","1,43","9,64"
2026-09-28 19:04,"22,5",48,"11,0","1,42","9,61"
2026-09-28 19:05,"22,5",48,"10,9","1,42","9,59"
2026-09-28 19:06,"22,5",48,"10,9","1,42","9,59"
2026-09-28 19:07,"22,5",48,"10,9","1,42","9,59"
2026-09-28 19:08,"22,5",48,"10,9","1,42","9,59"
2026-09-28 19:09,"22,5",48,"10,9","1,42","9,59"
2026-09-28 19:10,"22,5",48,"10,9","1,41","9,56"
2026-09-28 19:11,"22,4",48,"10,8","1,41","9,53"
2026-09-28 19:12,"22,4",48,"10,8","1,41","9,53"
2026-09-28 19:13,"22,4",48,"10,8","1,41","9,53"
2026-09-28 19:14,"22,4",48,"10,8","1,41","9,53"
2026-09-28 19:15,"22,4",48,"10,8","1,41","9,53"
2026-09-28 19:16,"22,3",48,"10,8","1,40","9,51"
2026-09-28 19:17,"22,3",48,"10,8","1,40","9,48"
2026-09-28 19:18,"22,3",48,"10,8","1,40","9,48"
2026-09-28 19:19,"22,3",48,"10,8","1,40","9,48"
2026-09-28 19:20,"22,3",48,"10,8","1,40","9,48"
2026-09-28 19:21,"22,3",48,"10,8","1,40","9,48"
2026-09-28 19:22,"22,3",48,"10,7","1,40","9,45"
2026-09-28 19:23,"22,2",48,"10,7","1,39","9,42"
2026-09-28 19:24,"22,2",48,"10,7","1,39","9,42"
2026-09-28 19:25,"22,2",48,"10,7","1,39","9,42"
2026-09-28 19:26,"22,2",48,"10,7","1,39","9,42"
2026-09-28 19:27,"22,2",48,"10,7","1,39","9,42"
2026-09-28 19:28,"22,2",48,"10,7","1,39","9,42"
2026-09-28 19:29,"22,2",48,"10,7","1,39","9,42"
2026-09-28 19:30,"22,2",48,"10,6","1,39","9,40"
2026-09-28 19:31,"22,1",48,"10,6","1,38","9,37"
2026-09-28 19:32,"22,1",47,"10,3","1,41","9,17"
2026-09-28 19:33,"22,1",47,"10,3","1,41","9,17"
2026-09-28 19:34,"22,2",47,"10,3","1,41","9,20"
2026-09-28 19:35,"22,2",47,"10,3","1,42","9,23"
2026-09-28 19:36,"22,2",47,"10,3","1,42","9,23"
2026-09-28 19:37,"22,2",48,"10,7","1,39","9,42"
2026-09-28 19:38,"22,3",49,"11,0","1,37","9,65"
2026-09-28 19:39,"22,3",51,"11,7","1,32","10,07"
2026-09-28 19:40,"22,3",51,"11,7","1,32","10,07"
2026-09-28 19:41,"22,3",51,"11,7","1,32","10,07"
2026-09-28 19:42,"22,3",51,"11,7","1,32","10,10"
2026-09-28 19:43,"22,4",51,"11,8","1,33","10,13"
2026-09-28 19:44,"22,4",51,"11,8","1,33","10,13"
2026-09-28 19:45,"22,4",51,"11,8","1,33","10,13"
2026-09-28 19:46,"22,4",51,"11,8","1,33","10,13"
2026-09-28 19:47,"22,4",51,"11,8","1,33","10,13"
2026-09-28 19:48,"22,4",51,"11,8","1,33","10,13"
2026-09-28 19:49,"22,4",51,"11,8","1,33","10,13"
2026-09-28 19:50,"22,4",51,"11,8","1,33","10,13"
2026-09-28 19:51,"22,4",51,"11,8","1,33","10,13"
2026-09-28 19:52,"22,4",51,"11,8","1,33","10,13"
2026-09-28 19:53,"22,4",51,"11,8","1,33","10,13"
2026-09-28 19:54,"22,4",51,"11,8","1,33","10,13"
2026-09-28 19:55,"22,4",51,"11,8","1,33","10,13"
2026-09-28 19:56,"22,4",51,"11,8","1,33","10,13"
2026-09-28 19:57,"22,4",51,"11,8","1,33","10,13"
2026-09-28 19:58,"22,4",51,"11,8","1,33","10,13"
2026-09-28 19:59,"22,4",51,"11,8","1,33","10,13"
2026-09-28 20:00,"22,4",51,"11,8","1,33","10,13"
2026-09-28 20:01,"22,4",51,"11,8","1,33","10,13"
2026-09-28 20:02,"22,4",50,"11,5","1,35","9,93"
2026-09-28 20:03,"22,4",50,"11,5","1,35","9,93"
2026-09-28 20:04,"22,4",50,"11,5","1,35","9,93"
2026-09-28 20:05,"22,4",50,"11,5","1,35","9,93"
2026-09-28 20:06,"22,5",50,"11,5","1,36","9,96"
2026-09-28 20:07,"22,5",50,"11,6","1,36","9,99"
2026-09-28 20:08,"22,5",49,"11,2","1,39","9,79"
2026-09-28 20:09,"22,5",49,"11,2","1,39","9,79"
2026-09-28 20:10,"22,5",49,"11,2","1,39","9,79"
2026-09-28 20:11,"22,5",49,"11,2","1,39","9,79"
2026-09-28 20:12,"22,5",49,"11,2","1,39","9,79"
2026-09-28 20:13,"22,5",49,"11,2","1,39","9,79"
2026-09-28 20:14,"22,5",49,"11,2","1,39","9,79"
2026-09-28 20:15,"22,5",49,"11,2","1,39","9,79"
2026-09-28 20:16,"22,5",49,"11,2","1,39","9,79"
2026-09-28 20:17,"22,5",49,"11,2","1,39","9,79"
2026-09-28 20:18,"22,5",49,"11,2","1,39","9,79"
2026-09-28 20:19,"22,5",49,"11,2","1,39","9,79"
2026-09-28 20:20,"22,5",49,"11,2","1,39","9,79"
2026-09-28 20:21,"22,5",49,"11,2","1,39","9,79"
2026-09-28 20:22,"22,5",49,"11,2","1,39","9,79"
2026-09-28 20:23,"22,5",49,"11,2","1,39","9,79"
2026-09-28 20:24,"22,5",49,"11,2","1,39","9,79"
2026-09-28 20:25,"22,5",49,"11,2","1,39","9,79"
2026-09-28 20:26,"22,5",49,"11,2","1,39","9,79"
2026-09-28 20:27,"22,5",49,"11,2","1,39","9,79"
2026-09-28 20:28,"22,5",49,"11,2","1,39","9,79"
2026-09-28 20:29,"22,5",49,"11,2","1,39","9,79"
2026-09-28 20:30,"22,5",49,"11,2","1,39","9,79"
2026-09-28 20:31,"22,5",49,"11,2","1,39","9,79"
2026-09-28 20:32,"22,5",49,"11,2","1,39","9,79"
2026-09-28 20:33,"22,5",49,"11,2","1,39","9,79"
2026-09-28 20:34,"22,5",49,"11,2","1,39","9,79"
2026-09-28 20:35,"22,5",49,"11,2","1,39","9,79"
2026-09-28 20:36,"22,5",49,"11,2","1,39","9,79"
2026-09-28 20:37,"22,5",49,"11,2","1,39","9,79"
2026-09-28 20:38,"22,5",49,"11,2","1,39","9,76"
2026-09-28 20:39,"22,4",49,"11,2","1,38","9,73"
2026-09-28 20:40,"22,4",49,"11,2","1,38","9,73"
2026-09-28 20:41,"22,4",49,"11,2","1,38","9,73"
2026-09-28 20:42,"22,4",48,"10,8","1,41","9,53"
2026-09-28 20:43,"22,4",48,"10,8","1,41","9,53"
2026-09-28 20:44,"22,4",48,"10,8","1,41","9,53"
2026-09-28 20:45,"22,4",48,"10,8","1,41","9,53"
2026-09-28 20:46,"22,4",48,"10,8","1,41","9,53"
2026-09-28 20:47,"22,4",48,"10,8","1,41","9,53"
2026-09-28 20:48,"22,3",48,"10,8","1,40","9,51"
2026-09-28 20:49,"22,3",48,"10,8","1,40","9,48"
2026-09-28 20:50,"22,3",48,"10,7","1,40","9,45"
2026-09-28 20:51,"22,2",48,"10,7","1,39","9,42"
2026-09-28 20:52,"22,2",48,"10,7","1,39","9,42"
2026-09-28 20:53,"22,2",48,"10,7","1,39","9,42"
2026-09-28 20:54,"22,2",49,"11,0","1,36","9,62"
2026-09-28 20:55,"22,2",50,"11,3","1,34","9,82"
2026-09-28 20:56,"22,2",49,"10,9","1,36","9,59"
2026-09-28 20:57,"22,1",49,"10,9","1,36","9,56"
2026-09-28 20:58,"22,1",49,"10,9","1,36","9,56"
2026-09-28 20:59,"22,1",49,"10,9","1,36","9,56"
2026-09-28 21:00,"22,0",49,"10,8","1,35","9,54"
2026-09-28 21:01,"22,0",49,"10,8","1,35","9,51"
2026-09-28 21:02,"22,0",50,"11,1","1,32","9,70"
2026-09-28 21:03,"22,0",51,"11,4","1,30","9,90"
2026-09-28 21:04,"22,0",51,"11,4","1,30","9,90"
2026-09-28 21:05,"22,0",51,"11,4","1,30","9,90"
2026-09-28 21:06,"22,0",51,"11,4","1,30","9,90"
2026-09-28 21:07,"22,0",51,"11,4","1,30","9,90"
2026-09-28 21:08,"22,0",51,"11,4","1,30","9,90"
2026-09-28 21:09,"22,0",51,"11,4","1,30","9,90"
2026-09-28 21:10,"22,0",50,"11,0","1,32","9,68"
2026-09-28 21:11,"21,9",50,"11,0","1,31","9,65"
2026-09-28 21:12,"21,9",50,"11,0","1,31","9,65"
2026-09-28 21:13,"21,9",50,"11,0","1,31","9,65"
2026-09-28 21:14,"21,9",50,"11,0","1,31","9,65"
2026-09-28 21:15,"21,9",50,"11,0","1,31","9,65"
2026-09-28 21:16,"21,8",50,"11,0","1,31","9,62"
2026-09-28 21:17,"21,8",50,"10,9","1,31","9,59"
2026-09-28 21:18,"21,8",50,"10,9","1,31","9,59"
2026-09-28 21:19,"21,8",50,"10,9","1,31","9,59"
2026-09-28 21:20,"21,8",50,"10,9","1,31","9,59"
2026-09-28 21:21,"21,8",50,"10,9","1,31","9,59"
2026-09-28 21:22,"21,8",50,"10,9","1,31","9,59"
2026-09-28 21:23,"21,8",50,"10,9","1,31","9,59"
2026-09-28 21:24,"21,8",50,"10,9","1,31","9,59"
2026-09-28 21:25,"21,8",50,"10,9","1,31","9,59"
2026-09-28 21:26,"21,8",50,"10,9","1,31","9,59"
2026-09-28 21:27,"21,8",50,"10,9","1,31","9,59"
2026-09-28 21:28,"21,8",50,"10,9","1,31","9,59"
2026-09-28 21:29,"21,8",50,"10,9","1,31","9,59"
2026-09-28 21:30,"21,8",50,"10,9","1,30","9,57"
2026-09-28 21:31,"21,7",50,"10,8","1,30","9,54"
2026-09-28 21:32,"21,7",50,"10,8","1,30","9,54"
2026-09-28 21:33,"21,7",50,"10,8","1,30","9,54"
2026-09-28 21:34,"21,7",49,"10,5","1,32","9,32"
2026-09-28 21:35,"21,6",49,"10,4","1,32","9,29"
2026-09-28 21:36,"21,6",49,"10,4","1,32","9,29"
2026-09-28 21:37,"21,6",49,"10,4","1,32","9,29"
2026-09-28 21:38,"21,6",50,"10,7","1,29","9,48"
2026-09-28 21:39,"21,6",51,"11,0","1,26","9,67"
2026-09-28 21:40,"21,5",51,"11,0","1,26","9,64"
2026-09-28 21:41,"21,5",51,"10,9","1,26","9,62"
2026-09-28 21:42,"21,5",51,"10,9","1,26","9,62"
2026-09-28 21:43,"21,5",51,"10,9","1,26","9,62"
2026-09-28 21:44,"21,5",51,"10,9","1,26","9,62"
2026-09-28 21:45,"21,5",51,"10,9","1,26","9,62"
2026-09-28 21:46,"21,5",51,"10,9","1,25","9,59"
2026-09-28 21:47,"21,4",52,"11,1","1,22","9,75"
2026-09-28 21:48,"21,4",52,"11,1","1,22","9,75"
2026-09-28 21:49,"21,4",52,"11,1","1,22","9,75"
2026-09-28 21:50,"21,4",52,"11,1","1,22","9,75"
2026-09-28 21:51,"21,4",52,"11,1","1,22","9,75"
2026-09-28 21:52,"21,4",50,"10,5","1,27","9,37"
2026-09-28 21:53,"21,4",49,"10,2","1,30","9,19"
2026-09-28 21:54,"21,4",49,"10,2","1,30","9,19"
2026-09-28 21:55,"21,4",49,"10,2","1,30","9,19"
2026-09-28 21:56,"21,3",50,"10,5","1,27","9,35"
2026-09-28 21:57,"21,3",51,"10,7","1,24","9,51"
2026-09-28 21:58,"21,3",51,"10,7","1,24","9,51"
2026-09-28 21:59,"21,3",51,"10,7","1,24","9,51"
2026-09-28 22:00,"21,3",51,"10,7","1,24","9,51"
2026-09-28 22:01,"21,3",51,"10,7","1,24","9,51"
2026-09-28 22:02,"21,3",51,"10,7","1,24","9,48"
2026-09-28 22:03,"21,2",51,"10,7","1,23","9,45"
2026-09-28 22:04,"21,2",51,"10,7","1,23","9,45"
2026-09-28 22:05,"21,2",51,"10,7","1,23","9,45"
2026-09-28 22:06,"21,2",50,"10,4","1,26","9,27"
2026-09-28 22:07,"21,2",50,"10,4","1,26","9,27"
2026-09-28 22:08,"21,2",50,"10,4","1,26","9,27"
2026-09-28 22:09,"21,2",50,"10,4","1,26","9,27"
2026-09-28 22:10,"21,2",50,"10,4","1,26","9,27"
2026-09-28 22:11,"21,2",50,"10,4","1,26","9,27"
2026-09-28 22:12,"21,2",49,"10,0","1,28","9,05"
2026-09-28 22:13,"21,1",49,"10,0","1,28","9,03"
2026-09-28 22:14,"21,1",49,"10,0","1,28","9,03"
2026-09-28 22:15,"21,1",49,"10,0","1,28","9,03"
2026-09-28 22:16,"21,1",49,"10,0","1,28","9,03"
2026-09-28 22:17,"21,1",50,"10,3","1,25","9,21"
2026-09-28 22:18,"21,2",50,"10,3","1,25","9,24"
2026-09-28 22:19,"21,2",50,"10,4","1,26","9,27"
2026-09-28 22:20,"21,2",50,"10,4","1,26","9,27"
2026-09-28 22:21,"21,2",50,"10,4","1,26","9,27"
2026-09-28 22:22,"21,2",50,"10,4","1,26","9,27"
2026-09-28 22:23,"21,2",50,"10,4","1,26","9,27"
2026-09-28 22:24,"21,2",50,"10,4","1,26","9,27"
2026-09-28 22:25,"21,2",50,"10,4","1,26","9,27"
2026-09-28 22:26,"21,3",50,"10,4","1,26","9,29"
2026-09-28 22:27,"21,3",50,"10,5","1,27","9,32"
2026-09-28 22:28,"21,3",50,"10,5","1,27","9,32"
2026-09-28 22:29,"21,3",50,"10,5","1,27","9,32"
2026-09-28 22:30,"21,3",50,"10,5","1,27","9,32"
2026-09-28 22:31,"21,3",50,"10,5","1,27","9,32"
2026-09-28 22:32,"21,3",50,"10,5","1,27","9,35"
2026-09-28 22:33,"21,4",50,"10,5","1,27","9,37"
2026-09-28 22:34,"21,4",50,"10,5","1,27","9,37"
2026-09-28 22:35,"21,4",50,"10,5","1,27","9,37"
2026-09-28 22:36,"21,4",49,"10,2","1,30","9,19"
2026-09-28 22:37,"21,4",49,"10,2","1,30","9,19"
2026-09-28 22:38,"21,5",49,"10,3","1,30","9,21"
2026-09-28 22:39,"21,5",49,"10,3","1,31","9,24"
2026-09-28 22:40,"21,5",49,"10,3","1,31","9,24"
2026-09-28 22:41,"21,5",50,"10,6","1,28","9,43"
2026-09-28 22:42,"21,5",50,"10,6","1,28","9,43"
2026-09-28 22:43,"21,5",50,"10,6","1,28","9,43"
2026-09-28 22:44,"21,5",50,"10,7","1,29","9,46"
2026-09-28 22:45,"21,6",50,"10,7","1,29","9,48"
2026-09-28 22:46,"21,6",50,"10,7","1,29","9,48"
2026-09-28 22:47,"21,6",51,"11,0","1,26","9,67"
2026-09-28 22:48,"21,6",51,"11,0","1,26","9,67"
2026-09-28 22:49,"21,6",52,"11,3","1,24","9,86"
2026-09-28 22:50,"21,7",52,"11,4","1,24","9,89"
2026-09-28 22:51,"21,7",52,"11,4","1,25","9,92"
2026-09-28 22:52,"21,7",52,"11,4","1,25","9,92"
2026-09-28 22:53,"21,7",53,"11,7","1,22","10,11"
2026-09-28 22:54,"21,7",53,"11,7","1,22","10,11"
2026-09-28 22:55,"21,7",53,"11,7","1,22","10,11"
2026-09-28 22:56,"21,8",53,"11,7","1,22","10,14"
2026-09-28 22:57,"21,8",53,"11,8","1,23","10,17"
2026-09-28 22:58,"21,8",53,"11,8","1,23","10,17"
2026-09-28 22:59,"21,8",54,"12,1","1,20","10,36"
2026-09-28 23:00,"21,8",54,"12,1","1,20","10,36"
2026-09-28 23:01,"21,8",54,"12,1","1,20","10,36"
2026-09-28 23:02,"21,8",54,"12,1","1,20","10,36"
2026-09-28 23:03,"21,8",54,"12,1","1,20","10,36"
2026-09-28 23:04,"21,8",53,"11,8","1,23","10,17"
2026-09-28 23:05,"21,8",53,"11,8","1,23","10,17"
2026-09-28 23:06,"21,8",53,"11,8","1,23","10,20"
2026-09-28 23:07,"21,9",53,"11,9","1,24","10,23"
2026-09-28 23:08,"22,0",53,"11,9","1,24","10,26"
2026-09-28 23:09,"22,0",53,"12,0","1,24","10,29"
2026-09-28 23:10,"22,0",53,"12,0","1,24","10,29"
2026-09-28 23:11,"22,0",53,"12,0","1,24","10,29"
2026-09-28 23:12,"22,0",53,"12,0","1,24","10,29"
2026-09-28 23:13,"22,0",54,"12,3","1,22","10,48"
2026-09-28 23:14,"22,0",54,"12,3","1,22","10,51"
2026-09-28 23:15,"22,1",54,"12,4","1,22","10,54"
2026-09-28 23:16,"22,1",54,"12,4","1,22","10,54"
2026-09-28 23:17,"22,1",54,"12,4","1,22","10,54"
2026-09-28 23:18,"22,1",54,"12,4","1,22","10,54"
2026-09-28 23:19,"22,1",54,"12,4","1,22","10,54"
2026-09-28 23:20,"22,1",53,"12,1","1,25","10,35"
2026-09-28 23:21,"22,1",53,"12,1","1,25","10,35"
2026-09-28 23:22,"22,1",53,"12,1","1,25","10,35"
2026-09-28 23:23,"22,1",53,"12,1","1,25","10,35"
2026-09-28 23:24,"22,1",53,"12,1","1,25","10,35"
2026-09-28 23:25,"22,1",53,"12,1","1,25","10,35"
2026-09-28 23:26,"22,2",53,"12,1","1,25","10,38"
2026-09-28 23:27,"22,2",53,"12,2","1,26","10,41"
2026-09-28 23:28,"22,2",53,"12,2","1,26","10,41"
2026-09-28 23:29,"22,2",53,"12,2","1,26","10,41"
2026-09-28 23:30,"22,2",53,"12,2","1,26","10,41"
2026-09-28 23:31,"22,2",53,"12,2","1,26","10,41"
2026-09-28 23:32,"22,2",53,"12,2","1,26","10,41"
2026-09-28 23:33,"22,2",53,"12,2","1,26","10,41"
2026-09-28 23:34,"22,2",53,"12,2","1,26","10,41"
2026-09-28 23:35,"22,2",53,"12,2","1,26","10,41"
2026-09-28 23:36,"22,2",53,"12,2","1,26","10,41"
2026-09-28 23:37,"22,2",53,"12,2","1,26","10,41"
2026-09-28 23:38,"22,3",53,"12,2","1,26","10,44"
2026-09-28 23:39,"22,3",53,"12,3","1,27","10,47"
2026-09-28 23:40,"22,3",53,"12,3","1,27","10,47"
2026-09-28 23:41,"22,3",53,"12,3","1,27","10,47"
2026-09-28 23:42,"22,3",53,"12,3","1,27","10,47"
2026-09-28 23:43,"22,3",53,"12,3","1,27","10,47"
2026-09-28 23:44,"22,3",53,"12,3","1,27","10,47"
2026-09-28 23:45,"22,3",54,"12,5","1,24","10,66"
2026-09-28 23:46,"22,3",54,"12,6","1,24","10,69"
2026-09-28 23:47,"22,4",54,"12,6","1,25","10,72"
2026-09-28 23:48,"22,4",54,"12,6","1,25","10,72"
2026-09-28 23:49,"22,4",54,"12,6","1,25","10,72"
2026-09-28 23:50,"22,4",54,"12,6","1,25","10,72"
2026-09-28 23:51,"22,4",55,"12,9","1,22","10,92"
2026-09-28 23:52,"22,4",55,"12,9","1,22","10,92"
2026-09-28 23:53,"22,4",55,"12,9","1,22","10,92"
2026-09-28 23:54,"22,4",55,"12,9","1,22","10,92"
2026-09-28 23:55,"22,4",56,"13,2","1,19","11,12"
2026-09-28 23:56,"22,4",56,"13,2","1,19","11,12"
2026-09-28 23:57,"22,4",56,"13,2","1,19","11,12"
2026-09-28 23:58,"22,4",56,"13,2","1,19","11,12"
2026-09-28 23:59,"22,4",56,"13,2","1,19","11,12"
2026-09-29 00:00,"22,4",56,"13,2","1,19","11,12"
2026-09-29 00:01,"22,4",57,"13,5","1,16","11,32"
2026-09-29 00:02,"22,4",57,"13,5","1,16","11,32"
2026-09-29 00:03,"22,4",57,"13,5","1,16","11,32"
2026-09-29 00:04,"22,4",57,"13,5","1,16","11,32"
2026-09-29 00:05,"22,4",57,"13,5","1,16","11,32"
2026-09-29 00:06,"22,4",57,"13,5","1,16","11,32"
2026-09-29 00:07,"22,4",57,"13,5","1,16","11,32"
2026-09-29 00:08,"22,4",57,"13,5","1,16","11,32"
2026-09-29 00:09,"22,4",57,"13,5","1,16","11,32"
2026-09-29 00:10,"22,5",57,"13,5","1,17","11,35"
2026-09-29 00:11,"22,5",57,"13,6","1,17","11,39"
2026-09-29 00:12,"22,5",57,"13,6","1,17","11,39"
2026-09-29 00:13,"22,5",57,"13,6","1,17","11,39"
2026-09-29 00:14,"22,5",57,"13,6","1,17","11,39"
2026-09-29 00:15,"22,5",58,"13,8","1,14","11,58"
2026-09-29 00:16,"22,5",58,"13,8","1,14","11,58"
2026-09-29 00:17,"22,5",58,"13,8","1,14","11,58"
2026-09-29 00:18,"22,5",57,"13,6","1,17","11,39"
2026-09-29 00:19,"22,5",56,"13,3","1,20","11,19"
2026-09-29 00:20,"22,5",55,"13,0","1,23","10,99"
2026-09-29 00:21,"22,5",55,"13,0","1,23","10,99"
2026-09-29 00:22,"22,5",55,"13,0","1,23","10,99"
2026-09-29 00:23,"22,5",55,"13,0","1,23","10,99"
2026-09-29 00:24,"22,5",55,"13,0","1,23","10,99"
2026-09-29 00:25,"22,5",55,"13,0","1,23","10,99"
2026-09-29 00:26,"22,5",55,"13,0","1,23","10,99"
2026-09-29 00:27,"22,5",55,"13,0","1,23","10,99"
2026-09-29 00:28,"22,5",54,"12,7","1,25","10,79"
2026-09-29 00:29,"22,5",54,"12,7","1,25","10,79"
2026-09-29 00:30,"22,5",54,"12,7","1,25","10,79"
2026-09-29 00:31,"22,5",54,"12,7","1,25","10,79"
2026-09-29 00:32,"22,5",54,"12,7","1,25","10,79"
2026-09-29 00:33,"22,5",54,"12,7","1,25","10,79"
2026-09-29 00:34,"22,5",54,"12,7","1,25","10,79"
2026-09-29 00:35,"22,5",54,"12,7","1,25","10,79"
2026-09-29 00:36,"22,5",54,"12,7","1,25","10,79"
2026-09-29 00:37,"22,5",54,"12,7","1,25","10,79"
2026-09-29 00:38,"22,5",54,"12,7","1,25","10,79"
2026-09-29 00:39,"22,5",54,"12,7","1,25","10,79"
2026-09-29 00:40,"22,5",54,"12,7","1,25","10,79"
2026-09-29 00:41,"22,5",54,"12,7","1,25","10,79"
2026-09-29 00:42,"22,5",54,"12,7","1,25","10,79"
2026-09-29 00:43,"22,5",54,"12,7","1,25","10,79"
2026-09-29 00:44,"22,5",54,"12,7","1,25","10,79"
2026-09-29 00:45,"22,5",54,"12,7","1,25","10,79"
2026-09-29 00:46,"22,5",54,"12,7","1,25","10,79"
2026-09-29 00:47,"22,5",54,"12,7","1,25","10,79"
2026-09-29 00:48,"22,5",54,"12,7","1,25","10,79"
2026-09-29 00:49,"22,5",54,"12,7","1,25","10,79"
2026-09-29 00:50,"22,5",54,"12,7","1,25","10,79"
2026-09-29 00:51,"22,5",54,"12,7","1,25","10,79"
2026-09-29 00:52,"22,5",54,"12,7","1,25","10,79"
2026-09-29 00:53,"22,5",54,"12,7","1,25","10,79"
2026-09-29 00:54,"22,5",54,"12,7","1,25","10,79"
2026-09-29 00:55,"22,5",54,"12,7","1,25","10,79"
2026-09-29 00:56,"22,5",54,"12,7","1,25","10,79"
2026-09-29 00:57,"22,5",54,"12,7","1,25","10,79"
2026-09-29 00:58,"22,5",54,"12,7","1,25","10,79"
2026-09-29 00:59,"22,5",54,"12,7","1,25","10,79"
2026-09-29 01:00,"22,5",54,"12,7","1,25","10,79"
2026-09-29 01:01,"22,5",54,"12,7","1,25","10,79"
2026-09-29 01:02,"22,5",54,"12,7","1,25","10,79"
2026-09-29 01:03,"22,5",54,"12,7","1,25","10,79"
2026-09-29 01:04,"22,5",54,"12,8","1,26","10,82"
2026-09-29 01:05,"22,6",54,"12,8","1,26","10,85"
2026-09-29 01:06,"22,6",54,"12,8","1,26","10,85"
2026-09-29 01:07,"22,6",54,"12,8","1,26","10,85"
2026-09-29 01:08,"22,6",54,"12,8","1,26","10,85"
2026-09-29 01:09,"22,6",54,"12,8","1,26","10,85"
2026-09-29 01:10,"22,6",54,"12,8","1,26","10,85"
2026-09-29 01:11,"22,6",54,"12,8","1,26","10,85"
2026-09-29 01:12,"22,6",54,"12,8","1,26","10,85"
2026-09-29 01:13,"22,6",54,"12,8","1,26","10,85"
2026-09-29 01:14,"22,6",54,"12,8","1,26","10,85"
2026-09-29 01:15,"22,6",54,"12,8","1,26","10,85"
2026-09-29 01:16,"22,6",54,"12,8","1,26","10,85"
2026-09-29 01:17,"22,6",54,"12,8","1,26","10,85"
2026-09-29 01:18,"22,6",54,"12,8","1,26","10,85"
2026-09-29 01:19,"22,6",54,"12,8","1,26","10,85"
2026-09-29 01:20,"22,6",54,"12,8","1,26","10,85"
2026-09-29 01:21,"22,6",54,"12,8","1,26","10,85"
2026-09-29 01:22,"22,6",54,"12,8","1,26","10,85"
2026-09-29 01:23,"22,6",54,"12,8","1,26","10,85"
2026-09-29 01:24,"22,6",54,"12,8","1,26","10,85"
2026-09-29 01:25,"22,6",54,"12,8","1,26","10,85"
2026-09-29 01:26,"22,6",54,"12,8","1,26","10,85"
2026-09-29 01:27,"22,6",54,"12,8","1,26","10,85"
2026-09-29 01:28,"22,6",54,"12,8","1,26","10,85"
2026-09-29 01:29,"22,6",54,"12,8","1,26","10,85"
2026-09-29 01:30,"22,6",54,"12,8","1,26","10,85"
2026-09-29 01:31,"22,6",54,"12,8","1,26","10,85"
2026-09-29 01:32,"22,6",54,"12,8","1,26","10,85"
2026-09-29 01:33,"22,6",54,"12,8","1,26","10,85"
2026-09-29 01:34,"22,6",54,"12,8","1,26","10,85"
2026-09-29 01:35,"22,6",54,"12,8","1,26","10,85"
2026-09-29 01:36,"22,6",54,"12,8","1,26","10,85"
2026-09-29 01:37,"22,6",54,"12,8","1,26","10,85"
2026-09-29 01:38,"22,6",54,"12,8","1,26","10,85"
2026-09-29 01:39,"22,6",54,"12,8","1,26","10,85"
2026-09-29 01:40,"22,6",54,"12,8","1,26","10,85"
2026-09-29 01:41,"22,6",54,"12,8","1,26","10,85"
2026-09-29 01:42,"22,6",54,"12,8","1,26","10,85"
2026-09-29 01:43,"22,6",54,"12,8","1,26","10,85"
2026-09-29 01:44,"22,6",54,"12,8","1,26","10,85"
2026-09-29 01:45,"22,6",54,"12,8","1,26","10,85"
2026-09-29 01:46,"22,6",54,"12,8","1,26","10,85"
2026-09-29 01:47,"22,6",54,"12,8","1,26","10,85"
2026-09-29 01:48,"22,6",54,"12,8","1,26","10,85"
2026-09-29 01:49,"22,6",54,"12,8","1,26","10,85"
2026-09-29 01:50,"22,6",54,"12,8","1,26","10,85"
2026-09-29 01:51,"22,6",54,"12,8","1,26","10,85"
2026-09-29 01:52,"22,6",54,"12,8","1,26","10,85"
2026-09-29 01:53,"22,6",54,"12,8","1,26","10,85"
2026-09-29 01:54,"22,6",54,"12,8","1,26","10,85"
2026-09-29 01:55,"22,6",54,"12,8","1,26","10,85"
2026-09-29 01:56,"22,6",54,"12,8","1,26","10,85"
2026-09-29 01:57,"22,6",54,"12,8","1,26","10,85"
2026-09-29 01:58,"22,7",54,"12,9","1,27","10,88"
2026-09-29 01:59,"22,7",54,"12,9","1,27","10,91"
2026-09-29 02:00,"22,7",54,"12,9","1,27","10,91"
2026-09-29 02:01,"22,7",54,"12,9","1,27","10,91"
2026-09-29 02:02,"22,7",54,"12,9","1,27","10,91"
2026-09-29 02:03,"22,7",54,"12,9","1,27","10,91"
2026-09-29 02:04,"22,7",54,"12,9","1,27","10,91"
2026-09-29 02:05,"22,7",54,"12,9","1,27","10,91"
2026-09-29 02:06,"22,7",54,"12,9","1,27","10,91"
2026-09-29 02:07,"22,7",54,"12,9","1,27","10,91"
2026-09-29 02:08,"22,7",54,"12,9","1,27","10,91"
2026-09-29 02:09,"22,7",54,"12,9","1,27","10,91"
2026-09-29 02:10,"22,7",54,"12,9","1,27","10,91"
2026-09-29 02:11,"22,7",54,"12,9","1,27","10,91"
2026-09-29 02:12,"22,7",54,"12,9","1,27","10,91"
2026-09-29 02:13,"22,7",54,"12,9","1,27","10,91"
2026-09-29 02:14,"22,7",54,"12,9","1,27","10,91"
2026-09-29 02:15,"22,7",54,"12,9","1,27","10,91"
2026-09-29 02:16,"22,7",54,"12,9","1,27","10,91"
2026-09-29 02:17,"22,7",54,"12,9","1,27","10,91"
2026-09-29 02:18,"22,7",54,"12,9","1,27","10,91"
2026-09-29 02:19,"22,7",54,"12,9","1,27","10,91"
2026-09-29 02:20,"22,7",54,"12,9","1,27","10,91"
2026-09-29 02:21,"22,7",54,"12,9","1,27","10,91"
2026-09-29 02:22,"22,7",54,"12,9","1,27","10,91"
2026-09-29 02:23,"22,7",54,"12,9","1,27","10,91"
2026-09-29 02:24,"22,7",54,"12,9","1,27","10,91"
2026-09-29 02:25,"22,7",54,"12,9","1,27","10,91"
2026-09-29 02:26,"22,7",54,"12,9","1,27","10,91"
2026-09-29 02:27,"22,7",54,"12,9","1,27","10,91"
2026-09-29 02:28,"22,7",54,"12,9","1,27","10,91"
2026-09-29 02:29,"22,7",54,"12,9","1,27","10,91"
2026-09-29 02:30,"22,7",54,"12,9","1,27","10,91"
2026-09-29 02:31,"22,7",54,"12,9","1,27","10,91"
2026-09-29 02:32,"22,7",54,"12,9","1,27","10,91"
2026-09-29 02:33,"22,7",54,"12,9","1,27","10,91"
2026-09-29 02:34,"22,7",54,"12,9","1,27","10,91"
2026-09-29 02:35,"22,7",54,"12,9","1,27","10,91"
2026-09-29 02:36,"22,7",54,"12,9","1,27","10,91"
2026-09-29 02:37,"22,7",55,"13,2","1,24","11,11"
2026-09-29 02:38,"22,7",55,"13,2","1,24","11,11"
2026-09-29 02:39,"22,7",55,"13,2","1,24","11,11"
2026-09-29 02:40,"22,7",55,"13,2","1,24","11,11"
2026-09-29 02:41,"22,7",55,"13,2","1,24","11,11"
2026-09-29 02:42,"22,7",55,"13,2","1,24","11,11"
2026-09-29 02:43,"22,7",55,"13,2","1,24","11,11"
2026-09-29 02:44,"22,7",55,"13,2","1,24","11,11"
2026-09-29 02:45,"22,7",55,"13,2","1,24","11,11"
2026-09-29 02:46,"22,7",55,"13,2","1,24","11,11"
2026-09-29 02:47,"22,7",55,"13,2","1,24","11,11"
2026-09-29 02:48,"22,7",55,"13,2","1,24","11,11"
2026-09-29 02:49,"22,7",55,"13,2","1,24","11,11"
2026-09-29 02:50,"22,7",55,"13,2","1,24","11,11"
2026-09-29 02:51,"22,7",55,"13,2","1,24","11,11"
2026-09-29 02:52,"22,7",55,"13,2","1,24","11,11"
2026-09-29 02:53,"22,7",55,"13,2","1,24","11,11"
2026-09-29 02:54,"22,7",55,"13,2","1,24","11,11"
2026-09-29 02:55,"22,7",55,"13,2","1,24","11,11"
2026-09-29 02:56,"22,7",55,"13,2","1,24","11,11"
2026-09-29 02:57,"22,7",55,"13,2","1,24","11,11"
2026-09-29 02:58,"22,7",55,"13,2","1,24","11,11"
2026-09-29 02:59,"22,7",55,"13,2","1,24","11,11"
2026-09-29 03:00,"22,7",55,"13,2","1,24","11,11"
2026-09-29 03:01,"22,7",55,"13,2","1,24","11,11"
2026-09-29 03:02,"22,7",55,"13,2","1,24","11,11"
2026-09-29 03:03,"22,7",55,"13,2","1,24","11,11"
2026-09-29 03:04,"22,7",55,"13,2","1,24","11,11"
2026-09-29 03:05,"22,7",55,"13,2","1,24","11,11"
2026-09-29 03:06,"22,7",55,"13,2","1,24","11,11"
2026-09-29 03:07,"22,7",55,"13,2","1,24","11,11"
2026-09-29 03:08,"22,7",55,"13,2","1,24","11,11"
2026-09-29 03:09,"22,7",55,"13,2","1,24","11,11"
2026-09-29 03:10,"22,7",55,"13,2","1,24","11,11"
2026-09-29 03:11,"22,7",55,"13,2","1,24","11,11"
2026-09-29 03:12,"22,7",55,"13,2","1,24","11,11"
2026-09-29 03:13,"22,7",55,"13,2","1,24","11,11"
2026-09-29 03:14,"22,7",55,"13,2","1,24","11,11"
2026-09-29 03:15,"22,7",55,"13,2","1,24","11,11"
2026-09-29 03:16,"22,7",55,"13,2","1,24","11,11"
2026-09-29 03:17,"22,7",55,"13,2","1,24","11,11"
2026-09-29 03:18,"22,7",55,"13,2","1,24","11,11"
2026-09-29 03:19,"22,7",55,"13,2","1,24","11,11"
2026-09-29 03:20,"22,7",55,"13,2","1,24","11,11"
2026-09-29 03:21,"22,7",55,"13,2","1,24","11,11"
2026-09-29 03:22,"22,7",55,"13,2","1,24","11,11"
2026-09-29 03:23,"22,7",55,"13,2","1,24","11,11"
2026-09-29 03:24,"22,7",55,"13,2","1,24","11,11"
2026-09-29 03:25,"22,7",55,"13,2","1,24","11,11"
2026-09-29 03:26,"22,7",55,"13,2","1,24","11,11"
2026-09-29 03:27,"22,7",55,"13,2","1,24","11,11"
2026-09-29 03:28,"22,7",55,"13,2","1,24","11,11"
2026-09-29 03:29,"22,7",55,"13,2","1,24","11,11"
2026-09-29 03:30,"22,7",55,"13,2","1,24","11,11"
2026-09-29 03:31,"22,7",55,"13,2","1,24","11,11"
2026-09-29 03:32,"22,7",55,"13,2","1,24","11,11"
2026-09-29 03:33,"22,7",55,"13,2","1,24","11,11"
2026-09-29 03:34,"22,7",55,"13,2","1,24","11,11"
2026-09-29 03:35,"22,7",55,"13,2","1,24","11,11"
2026-09-29 03:36,"22,7",55,"13,2","1,24","11,11"
2026-09-29 03:37,"22,7",55,"13,2","1,24","11,11"
2026-09-29 03:38,"22,7",55,"13,2","1,24","11,11"
2026-09-29 03:39,"22,7",55,"13,2","1,24","11,11"
2026-09-29 03:40,"22,7",55,"13,1","1,24","11,08"
2026-09-29 03:41,"22,6",55,"13,1","1,23","11,05"
2026-09-29 03:42,"22,6",55,"13,1","1,23","11,05"
2026-09-29 03:43,"22,6",55,"13,1","1,23","11,05"
2026-09-29 03:44,"22,6",55,"13,1","1,23","11,05"
2026-09-29 03:45,"22,6",55,"13,1","1,23","11,05"
2026-09-29 03:46,"22,6",55,"13,1","1,23","11,05"
2026-09-29 03:47,"22,6",55,"13,1","1,23","11,05"
2026-09-29 03:48,"22,6",55,"13,1","1,23","11,05"
2026-09-29 03:49,"22,6",55,"13,1","1,23","11,05"
2026-09-29 03:50,"22,6",55,"13,1","1,23","11,05"
2026-09-29 03:51,"22,6",55,"13,1","1,23","11,05"
2026-09-29 03:52,"22,6",55,"13,1","1,23","11,05"
2026-09-29 03:53,"22,6",55,"13,1","1,23","11,05"
2026-09-29 03:54,"22,6",55,"13,1","1,23","11,05"
2026-09-29 03:55,"22,6",55,"13,1","1,23","11,05"
2026-09-29 03:56,"22,6",55,"13,1","1,23","11,05"
2026-09-29 03:57,"22,6",56,"13,4","1,21","11,25"
2026-09-29 03:58,"22,6",56,"13,4","1,21","11,25"
2026-09-29 03:59,"22,6",56,"13,4","1,21","11,25"
2026-09-29 04:00,"22,6",56,"13,4","1,21","11,25"
2026-09-29 04:01,"22,6",56,"13,4","1,21","11,25"
2026-09-29 04:02,"22,6",56,"13,4","1,21","11,25"
2026-09-29 04:03,"22,6",56,"13,4","1,21","11,25"
2026-09-29 04:04,"22,6",56,"13,4","1,21","11,25"
2026-09-29 04:05,"22,6",56,"13,4","1,21","11,25"
2026-09-29 04:06,"22,6",56,"13,4","1,21","11,25"
2026-09-29 04:07,"22,6",56,"13,4","1,21","11,25"
2026-09-29 04:08,"22,6",56,"13,4","1,21","11,25"
2026-09-29 04:09,"22,6",56,"13,4","1,21","11,25"
2026-09-29 04:10,"22,6",56,"13,4","1,21","11,25"
2026-09-29 04:11,"22,6",56,"13,4","1,21","11,25"
2026-09-29 04:12,"22,6",56,"13,4","1,21","11,25"
2026-09-29 04:13,"22,6",56,"13,4","1,21","11,25"
2026-09-29 04:14,"22,6",56,"13,4","1,21","11,25"
2026-09-29 04:15,"22,6",56,"13,4","1,21","11,25"
2026-09-29 04:16,"22,6",56,"13,4","1,21","11,25"
2026-09-29 04:17,"22,6",56,"13,4","1,21","11,25"
2026-09-29 04:18,"22,6",56,"13,4","1,21","11,25"
2026-09-29 04:19,"22,6",56,"13,4","1,21","11,25"
2026-09-29 04:20,"22,6",56,"13,4","1,21","11,25"
2026-09-29 04:21,"22,6",56,"13,4","1,21","11,25"
2026-09-29 04:22,"22,6",56,"13,4","1,21","11,25"
2026-09-29 04:23,"22,6",56,"13,4","1,21","11,25"
2026-09-29 04:24,"22,6",56,"13,4","1,21","11,25"
2026-09-29 04:25,"22,6",56,"13,4","1,21","11,25"
2026-09-29 04:26,"22,6",56,"13,4","1,21","11,25"
2026-09-29 04:27,"22,6",56,"13,4","1,21","11,25"
2026-09-29 04:28,"22,6",56,"13,4","1,21","11,25"
2026-09-29 04:29,"22,6",56,"13,4","1,21","11,25"
2026-09-29 04:30,"22,6",56,"13,4","1,21","11,25"
2026-09-29 04:31,"22,6",56,"13,4","1,21","11,25"
2026-09-29 04:32,"22,6",56,"13,4","1,21","11,25"
2026-09-29 04:33,"22,6",56,"13,4","1,21","11,25"
2026-09-29 04:34,"22,6",56,"13,4","1,21","11,25"
2026-09-29 04:35,"22,6",56,"13,4","1,21","11,25"
2026-09-29 04:36,"22,6",56,"13,4","1,21","11,25"
2026-09-29 04:37,"22,6",56,"13,4","1,21","11,25"
2026-09-29 04:38,"22,6",56,"13,4","1,21","11,25"
2026-09-29 04:39,"22,6",56,"13,4","1,21","11,25"
2026-09-29 04:40,"22,6",56,"13,4","1,21","11,25"
2026-09-29 04:41,"22,6",56,"13,4","1,21","11,25"
2026-09-29 04:42,"22,6",56,"13,4","1,21","11,25"
2026-09-29 04:43,"22,6",56,"13,4","1,21","11,25"
2026-09-29 04:44,"22,6",56,"13,4","1,21","11,25"
2026-09-29 04:45,"22,6",56,"13,4","1,21","11,25"
2026-09-29 04:46,"22,6",55,"13,1","1,23","11,05"
2026-09-29 04:47,"22,6",55,"13,1","1,23","11,05"
2026-09-29 04:48,"22,6",55,"13,1","1,23","11,05"
2026-09-29 04:49,"22,6",55,"13,1","1,23","11,05"
2026-09-29 04:50,"22,6",54,"12,8","1,26","10,85"
2026-09-29 04:51,"22,6",54,"12,8","1,26","10,85"
2026-09-29 04:52,"22,6",54,"12,8","1,26","10,85"
2026-09-29 04:53,"22,6",54,"12,8","1,26","10,85"
2026-09-29 04:54,"22,5",53,"12,5","1,28","10,62"
2026-09-29 04:55,"22,5",53,"12,4","1,28","10,59"
2026-09-29 04:56,"22,5",53,"12,4","1,28","10,59"
2026-09-29 04:57,"22,5",53,"12,4","1,28","10,59"
2026-09-29 04:58,"22,5",53,"12,4","1,28","10,59"
2026-09-29 04:59,"22,5",53,"12,4","1,28","10,59"
2026-09-29 05:00,"22,5",53,"12,4","1,28","10,59"
2026-09-29 05:01,"22,5",53,"12,4","1,28","10,59"
2026-09-29 05:02,"22,5",52,"12,1","1,30","10,36"
2026-09-29 05:03,"22,4",52,"12,1","1,30","10,33"
2026-09-29 05:04,"22,4",52,"12,1","1,30","10,33"
2026-09-29 05:05,"22,4",52,"12,1","1,30","10,33"
2026-09-29 05:06,"22,4",52,"12,1","1,30","10,33"
2026-09-29 05:07,"22,4",52,"12,1","1,30","10,33"
2026-09-29 05:08,"22,3",52,"12,0","1,30","10,30"
2026-09-29 05:09,"22,3",52,"12,0","1,29","10,27"
2026-09-29 05:10,"22,3",52,"12,0","1,29","10,27"
2026-09-29 05:11,"22,3",52,"12,0","1,29","10,27"
2026-09-29 05:12,"22,3",52,"12,0","1,29","10,27"
2026-09-29 05:13,"22,3",52,"12,0","1,29","10,27"
2026-09-29 05:14,"22,3",52,"11,9","1,29","10,24"
2026-09-29 05:15,"22,2",52,"11,9","1,28","10,21"
2026-09-29 05:16,"22,2",52,"11,9","1,28","10,21"
2026-09-29 05:17,"22,2",52,"11,9","1,28","10,21"
2026-09-29 05:18,"22,2",52,"11,9","1,28","10,21"
2026-09-29 05:19,"22,2",52,"11,9","1,28","10,21"
2026-09-29 05:20,"22,2",52,"11,8","1,28","10,18"
2026-09-29 05:21,"22,1",52,"11,8","1,28","10,15"
2026-09-29 05:22,"22,1",52,"11,8","1,28","10,15"
2026-09-29 05:23,"22,1",52,"11,8","1,28","10,15"
2026-09-29 05:24,"22,1",52,"11,8","1,28","10,15"
2026-09-29 05:25,"22,1",52,"11,8","1,28","10,15"
2026-09-29 05:26,"22,0",52,"11,7","1,27","10,12"
2026-09-29 05:27,"22,0",52,"11,7","1,27","10,09"
2026-09-29 05:28,"22,0",52,"11,7","1,27","10,09"
2026-09-29 05:29,"22,0",52,"11,7","1,27","10,09"
2026-09-29 05:30,"22,0",52,"11,7","1,27","10,09"
2026-09-29 05:31,"22,0",52,"11,7","1,27","10,09"
2026-09-29 05:32,"22,0",52,"11,6","1,27","10,06"
2026-09-29 05:33,"21,9",52,"11,6","1,26","10,03"
2026-09-29 05:34,"21,9",52,"11,6","1,26","10,03"
2026-09-29 05:35,"21,9",52,"11,6","1,26","10,03"
2026-09-29 05:36,"21,9",52,"11,6","1,26","10,03"
2026-09-29 05:37,"21,9",52,"11,6","1,26","10,03"
2026-09-29 05:38,"21,8",52,"11,5","1,26","10,01"
2026-09-29 05:39,"21,8",52,"11,5","1,25","9,98"
2026-09-29 05:40,"21,8",52,"11,5","1,25","9,98"
2026-09-29 05:41,"21,8",52,"11,5","1,25","9,98"
2026-09-29 05:42,"21,8",52,"11,5","1,25","9,98"
2026-09-29 05:43,"21,8",52,"11,5","1,25","9,98"
2026-09-29 05:44,"21,8",52,"11,5","1,25","9,98"
2026-09-29 05:45,"21,8",52,"11,5","1,25","9,98"
2026-09-29 05:46,"21,8",52,"11,5","1,25","9,95"
2026-09-29 05:47,"21,7",52,"11,4","1,25","9,92"
2026-09-29 05:48,"21,7",52,"11,4","1,25","9,92"
2026-09-29 05:49,"21,7",52,"11,4","1,25","9,92"
2026-09-29 05:50,"21,7",52,"11,4","1,25","9,92"
2026-09-29 05:51,"21,7",52,"11,4","1,25","9,92"
2026-09-29 05:52,"21,7",52,"11,4","1,24","9,89"
2026-09-29 05:53,"21,6",52,"11,3","1,24","9,86"
2026-09-29 05:54,"21,6",52,"11,3","1,24","9,86"
2026-09-29 05:55,"21,6",52,"11,3","1,24","9,86"
2026-09-29 05:56,"21,6",52,"11,3","1,24","9,86"
2026-09-29 05:57,"21,6",52,"11,3","1,24","9,86"
2026-09-29 05:58,"21,6",52,"11,3","1,24","9,86"
2026-09-29 05:59,"21,6",52,"11,3","1,24","9,86"
2026-09-29 06:00,"21,5",51,"11,0","1,26","9,64"
2026-09-29 06:01,"21,5",51,"10,9","1,26","9,62"
2026-09-29 06:02,"21,5",51,"10,9","1,26","9,62"
2026-09-29 06:03,"21,5",51,"10,9","1,26","9,62"
2026-09-29 06:04,"21,5",51,"10,9","1,26","9,62"
2026-09-29 06:05,"21,5",51,"10,9","1,26","9,62"
2026-09-29 06:06,"21,5",51,"10,9","1,26","9,62"
2026-09-29 06:07,"21,5",52,"11,2","1,23","9,81"
2026-09-29 06:08,"21,5",52,"11,2","1,23","9,81"
2026-09-29 06:09,"21,5",52,"11,2","1,23","9,81"
2026-09-29 06:10,"21,5",52,"11,2","1,23","9,81"
2026-09-29 06:11,"21,5",52,"11,2","1,23","9,81"
2026-09-29 06:12,"21,5",52,"11,2","1,23","9,81"
2026-09-29 06:13,"21,5",52,"11,2","1,23","9,81"
2026-09-29 06:14,"21,5",52,"11,2","1,23","9,81"
2026-09-29 06:15,"21,5",53,"11,5","1,21","9,99"
2026-09-29 06:16,"21,5",53,"11,6","1,21","10,02"
2026-09-29 06:17,"21,6",53,"11,6","1,21","10,05"
2026-09-29 06:18,"21,6",53,"11,6","1,21","10,05"
2026-09-29 06:19,"21,6",53,"11,6","1,21","10,05"
2026-09-29 06:20,"21,6",53,"11,6","1,21","10,05"
2026-09-29 06:21,"21,6",53,"11,6","1,21","10,05"
2026-09-29 06:22,"21,7",53,"11,7","1,22","10,08"
2026-09-29 06:23,"21,7",53,"11,7","1,22","10,11"
2026-09-29 06:24,"21,7",53,"11,7","1,22","10,11"
2026-09-29 06:25,"21,7",53,"11,7","1,22","10,11"
2026-09-29 06:26,"21,8",53,"11,7","1,22","10,14"
2026-09-29 06:27,"21,8",53,"11,8","1,23","10,17"
2026-09-29 06:28,"21,8",53,"11,8","1,23","10,17"
2026-09-29 06:29,"21,8",53,"11,8","1,23","10,17"
2026-09-29 06:30,"21,8",53,"11,8","1,23","10,20"
2026-09-29 06:31,"21,9",53,"11,9","1,24","10,23"
2026-09-29 06:32,"21,9",53,"11,9","1,24","10,23"
2026-09-29 06:33,"21,9",53,"11,9","1,24","10,23"
2026-09-29 06:34,"22,0",53,"11,9","1,24","10,26"
2026-09-29 06:35,"22,0",54,"12,3","1,22","10,48"
2026-09-29 06:36,"22,0",54,"12,3","1,22","10,48"
2026-09-29 06:37,"22,0",54,"12,3","1,22","10,48"
2026-09-29 06:38,"22,0",54,"12,3","1,22","10,51"
2026-09-29 06:39,"22,1",54,"12,4","1,22","10,54"
2026-09-29 06:40,"22,1",54,"12,4","1,22","10,54"
2026-09-29 06:41,"22,1",54,"12,4","1,22","10,54"
2026-09-29 06:42,"22,1",55,"12,6","1,20","10,74"
2026-09-29 06:43,"22,1",57,"13,2","1,14","11,13"
2026-09-29 06:44,"22,2",57,"13,2","1,15","11,16"
2026-09-29 06:45,"22,2",57,"13,3","1,15","11,19"
2026-09-29 06:46,"22,2",56,"13,0","1,18","10,99"
2026-09-29 06:47,"22,2",56,"13,0","1,18","10,99"
2026-09-29 06:48,"22,2",56,"13,0","1,18","10,99"
2026-09-29 06:49,"22,2",56,"13,0","1,18","10,99"
2026-09-29 06:50,"22,2",55,"12,7","1,20","10,80"
2026-09-29 06:51,"22,2",55,"12,7","1,20","10,80"
2026-09-29 06:52,"22,2",55,"12,7","1,20","10,80"
2026-09-29 06:53,"22,2",55,"12,7","1,20","10,80"
2026-09-29 06:54,"22,2",55,"12,7","1,20","10,80"
2026-09-29 06:55,"22,2",55,"12,7","1,20","10,80"
2026-09-29 06:56,"22,2",55,"12,7","1,20","10,80"
2026-09-29 06:57,"22,2",55,"12,7","1,20","10,80"
2026-09-29 06:58,"22,3",55,"12,8","1,21","10,83"
2026-09-29 06:59,"22,3",55,"12,8","1,21","10,86"
2026-09-29 07:00,"22,3",55,"12,9","1,22","10,89"
2026-09-29 07:01,"22,4",55,"12,9","1,22","10,92"
2026-09-29 07:02,"22,4",55,"12,9","1,22","10,92"
2026-09-29 07:03,"22,4",55,"12,9","1,22","10,92"
2026-09-29 07:04,"22,4",55,"12,9","1,22","10,92"
2026-09-29 07:05,"22,4",55,"12,9","1,22","10,92"
2026-09-29 07:06,"22,4",54,"12,6","1,25","10,72"
2026-09-29 07:07,"22,4",54,"12,6","1,25","10,72"
2026-09-29 07:08,"22,4",54,"12,6","1,25","10,72"
2026-09-29 07:09,"22,4",54,"12,6","1,25","10,72"
2026-09-29 07:10,"22,4",54,"12,6","1,25","10,72"
2026-09-29 07:11,"22,4",55,"12,9","1,22","10,92"
2026-09-29 07:12,"22,4",55,"12,9","1,22","10,92"
2026-09-29 07:13,"22,4",55,"12,9","1,22","10,92"
2026-09-29 07:14,"22,4",55,"12,9","1,22","10,92"
2026-09-29 07:15,"22,4",55,"12,9","1,22","10,92"
2026-09-29 07:16,"22,4",55,"12,9","1,22","10,92"
2026-09-29 07:17,"22,4",55,"12,9","1,22","10,92"
2026-09-29 07:18,"22,4",55,"12,9","1,22","10,92"
2026-09-29 07:19,"22,4",55,"12,9","1,22","10,92"
2026-09-29 07:20,"22,4",54,"12,6","1,25","10,72"
2026-09-29 07:21,"22,4",54,"12,6","1,25","10,72"
2026-09-29 07:22,"22,4",54,"12,6","1,25","10,72"
2026-09-29 07:23,"22,4",54,"12,6","1,25","10,72"
2026-09-29 07:24,"22,4",53,"12,3","1,27","10,53"
2026-09-29 07:25,"22,4",53,"12,3","1,27","10,53"
2026-09-29 07:26,"22,4",53,"12,3","1,27","10,53"
2026-09-29 07:27,"22,4",53,"12,3","1,27","10,53"
2026-09-29 07:28,"22,4",53,"12,3","1,27","10,53"
2026-09-29 07:29,"22,4",53,"12,3","1,27","10,53"
2026-09-29 07:30,"22,4",53,"12,3","1,27","10,53"
2026-09-29 07:31,"22,4",53,"12,3","1,27","10,53"
2026-09-29 07:32,"22,4",52,"12,1","1,30","10,33"
2026-09-29 07:33,"22,4",52,"12,1","1,30","10,33"
2026-09-29 07:34,"22,4",52,"12,1","1,30","10,33"
2026-09-29 07:35,"22,4",52,"12,1","1,30","10,33"
2026-09-29 07:36,"22,4",52,"12,1","1,30","10,33"
2026-09-29 07:37,"22,4",52,"12,1","1,30","10,33"
2026-09-29 07:38,"22,4",52,"12,1","1,30","10,33"
2026-09-29 07:39,"22,4",52,"12,1","1,30","10,33"
2026-09-29 07:40,"22,4",52,"12,1","1,30","10,33"
2026-09-29 07:41,"22,4",52,"12,1","1,30","10,33"
2026-09-29 07:42,"22,4",52,"12,1","1,30","10,33"
2026-09-29 07:43,"22,4",52,"12,1","1,30","10,33"
2026-09-29 07:44,"22,4",52,"12,1","1,30","10,33"
2026-09-29 07:45,"22,4",52,"12,1","1,30","10,33"
2026-09-29 07:46,"22,4",52,"12,1","1,30","10,33"
2026-09-29 07:47,"22,4",52,"12,1","1,30","10,33"
2026-09-29 07:48,"22,4",52,"12,1","1,30","10,33"
2026-09-29 07:49,"22,4",52,"12,1","1,30","10,33"
2026-09-29 07:50,"22,4",52,"12,1","1,30","10,33"
2026-09-29 07:51,"22,4",52,"12,1","1,30","10,33"
2026-09-29 07:52,"22,4",52,"12,1","1,30","10,33"
2026-09-29 07:53,"22,4",52,"12,1","1,30","10,33"
2026-09-29 07:54,"22,4",52,"12,1","1,30","10,33"
2026-09-29 07:55,"22,4",52,"12,1","1,30","10,33"
2026-09-29 07:56,"22,4",52,"12,1","1,30","10,33"
2026-09-29 07:57,"22,4",52,"12,1","1,30","10,33"
2026-09-29 07:58,"22,4",52,"12,1","1,30","10,33"
2026-09-29 07:59,"22,4",52,"12,1","1,30","10,33"
2026-09-29 08:00,"22,4",52,"12,1","1,30","10,33"
2026-09-29 08:01,"22,4",52,"12,1","1,30","10,33"
2026-09-29 08:02,"22,4",52,"12,1","1,30","10,33"
2026-09-29 08:03,"22,4",52,"12,1","1,30","10,33"
2026-09-29 08:04,"22,4",52,"12,1","1,30","10,33"
2026-09-29 08:05,"22,4",52,"12,1","1,30","10,33"
2026-09-29 08:06,"22,4",52,"12,1","1,30","10,33"
2026-09-29 08:07,"22,4",52,"12,1","1,30","10,33"
2026-09-29 08:08,"22,4",52,"12,1","1,30","10,33"
2026-09-29 08:09,"22,4",53,"12,3","1,27","10,53"
2026-09-29 08:10,"22,4",53,"12,3","1,27","10,53"
2026-09-29 08:11,"22,4",53,"12,3","1,27","10,53"
2026-09-29 08:12,"22,4",53,"12,3","1,27","10,53"
2026-09-29 08:13,"22,4",53,"12,3","1,27","10,53"
2026-09-29 08:14,"22,4",53,"12,3","1,27","10,53"
2026-09-29 08:15,"22,4",53,"12,3","1,27","10,53"
2026-09-29 08:16,"22,4",53,"12,3","1,27","10,53"
2026-09-29 08:17,"22,4",53,"12,3","1,27","10,53"
2026-09-29 08:18,"22,4",53,"12,3","1,27","10,53"
2026-09-29 08:19,"22,4",53,"12,3","1,27","10,53"
2026-09-29 08:20,"22,4",53,"12,3","1,27","10,53"
2026-09-29 08:21,"22,4",53,"12,3","1,27","10,53"
2026-09-29 08:22,"22,4",53,"12,3","1,27","10,53"
2026-09-29 08:23,"22,4",53,"12,3","1,27","10,53"
2026-09-29 08:24,"22,4",53,"12,3","1,27","10,53"
2026-09-29 08:25,"22,4",53,"12,3","1,27","10,53"
2026-09-29 08:26,"22,5",53,"12,4","1,28","10,56"
2026-09-29 08:27,"22,5",53,"12,4","1,28","10,59"
2026-09-29 08:28,"22,5",53,"12,4","1,28","10,59"
2026-09-29 08:29,"22,5",53,"12,4","1,28","10,59"
2026-09-29 08:30,"22,5",53,"12,4","1,28","10,59"
2026-09-29 08:31,"22,5",53,"12,4","1,28","10,59"
2026-09-29 08:32,"22,5",53,"12,4","1,28","10,59"
2026-09-29 08:33,"22,5",53,"12,4","1,28","10,59"
2026-09-29 08:34,"22,5",53,"12,4","1,28","10,59"
2026-09-29 08:35,"22,5",53,"12,4","1,28","10,59"
2026-09-29 08:36,"22,5",53,"12,4","1,28","10,59"
2026-09-29 08:37,"22,5",53,"12,4","1,28","10,59"
2026-09-29 08:38,"22,5",53,"12,4","1,28","10,56"
2026-09-29 08:39,"22,4",53,"12,3","1,27","10,53"
2026-09-29 08:40,"22,4",53,"12,3","1,27","10,53"
2026-09-29 08:41,"22,4",54,"12,6","1,25","10,72"
2026-09-29 08:42,"22,4",54,"12,6","1,25","10,72"
2026-09-29 08:43,"22,4",54,"12,6","1,25","10,72"
2026-09-29 08:44,"22,4",54,"12,6","1,25","10,72"
2026-09-29 08:45,"22,4",54,"12,6","1,25","10,72"
2026-09-29 08:46,"22,4",54,"12,6","1,25","10,72"
2026-09-29 08:47,"22,4",54,"12,6","1,25","10,72"
2026-09-29 08:48,"22,4",54,"12,6","1,25","10,72"
2026-09-29 08:49,"22,4",54,"12,6","1,25","10,72"
2026-09-29 08:50,"22,4",54,"12,6","1,25","10,72"
2026-09-29 08:51,"22,4",54,"12,6","1,25","10,72"
2026-09-29 08:52,"22,4",54,"12,6","1,25","10,72"
2026-09-29 08:53,"22,4",54,"12,6","1,25","10,72"
2026-09-29 08:54,"22,4",54,"12,6","1,25","10,72"
2026-09-29 08:55,"22,4",54,"12,6","1,25","10,72"
2026-09-29 08:56,"22,4",54,"12,6","1,25","10,72"
2026-09-29 08:57,"22,4",54,"12,6","1,25","10,72"
2026-09-29 08:58,"22,4",54,"12,6","1,25","10,72"
2026-09-29 08:59,"22,4",54,"12,6","1,25","10,72"
2026-09-29 09:00,"22,4",54,"12,6","1,25","10,72"
2026-09-29 09:01,"22,4",54,"12,6","1,25","10,72"
2026-09-29 09:02,"22,4",54,"12,6","1,25","10,72"
2026-09-29 09:03,"22,4",54,"12,6","1,25","10,72"
2026-09-29 09:04,"22,4",54,"12,6","1,25","10,72"
2026-09-29 09:05,"22,4",54,"12,6","1,25","10,72"
2026-09-29 09:06,"22,4",54,"12,6","1,25","10,72"
2026-09-29 09:07,"22,4",54,"12,6","1,25","10,72"
2026-09-29 09:08,"22,4",54,"12,6","1,25","10,72"
2026-09-29 09:09,"22,4",54,"12,6","1,25","10,72"
2026-09-29 09:10,"22,4",54,"12,6","1,25","10,72"
2026-09-29 09:11,"22,4",54,"12,6","1,25","10,72"
2026-09-29 09:12,"22,4",54,"12,6","1,25","10,72"
2026-09-29 09:13,"22,4",54,"12,6","1,25","10,72"
2026-09-29 09:14,"22,3",54,"12,6","1,24","10,69"
2026-09-29 09:15,"22,3",54,"12,5","1,24","10,66"
2026-09-29 09:16,"22,3",54,"12,5","1,24","10,66"
2026-09-29 09:17,"22,3",54,"12,5","1,24","10,66"
2026-09-29 09:18,"22,3",54,"12,5","1,24","10,66"
2026-09-29 09:19,"22,3",54,"12,5","1,24","10,66"
2026-09-29 09:20,"22,3",54,"12,5","1,24","10,66"
2026-09-29 09:21,"22,3",55,"12,8","1,21","10,86"
2026-09-29 09:22,"22,3",55,"12,8","1,21","10,86"
2026-09-29 09:23,"22,3",55,"12,8","1,21","10,86"
2026-09-29 09:24,"22,3",55,"12,8","1,21","10,86"
2026-09-29 09:25,"22,3",55,"12,8","1,21","10,86"
2026-09-29 09:26,"22,3",55,"12,8","1,21","10,86"
2026-09-29 09:27,"22,3",55,"12,8","1,21","10,86"
2026-09-29 09:28,"22,3",55,"12,8","1,21","10,86"
2026-09-29 09:29,"22,3",55,"12,8","1,21","10,86"
2026-09-29 09:30,"22,3",55,"12,8","1,21","10,86"
2026-09-29 09:31,"22,3",55,"12,8","1,21","10,86"
2026-09-29 09:32,"22,3",55,"12,8","1,21","10,86"
2026-09-29 09:33,"22,3",55,"12,8","1,21","10,86"
2026-09-29 09:34,"22,3",55,"12,8","1,21","10,86"
2026-09-29 09:35,"22,3",55,"12,8","1,21","10,86"
2026-09-29 09:36,"22,3",55,"12,8","1,21","10,86"
2026-09-29 09:37,"22,3",55,"12,8","1,21","10,86"
2026-09-29 09:38,"22,3",55,"12,8","1,21","10,86"
2026-09-29 09:39,"22,3",55,"12,8","1,21","10,86"
2026-09-29 09:40,"22,3",55,"12,8","1,21","10,86"
2026-09-29 09:41,"22,3",55,"12,8","1,21","10,86"
2026-09-29 09:42,"22,3",55,"12,8","1,21","10,86"
2026-09-29 09:43,"22,3",55,"12,8","1,21","10,86"
2026-09-29 09:44,"22,3",55,"12,8","1,21","10,83"
2026-09-29 09:45,"22,2",55,"12,7","1,20","10,80"
2026-09-29 09:46,"22,2",55,"12,7","1,20","10,80"
2026-09-29 09:47,"22,2",55,"12,7","1,20","10,80"
2026-09-29 09:48,"22,2",55,"12,7","1,20","10,80"
2026-09-29 09:49,"22,2",55,"12,7","1,20","10,80"
2026-09-29 09:50,"22,2",55,"12,7","1,20","10,80"
2026-09-29 09:51,"22,2",55,"12,7","1,20","10,80"
2026-09-29 09:52,"22,2",55,"12,7","1,20","10,80"
2026-09-29 09:53,"22,2",55,"12,7","1,20","10,80"
2026-09-29 09:54,"22,2",55,"12,7","1,20","10,80"
2026-09-29 09:55,"22,2",55,"12,7","1,20","10,80"
2026-09-29 09:56,"22,2",55,"12,7","1,20","10,80"
2026-09-29 09:57,"22,2",55,"12,7","1,20","10,80"
2026-09-29 09:58,"22,2",55,"12,7","1,20","10,80"
2026-09-29 09:59,"22,2",55,"12,7","1,20","10,80"
2026-09-29 10:00,"22,2",55,"12,7","1,20","10,80"
2026-09-29 10:01,"22,2",55,"12,7","1,20","10,80"
2026-09-29 10:02,"22,2",55,"12,7","1,20","10,77"
2026-09-29 10:03,"22,1",55,"12,6","1,20","10,74"
2026-09-29 10:04,"22,1",55,"12,6","1,20","10,74"
2026-09-29 10:05,"22,1",55,"12,6","1,20","10,74"
2026-09-29 10:06,"22,1",55,"12,6","1,20","10,74"
2026-09-29 10:07,"22,1",55,"12,6","1,20","10,74"
2026-09-29 10:08,"22,1",55,"12,6","1,20","10,74"
2026-09-29 10:09,"22,1",55,"12,6","1,20","10,74"
2026-09-29 10:10,"22,1",55,"12,6","1,20","10,74"
2026-09-29 10:11,"22,1",56,"12,9","1,17","10,93"
2026-09-29 10:12,"22,1",56,"12,9","1,17","10,93"
2026-09-29 10:13,"22,1",56,"12,9","1,17","10,93"
2026-09-29 10:14,"22,1",56,"12,9","1,17","10,93"
2026-09-29 10:15,"22,1",56,"12,9","1,17","10,93"
2026-09-29 10:16,"22,1",56,"12,9","1,17","10,93"
2026-09-29 10:17,"22,1",56,"12,9","1,17","10,93"
2026-09-29 10:18,"22,0",56,"12,9","1,17","10,90"
2026-09-29 10:19,"22,0",56,"12,8","1,16","10,87"
2026-09-29 10:20,"22,0",56,"12,8","1,16","10,87"
2026-09-29 10:21,"22,0",56,"12,8","1,16","10,87"
2026-09-29 10:22,"22,0",56,"12,8","1,16","10,87"
2026-09-29 10:23,"22,0",56,"12,8","1,16","10,87"
2026-09-29 10:24,"22,0",56,"12,8","1,16","10,87"
2026-09-29 10:25,"22,0",56,"12,8","1,16","10,87"
2026-09-29 10:26,"22,0",56,"12,8","1,16","10,87"
2026-09-29 10:27,"22,0",56,"12,8","1,16","10,87"
2026-09-29 10:28,"22,0",56,"12,8","1,16","10,87"
2026-09-29 10:29,"22,0",56,"12,8","1,16","10,87"
2026-09-29 10:30,"22,0",56,"12,8","1,16","10,87"
2026-09-29 10:31,"22,0",56,"12,8","1,16","10,87"
2026-09-29 10:32,"22,0",56,"12,8","1,16","10,87"
2026-09-29 10:33,"22,0",56,"12,8","1,16","10,87"
2026-09-29 10:34,"22,0",56,"12,8","1,16","10,87"
2026-09-29 10:35,"22,0",56,"12,8","1,16","10,87"
2026-09-29 10:36,"22,0",56,"12,8","1,16","10,87"
2026-09-29 10:37,"22,0",56,"12,8","1,16","10,87"
2026-09-29 10:38,"22,0",56,"12,8","1,16","10,87"
2026-09-29 10:39,"22,0",56,"12,8","1,16","10,87"
2026-09-29 10:40,"22,0",56,"12,8","1,16","10,84"
2026-09-29 10:41,"21,9",56,"12,7","1,16","10,81"
2026-09-29 10:42,"21,9",56,"12,7","1,16","10,81"
2026-09-29 10:43,"21,9",56,"12,7","1,16","10,81"
2026-09-29 10:44,"21,9",56,"12,7","1,16","10,81"
2026-09-29 10:45,"21,9",56,"12,7","1,16","10,81"
2026-09-29 10:46,"21,9",56,"12,7","1,16","10,81"
2026-09-29 10:47,"21,9",56,"12,7","1,16","10,81"
2026-09-29 10:48,"21,9",56,"12,7","1,16","10,81"
2026-09-29 10:49,"21,9",56,"12,7","1,16","10,81"
2026-09-29 10:50,"21,9",56,"12,7","1,16","10,81"
2026-09-29 10:51,"21,9",56,"12,7","1,16","10,81"
2026-09-29 10:52,"21,9",56,"12,7","1,16","10,81"
2026-09-29 10:53,"21,9",56,"12,7","1,16","10,81"
2026-09-29 10:54,"21,9",56,"12,7","1,16","10,81"
2026-09-29 10:55,"21,9",56,"12,7","1,16","10,81"
2026-09-29 10:56,"21,9",56,"12,7","1,16","10,81"
2026-09-29 10:57,"21,9",56,"12,7","1,16","10,81"
2026-09-29 10:58,"21,9",56,"12,7","1,16","10,81"
2026-09-29 10:59,"21,9",56,"12,7","1,16","10,81"
2026-09-29 11:00,"21,9",56,"12,7","1,16","10,81"
2026-09-29 11:01,"21,9",56,"12,7","1,16","10,81"
2026-09-29 11:02,"21,9",56,"12,7","1,16","10,81"
2026-09-29 11:03,"21,9",56,"12,7","1,16","10,81"
2026-09-29 11:04,"21,8",56,"12,7","1,15","10,78"
2026-09-29 11:05,"21,8",56,"12,6","1,15","10,74"
2026-09-29 11:06,"21,8",56,"12,6","1,15","10,74"
2026-09-29 11:07,"21,8",56,"12,6","1,15","10,74"
2026-09-29 11:08,"21,8",56,"12,6","1,15","10,74"
2026-09-29 11:09,"21,8",56,"12,6","1,15","10,74"
2026-09-29 11:10,"21,8",56,"12,6","1,15","10,74"
2026-09-29 11:11,"21,8",56,"12,6","1,15","10,74"
2026-09-29 11:12,"21,8",56,"12,6","1,15","10,74"
2026-09-29 11:13,"21,8",56,"12,6","1,15","10,74"
2026-09-29 11:14,"21,8",56,"12,6","1,15","10,74"
2026-09-29 11:15,"21,8",56,"12,6","1,15","10,74"
2026-09-29 11:16,"21,8",56,"12,6","1,15","10,74"
2026-09-29 11:17,"21,8",56,"12,6","1,15","10,74"
2026-09-29 11:18,"21,8",56,"12,6","1,15","10,74"
2026-09-29 11:19,"21,8",56,"12,6","1,15","10,74"
2026-09-29 11:20,"21,8",56,"12,6","1,15","10,74"
2026-09-29 11:21,"21,8",56,"12,6","1,15","10,74"
2026-09-29 11:22,"21,8",56,"12,6","1,15","10,74"
2026-09-29 11:23,"21,8",56,"12,6","1,15","10,74"
2026-09-29 11:24,"21,8",56,"12,6","1,15","10,74"
2026-09-29 11:25,"21,8",56,"12,6","1,15","10,74"
2026-09-29 11:26,"21,8",56,"12,6","1,15","10,74"
2026-09-29 11:27,"21,8",56,"12,6","1,15","10,74"
2026-09-29 11:28,"21,8",56,"12,6","1,15","10,71"
2026-09-29 11:29,"21,7",56,"12,5","1,14","10,68"
2026-09-29 11:30,"21,7",56,"12,5","1,14","10,68"
2026-09-29 11:31,"21,7",56,"12,5","1,14","10,68"
2026-09-29 11:32,"21,7",56,"12,5","1,14","10,68"
2026-09-29 11:33,"21,7",56,"12,5","1,14","10,68"
2026-09-29 11:34,"21,7",56,"12,5","1,14","10,68"
2026-09-29 11:35,"21,7",56,"12,5","1,14","10,68"
2026-09-29 11:36,"21,7",56,"12,5","1,14","10,68"
2026-09-29 11:37,"21,7",56,"12,5","1,14","10,68"
2026-09-29 11:38,"21,7",56,"12,5","1,14","10,68"
2026-09-29 11:39,"21,7",56,"12,5","1,14","10,68"
2026-09-29 11:40,"21,7",56,"12,5","1,14","10,68"
2026-09-29 11:41,"21,7",56,"12,5","1,14","10,68"
2026-09-29 11:42,"21,7",56,"12,5","1,14","10,68"
2026-09-29 11:43,"21,7",56,"12,5","1,14","10,68"
2026-09-29 11:44,"21,7",56,"12,5","1,14","10,68"
2026-09-29 11:45,"21,7",56,"12,5","1,14","10,68"
2026-09-29 11:46,"21,7",56,"12,5","1,14","10,68"
2026-09-29 11:47,"21,7",56,"12,5","1,14","10,68"
2026-09-29 11:48,"21,7",56,"12,5","1,14","10,65"
2026-09-29 11:49,"21,6",56,"12,4","1,14","10,62"
2026-09-29 11:50,"21,6",56,"12,4","1,14","10,62"
2026-09-29 11:51,"21,6",56,"12,4","1,14","10,62"
2026-09-29 11:52,"21,6",56,"12,4","1,14","10,62"
2026-09-29 11:53,"21,6",56,"12,4","1,14","10,62"
2026-09-29 11:54,"21,6",56,"12,4","1,14","10,62"
2026-09-29 11:55,"21,6",56,"12,4","1,14","10,62"
2026-09-29 11:56,"21,6",56,"12,4","1,14","10,62"
2026-09-29 11:57,"21,6",56,"12,4","1,14","10,62"
2026-09-29 11:58,"21,6",56,"12,4","1,14","10,62"
2026-09-29 11:59,"21,6",56,"12,4","1,14","10,62"
2026-09-29 12:00,"21,6",56,"12,4","1,14","10,62"
2026-09-29 12:01,"21,6",56,"12,4","1,14","10,62"
2026-09-29 12:02,"21,6",56,"12,4","1,14","10,62"
2026-09-29 12:03,"21,6",56,"12,4","1,14","10,62"
2026-09-29 12:04,"21,6",56,"12,4","1,14","10,62"
2026-09-29 12:05,"21,6",56,"12,4","1,14","10,62"
2026-09-29 12:06,"21,6",56,"12,4","1,14","10,62"
2026-09-29 12:07,"21,6",56,"12,4","1,14","10,62"
2026-09-29 12:08,"21,6",56,"12,4","1,14","10,62"
2026-09-29 12:09,"21,6",56,"12,4","1,14","10,62"
2026-09-29 12:10,"21,5",56,"12,4","1,13","10,59"
2026-09-29 12:11,"21,5",56,"12,3","1,13","10,56"
2026-09-29 12:12,"21,5",56,"12,3","1,13","10,56"
2026-09-29 12:13,"21,5",56,"12,3","1,13","10,56"
2026-09-29 12:14,"21,5",56,"12,3","1,13","10,56"
2026-09-29 12:15,"21,5",56,"12,3","1,13","10,56"
2026-09-29 12:16,"21,5",56,"12,3","1,13","10,56"
2026-09-29 12:17,"21,5",56,"12,3","1,13","10,56"
2026-09-29 12:18,"21,5",56,"12,3","1,13","10,56"
2026-09-29 12:19,"21,5",56,"12,3","1,13","10,56"
2026-09-29 12:20,"21,5",56,"12,3","1,13","10,56"
2026-09-29 12:21,"21,5",56,"12,3","1,13","10,56"
2026-09-29 12:22,"21,5",56,"12,3","1,13","10,56"
2026-09-29 12:23,"21,5",56,"12,3","1,13","10,56"
2026-09-29 12:24,"21,5",56,"12,3","1,13","10,56"
2026-09-29 12:25,"21,5",56,"12,3","1,13","10,56"
2026-09-29 12:26,"21,5",56,"12,3","1,13","10,56"
2026-09-29 12:27,"21,5",56,"12,3","1,13","10,56"
2026-09-29 12:28,"21,5",56,"12,3","1,13","10,56"
2026-09-29 12:29,"21,5",57,"12,6","1,10","10,75"
2026-09-29 12:30,"21,5",57,"12,6","1,10","10,75"
2026-09-29 12:31,"21,5",57,"12,6","1,10","10,75"
2026-09-29 12:32,"21,5",57,"12,6","1,10","10,75"
2026-09-29 12:33,"21,5",57,"12,6","1,10","10,75"
2026-09-29 12:34,"21,5",57,"12,6","1,10","10,75"
2026-09-29 12:35,"21,5",57,"12,6","1,10","10,75"
2026-09-29 12:36,"21,5",57,"12,6","1,10","10,72"
2026-09-29 12:37,"21,4",57,"12,5","1,10","10,69"
2026-09-29 12:38,"21,4",57,"12,5","1,10","10,69"
2026-09-29 12:39,"21,4",57,"12,5","1,10","10,69"
2026-09-29 12:40,"21,4",57,"12,5","1,10","10,69"
2026-09-29 12:41,"21,4",57,"12,5","1,10","10,69"
2026-09-29 12:42,"21,4",57,"12,5","1,10","10,69"
2026-09-29 12:43,"21,4",57,"12,5","1,10","10,69"
2026-09-29 12:44,"21,4",57,"12,5","1,10","10,69"
2026-09-29 12:45,"21,4",57,"12,5","1,10","10,69"
2026-09-29 12:46,"21,4",57,"12,5","1,10","10,69"
2026-09-29 12:47,"21,4",57,"12,5","1,10","10,69"
2026-09-29 12:48,"21,4",57,"12,5","1,10","10,69"
2026-09-29 12:49,"21,4",57,"12,5","1,10","10,69"
2026-09-29 12:50,"21,4",57,"12,5","1,10","10,69"
2026-09-29 12:51,"21,4",57,"12,5","1,10","10,69"
2026-09-29 12:52,"21,4",57,"12,5","1,10","10,69"
2026-09-29 12:53,"21,4",57,"12,5","1,10","10,69"
2026-09-29 12:54,"21,4",57,"12,5","1,10","10,69"
2026-09-29 12:55,"21,4",57,"12,5","1,10","10,69"
2026-09-29 12:56,"21,4",57,"12,5","1,10","10,69"
2026-09-29 12:57,"21,4",57,"12,5","1,10","10,69"
2026-09-29 12:58,"21,3",57,"12,5","1,09","10,66"
2026-09-29 12:59,"21,3",57,"12,4","1,09","10,62"
2026-09-29 13:00,"21,3",57,"12,4","1,09","10,62"
2026-09-29 13:01,"21,3",57,"12,4","1,09","10,62"
2026-09-29 13:02,"21,3",57,"12,4","1,09","10,62"
2026-09-29 13:03,"21,3",57,"12,4","1,09","10,62"
2026-09-29 13:04,"21,3",56,"12,2","1,11","10,44"
2026-09-29 13:05,"21,3",56,"12,2","1,11","10,44"
2026-09-29 13:06,"21,3",56,"12,2","1,11","10,44"
2026-09-29 13:07,"21,3",56,"12,2","1,11","10,44"
2026-09-29 13:08,"21,3",56,"12,2","1,11","10,44"
2026-09-29 13:09,"21,3",56,"12,2","1,11","10,44"
2026-09-29 13:10,"21,3",56,"12,2","1,11","10,44"
2026-09-29 13:11,"21,3",56,"12,2","1,11","10,44"
2026-09-29 13:12,"21,3",56,"12,2","1,11","10,44"
2026-09-29 13:13,"21,3",56,"12,2","1,11","10,44"
2026-09-29 13:14,"21,3",56,"12,2","1,11","10,44"
2026-09-29 13:15,"21,3",56,"12,2","1,11","10,44"
2026-09-29 13:16,"21,3",56,"12,2","1,11","10,44"
2026-09-29 13:17,"21,3",56,"12,2","1,11","10,44"
2026-09-29 13:18,"21,3",56,"12,2","1,11","10,44"
2026-09-29 13:19,"21,3",56,"12,2","1,11","10,44"
2026-09-29 13:20,"21,3",56,"12,2","1,11","10,44"
2026-09-29 13:21,"21,3",56,"12,2","1,11","10,44"
2026-09-29 13:22,"21,3",56,"12,2","1,11","10,44"
2026-09-29 13:23,"21,3",56,"12,2","1,11","10,44"
2026-09-29 13:24,"21,3",56,"12,1","1,11","10,41"
2026-09-29 13:25,"21,2",56,"12,1","1,11","10,38"
2026-09-29 13:26,"21,2",56,"12,1","1,11","10,38"
2026-09-29 13:27,"21,2",56,"12,1","1,11","10,38"
2026-09-29 13:28,"21,2",56,"12,1","1,11","10,38"
2026-09-29 13:29,"21,2",56,"12,1","1,11","10,38"
2026-09-29 13:30,"21,2",56,"12,1","1,11","10,38"
2026-09-29 13:31,"21,2",56,"12,1","1,11","10,38"
2026-09-29 13:32,"21,2",56,"12,1","1,11","10,38"
2026-09-29 13:33,"21,2",56,"12,1","1,11","10,38"
2026-09-29 13:34,"21,2",56,"12,1","1,11","10,38"
2026-09-29 13:35,"21,2",56,"12,1","1,11","10,38"
2026-09-29 13:36,"21,2",56,"12,1","1,11","10,38"
2026-09-29 13:37,"21,2",56,"12,1","1,11","10,38"
2026-09-29 13:38,"21,2",56,"12,1","1,11","10,38"
2026-09-29 13:39,"21,2",56,"12,1","1,11","10,38"
2026-09-29 13:40,"21,2",56,"12,1","1,11","10,38"
2026-09-29 13:41,"21,2",57,"12,3","1,08","10,56"
2026-09-29 13:42,"21,2",57,"12,3","1,08","10,56"
2026-09-29 13:43,"21,2",57,"12,3","1,08","10,56"
2026-09-29 13:44,"21,2",57,"12,3","1,08","10,56"
2026-09-29 13:45,"21,2",57,"12,3","1,08","10,56"
2026-09-29 13:46,"21,2",57,"12,3","1,08","10,56"
2026-09-29 13:47,"21,2",57,"12,3","1,08","10,56"
2026-09-29 13:48,"21,2",57,"12,3","1,08","10,56"
2026-09-29 13:49,"21,2",57,"12,3","1,08","10,56"
2026-09-29 13:50,"21,2",57,"12,3","1,08","10,56"
2026-09-29 13:51,"21,2",57,"12,3","1,08","10,56"
2026-09-29 13:52,"21,2",57,"12,3","1,08","10,56"
2026-09-29 13:53,"21,2",57,"12,3","1,08","10,56"
2026-09-29 13:54,"21,2",57,"12,3","1,08","10,56"
2026-09-29 13:55,"21,2",57,"12,3","1,08","10,56"
2026-09-29 13:56,"21,2",57,"12,3","1,08","10,56"
2026-09-29 13:57,"21,2",57,"12,3","1,08","10,56"
2026-09-29 13:58,"21,2",57,"12,3","1,08","10,56"
2026-09-29 13:59,"21,2",57,"12,3","1,08","10,56"
2026-09-29 14:00,"21,2",57,"12,3","1,08","10,56"
2026-09-29 14:01,"21,2",57,"12,3","1,08","10,56"
2026-09-29 14:02,"21,2",57,"12,3","1,08","10,56"
2026-09-29 14:03,"21,2",57,"12,3","1,08","10,56"
2026-09-29 14:04,"21,2",57,"12,3","1,08","10,53"
2026-09-29 14:05,"21,1",57,"12,2","1,08","10,50"
2026-09-29 14:06,"21,1",57,"12,2","1,08","10,50"
2026-09-29 14:07,"21,1",57,"12,2","1,08","10,50"
2026-09-29 14:08,"21,1",57,"12,2","1,08","10,50"
2026-09-29 14:09,"21,1",57,"12,2","1,08","10,50"
2026-09-29 14:10,"21,1",57,"12,2","1,08","10,50"
2026-09-29 14:11,"21,1",57,"12,2","1,08","10,50"
2026-09-29 14:12,"21,1",56,"12,0","1,10","10,32"
2026-09-29 14:13,"21,1",56,"12,0","1,10","10,32"
2026-09-29 14:14,"21,1",56,"12,0","1,10","10,32"
2026-09-29 14:15,"21,1",56,"12,0","1,10","10,32"
2026-09-29 14:16,"21,1",56,"12,0","1,10","10,32"
2026-09-29 14:17,"21,1",56,"12,0","1,10","10,32"
2026-09-29 14:18,"21,1",56,"12,0","1,10","10,32"
2026-09-29 14:19,"21,1",56,"12,0","1,10","10,32"
2026-09-29 14:20,"21,1",56,"12,0","1,10","10,32"
2026-09-29 14:21,"21,1",56,"12,0","1,10","10,32"
2026-09-29 14:22,"21,1",56,"12,0","1,10","10,32"
2026-09-29 14:23,"21,1",56,"12,0","1,10","10,32"
2026-09-29 14:24,"21,1",56,"12,0","1,10","10,32"
2026-09-29 14:25,"21,1",56,"12,0","1,10","10,32"
2026-09-29 14:26,"21,1",56,"12,0","1,10","10,32"
2026-09-29 14:27,"21,1",57,"12,2","1,08","10,50"
2026-09-29 14:28,"21,1",57,"12,2","1,08","10,50"
2026-09-29 14:29,"21,1",57,"12,2","1,08","10,50"
2026-09-29 14:30,"21,1",57,"12,2","1,08","10,50"
2026-09-29 14:31,"21,1",57,"12,2","1,08","10,50"
2026-09-29 14:32,"21,1",57,"12,2","1,08","10,50"
2026-09-29 14:33,"21,1",57,"12,2","1,08","10,50"
2026-09-29 14:34,"21,1",57,"12,2","1,08","10,50"
2026-09-29 14:35,"21,1",57,"12,2","1,08","10,50"
2026-09-29 14:36,"21,1",57,"12,2","1,08","10,50"
2026-09-29 14:37,"21,1",57,"12,2","1,08","10,50"
2026-09-29 14:38,"21,1",57,"12,2","1,08","10,50"
2026-09-29 14:39,"21,1",57,"12,2","1,08","10,50"
2026-09-29 14:40,"21,1",57,"12,2","1,08","10,50"
2026-09-29 14:41,"21,1",57,"12,2","1,08","10,50"
2026-09-29 14:42,"21,1",57,"12,2","1,08","10,50"
2026-09-29 14:43,"21,1",57,"12,2","1,08","10,50"
2026-09-29 14:44,"21,1",57,"12,2","1,08","10,50"
2026-09-29 14:45,"21,1",57,"12,2","1,08","10,50"
2026-09-29 14:46,"21,1",57,"12,2","1,08","10,50"
2026-09-29 14:47,"21,1",57,"12,2","1,08","10,50"
2026-09-29 14:48,"21,1",57,"12,2","1,08","10,50"
2026-09-29 14:49,"21,1",57,"12,2","1,08","10,50"
2026-09-29 14:50,"21,1",57,"12,2","1,08","10,50"
2026-09-29 14:51,"21,1",57,"12,2","1,08","10,50"
2026-09-29 14:52,"21,1",57,"12,2","1,08","10,50"
2026-09-29 14:53,"21,1",57,"12,2","1,08","10,50"
2026-09-29 14:54,"21,1",57,"12,2","1,08","10,50"
2026-09-29 14:55,"21,1",57,"12,2","1,08","10,50"
2026-09-29 14:56,"21,1",57,"12,2","1,08","10,50"
2026-09-29 14:57,"21,1",57,"12,2","1,08","10,50"
2026-09-29 14:58,"21,1",57,"12,2","1,08","10,50"
2026-09-29 14:59,"21,1",57,"12,2","1,08","10,50"
2026-09-29 15:00,"21,1",57,"12,2","1,08","10,50"
2026-09-29 15:01,"21,1",57,"12,2","1,08","10,50"
2026-09-29 15:02,"21,1",57,"12,2","1,08","10,50"
2026-09-29 15:03,"21,1",57,"12,2","1,08","10,50"
2026-09-29 15:04,"21,1",57,"12,2","1,08","10,50"
2026-09-29 15:05,"21,1",57,"12,2","1,08","10,50"
2026-09-29 15:06,"21,1",57,"12,2","1,08","10,50"
2026-09-29 15:07,"21,1",57,"12,2","1,08","10,50"
2026-09-29 15:08,"21,1",57,"12,2","1,08","10,50"
2026-09-29 15:09,"21,1",57,"12,2","1,08","10,50"
2026-09-29 15:10,"21,1",57,"12,2","1,08","10,50"
2026-09-29 15:11,"21,1",57,"12,2","1,08","10,50"
2026-09-29 15:12,"21,1",57,"12,2","1,08","10,50"
2026-09-29 15:13,"21,1",57,"12,2","1,08","10,50"
2026-09-29 15:14,"21,1",57,"12,2","1,08","10,50"
2026-09-29 15:15,"21,1",57,"12,2","1,08","10,50"
2026-09-29 15:16,"21,1",57,"12,2","1,08","10,50"
2026-09-29 15:17,"21,1",57,"12,2","1,08","10,50"
2026-09-29 15:18,"21,1",57,"12,2","1,08","10,50"
2026-09-29 15:19,"21,1",57,"12,2","1,08","10,50"
2026-09-29 15:20,"21,1",57,"12,2","1,08","10,50"
2026-09-29 15:21,"21,1",57,"12,2","1,08","10,50"
2026-09-29 15:22,"21,1",57,"12,2","1,08","10,50"
2026-09-29 15:23,"21,1",57,"12,2","1,08","10,50"
2026-09-29 15:24,"21,1",57,"12,2","1,08","10,50"
2026-09-29 15:25,"21,1",57,"12,2","1,08","10,50"
2026-09-29 15:26,"21,1",57,"12,2","1,08","10,50"
2026-09-29 15:27,"21,1",57,"12,2","1,08","10,50"
2026-09-29 15:28,"21,1",57,"12,2","1,08","10,50"
2026-09-29 15:29,"21,1",57,"12,2","1,08","10,50"
2026-09-29 15:30,"21,1",57,"12,2","1,08","10,50"
2026-09-29 15:31,"21,1",57,"12,2","1,08","10,50"
2026-09-29 15:32,"21,1",57,"12,2","1,08","10,50"
2026-09-29 15:33,"21,1",57,"12,2","1,08","10,50"
2026-09-29 15:34,"21,1",57,"12,2","1,08","10,50"
2026-09-29 15:35,"21,1",57,"12,2","1,08","10,50"
2026-09-29 15:36,"21,1",57,"12,2","1,08","10,50"
2026-09-29 15:37,"21,1",57,"12,2","1,08","10,50"
2026-09-29 15:38,"21,1",57,"12,2","1,08","10,50"
2026-09-29 15:39,"21,1",57,"12,2","1,08","10,50"
2026-09-29 15:40,"21,1",57,"12,2","1,08","10,50"
2026-09-29 15:41,"21,1",57,"12,2","1,08","10,50"
2026-09-29 15:42,"21,1",57,"12,2","1,08","10,50"
2026-09-29 15:43,"21,1",57,"12,2","1,08","10,50"
2026-09-29 15:44,"21,1",57,"12,2","1,08","10,50"
2026-09-29 15:45,"21,1",57,"12,2","1,08","10,50"
2026-09-29 15:46,"21,1",57,"12,2","1,08","10,50"
2026-09-29 15:47,"21,1",57,"12,2","1,08","10,50"
2026-09-29 15:48,"21,1",57,"12,2","1,08","10,50"
2026-09-29 15:49,"21,1",57,"12,2","1,08","10,50"
2026-09-29 15:50,"21,1",57,"12,2","1,08","10,50"
2026-09-29 15:51,"21,1",57,"12,2","1,08","10,50"
2026-09-29 15:52,"21,1",57,"12,2","1,08","10,50"
2026-09-29 15:53,"21,1",57,"12,2","1,08","10,50"
2026-09-29 15:54,"21,1",57,"12,2","1,08","10,50"
2026-09-29 15:55,"21,1",57,"12,2","1,08","10,50"
2026-09-29 15:56,"21,1",57,"12,2","1,08","10,50"
2026-09-29 15:57,"21,1",57,"12,2","1,08","10,50"
2026-09-29 15:58,"21,1",57,"12,2","1,08","10,50"
2026-09-29 15:59,"21,1",57,"12,2","1,08","10,50"
2026-09-29 16:00,"21,1",57,"12,2","1,08","10,50"
2026-09-29 16:01,"21,1",57,"12,2","1,08","10,50"
2026-09-29 16:02,"21,1",57,"12,2","1,08","10,50"
2026-09-29 16:03,"21,1",57,"12,2","1,08","10,50"
2026-09-29 16:04,"21,1",57,"12,2","1,08","10,50"
2026-09-29 16:05,"21,1",57,"12,2","1,08","10,50"
2026-09-29 16:06,"21,1",57,"12,2","1,08","10,50"
2026-09-29 16:07,"21,1",57,"12,2","1,08","10,50"
2026-09-29 16:08,"21,1",57,"12,2","1,08","10,50"
2026-09-29 16:09,"21,1",58,"12,5","1,05","10,69"
2026-09-29 16:10,"21,1",58,"12,5","1,05","10,69"
2026-09-29 16:11,"21,1",58,"12,5","1,05","10,69"
2026-09-29 16:12,"21,1",58,"12,5","1,05","10,69"
2026-09-29 16:13,"21,1",58,"12,5","1,05","10,69"
2026-09-29 16:14,"21,1",58,"12,5","1,05","10,69"
2026-09-29 16:15,"21,1",58,"12,5","1,05","10,69"
2026-09-29 16:16,"21,1",58,"12,5","1,05","10,69"
2026-09-29 16:17,"21,1",58,"12,5","1,05","10,69"
2026-09-29 16:18,"21,1",58,"12,5","1,05","10,69"
2026-09-29 16:19,"21,1",58,"12,5","1,05","10,69"
2026-09-29 16:20,"21,1",58,"12,5","1,05","10,69"
2026-09-29 16:21,"21,1",58,"12,5","1,05","10,69"
2026-09-29 16:22,"21,1",57,"12,2","1,08","10,50"
2026-09-29 16:23,"21,1",57,"12,2","1,08","10,50"
2026-09-29 16:24,"21,1",57,"12,2","1,08","10,50"
2026-09-29 16:25,"21,1",57,"12,2","1,08","10,50"
2026-09-29 16:26,"21,0",57,"12,2","1,07","10,47"
2026-09-29 16:27,"21,0",57,"12,2","1,07","10,44"
2026-09-29 16:28,"21,0",57,"12,2","1,07","10,44"
2026-09-29 16:29,"21,0",57,"12,2","1,07","10,44"
2026-09-29 16:30,"21,0",57,"12,2","1,07","10,44"
2026-09-29 16:31,"21,0",57,"12,2","1,07","10,44"
2026-09-29 16:32,"21,0",57,"12,2","1,07","10,44"
2026-09-29 16:33,"21,0",57,"12,2","1,07","10,44"
2026-09-29 16:34,"21,0",57,"12,2","1,07","10,44"
2026-09-29 16:35,"21,0",57,"12,2","1,07","10,44"
2026-09-29 16:36,"21,0",57,"12,2","1,07","10,44"
2026-09-29 16:37,"21,0",57,"12,2","1,07","10,44"
2026-09-29 16:38,"21,0",57,"12,2","1,07","10,44"
2026-09-29 16:39,"21,0",57,"12,2","1,07","10,44"
2026-09-29 16:40,"21,0",57,"12,2","1,07","10,44"
2026-09-29 16:41,"21,0",57,"12,2","1,07","10,44"
2026-09-29 16:42,"21,0",57,"12,2","1,07","10,44"
2026-09-29 16:43,"21,0",57,"12,2","1,07","10,44"
2026-09-29 16:44,"21,0",57,"12,2","1,07","10,44"
2026-09-29 16:45,"21,0",57,"12,2","1,07","10,44"
2026-09-29 16:46,"21,0",57,"12,2","1,07","10,44"
2026-09-29 16:47,"21,0",57,"12,2","1,07","10,44"
2026-09-29 16:48,"21,0",57,"12,2","1,07","10,44"
2026-09-29 16:49,"21,0",57,"12,2","1,07","10,44"
2026-09-29 16:50,"21,0",57,"12,2","1,07","10,44"
2026-09-29 16:51,"21,0",57,"12,2","1,07","10,44"
2026-09-29 16:52,"21,0",57,"12,2","1,07","10,44"
2026-09-29 16:53,"21,0",57,"12,2","1,07","10,44"
2026-09-29 16:54,"21,0",57,"12,2","1,07","10,44"
2026-09-29 16:55,"21,0",57,"12,2","1,07","10,44"
2026-09-29 16:56,"21,0",57,"12,2","1,07","10,44"
2026-09-29 16:57,"21,0",57,"12,2","1,07","10,44"
2026-09-29 16:58,"21,0",57,"12,2","1,07","10,44"
2026-09-29 16:59,"21,0",57,"12,2","1,07","10,44"
2026-09-29 17:00,"21,0",57,"12,2","1,07","10,44"
2026-09-29 17:01,"21,0",57,"12,2","1,07","10,44"
2026-09-29 17:02,"21,0",57,"12,2","1,07","10,44"
2026-09-29 17:03,"21,0",57,"12,2","1,07","10,44"
2026-09-29 17:04,"21,0",57,"12,2","1,07","10,44"
2026-09-29 17:05,"21,0",57,"12,2","1,07","10,44"
2026-09-29 17:06,"21,0",57,"12,2","1,07","10,44"
2026-09-29 17:07,"21,0",57,"12,2","1,07","10,44"
2026-09-29 17:08,"21,0",57,"12,2","1,07","10,44"
2026-09-29 17:09,"21,0",57,"12,2","1,07","10,44"
2026-09-29 17:10,"21,0",57,"12,1","1,07","10,41"
2026-09-29 17:11,"20,9",57,"12,1","1,06","10,38"
2026-09-29 17:12,"20,9",57,"12,1","1,06","10,38"
2026-09-29 17:13,"20,9",57,"12,1","1,06","10,38"
2026-09-29 17:14,"20,9",57,"12,1","1,06","10,38"
2026-09-29 17:15,"20,9",57,"12,1","1,06","10,38"
2026-09-29 17:16,"20,9",57,"12,1","1,06","10,38"
2026-09-29 17:17,"20,9",57,"12,1","1,06","10,38"
2026-09-29 17:18,"20,9",57,"12,1","1,06","10,38"
2026-09-29 17:19,"20,9",57,"12,1","1,06","10,38"
2026-09-29 17:20,"20,9",57,"12,1","1,06","10,38"
2026-09-29 17:21,"20,9",57,"12,1","1,06","10,38"
2026-09-29 17:22,"20,9",57,"12,1","1,06","10,38"
2026-09-29 17:23,"20,9",57,"12,1","1,06","10,38"
2026-09-29 17:24,"20,9",57,"12,1","1,06","10,38"
2026-09-29 17:25,"20,9",57,"12,1","1,06","10,38"
2026-09-29 17:26,"20,9",57,"12,1","1,06","10,38"
2026-09-29 17:27,"20,9",57,"12,1","1,06","10,38"
2026-09-29 17:28,"20,9",57,"12,1","1,06","10,38"
2026-09-29 17:29,"20,9",57,"12,1","1,06","10,38"
2026-09-29 17:30,"20,9",57,"12,1","1,06","10,38"
2026-09-29 17:31,"20,9",57,"12,1","1,06","10,38"
2026-09-29 17:32,"20,9",57,"12,1","1,06","10,38"
2026-09-29 17:33,"20,9",57,"12,1","1,06","10,38"
2026-09-29 17:34,"20,9",57,"12,1","1,06","10,38"
2026-09-29 17:35,"20,9",57,"12,1","1,06","10,38"
2026-09-29 17:36,"20,9",57,"12,1","1,06","10,38"
2026-09-29 17:37,"20,9",57,"12,1","1,06","10,38"
2026-09-29 17:38,"20,9",57,"12,1","1,06","10,38"
2026-09-29 17:39,"20,9",57,"12,1","1,06","10,38"
2026-09-29 17:40,"20,9",57,"12,1","1,06","10,38"
2026-09-29 17:41,"20,9",57,"12,1","1,06","10,38"
2026-09-29 17:42,"20,9",57,"12,1","1,06","10,38"
2026-09-29 17:43,"20,9",57,"12,1","1,06","10,38"
2026-09-29 17:44,"20,9",57,"12,1","1,06","10,38"
2026-09-29 17:45,"20,9",57,"12,1","1,06","10,38"
2026-09-29 17:46,"20,9",57,"12,1","1,06","10,38"
2026-09-29 17:47,"20,9",57,"12,1","1,06","10,38"
2026-09-29 17:48,"20,9",57,"12,1","1,06","10,38"
2026-09-29 17:49,"20,9",57,"12,1","1,06","10,38"
2026-09-29 17:50,"20,9",57,"12,1","1,06","10,38"
2026-09-29 17:51,"20,9",57,"12,1","1,06","10,38"
2026-09-29 17:52,"20,9",57,"12,1","1,06","10,38"
2026-09-29 17:53,"20,9",57,"12,1","1,06","10,38"
2026-09-29 17:54,"20,9",57,"12,1","1,06","10,38"
2026-09-29 17:55,"20,9",57,"12,1","1,06","10,38"
2026-09-29 17:56,"20,9",57,"12,1","1,06","10,38"
2026-09-29 17:57,"20,9",57,"12,1","1,06","10,38"
2026-09-29 17:58,"20,9",57,"12,1","1,06","10,38"
2026-09-29 17:59,"20,9",57,"12,1","1,06","10,38"
2026-09-29 18:00,"20,9",57,"12,1","1,06","10,38"
2026-09-29 18:01,"20,9",57,"12,1","1,06","10,38"
2026-09-29 18:02,"20,9",57,"12,1","1,06","10,38"
2026-09-29 18:03,"20,9",57,"12,1","1,06","10,38"
2026-09-29 18:04,"20,9",57,"12,1","1,06","10,38"
2026-09-29 18:05,"20,9",57,"12,1","1,06","10,38"
2026-09-29 18:06,"20,9",57,"12,1","1,06","10,38"
2026-09-29 18:07,"20,9",57,"12,1","1,06","10,38"
2026-09-29 18:08,"20,8",57,"12,0","1,06","10,35"
2026-09-29 18:09,"20,8",57,"12,0","1,06","10,32"
2026-09-29 18:10,"20,8",57,"12,0","1,06","10,32"
2026-09-29 18:11,"20,8",57,"12,0","1,06","10,32"
2026-09-29 18:12,"20,8",57,"12,0","1,06","10,32"
2026-09-29 18:13,"20,8",57,"12,0","1,06","10,32"
2026-09-29 18:14,"20,8",57,"12,0","1,06","10,32"
2026-09-29 18:15,"20,8",57,"12,0","1,06","10,32"
2026-09-29 18:16,"20,8",57,"12,0","1,06","10,32"
2026-09-29 18:17,"20,8",57,"12,0","1,06","10,32"
2026-09-29 18:18,"20,8",57,"12,0","1,06","10,32"
2026-09-29 18:19,"20,8",57,"12,0","1,06","10,32"
2026-09-29 18:20,"20,8",57,"12,0","1,06","10,32"
2026-09-29 18:21,"20,8",57,"12,0","1,06","10,32"
2026-09-29 18:22,"20,8",57,"12,0","1,06","10,32"
2026-09-29 18:23,"20,8",57,"12,0","1,06","10,32"
2026-09-29 18:24,"20,8",57,"12,0","1,06","10,32"
2026-09-29 18:25,"20,8",57,"12,0","1,06","10,32"
2026-09-29 18:26,"20,8",57,"12,0","1,06","10,32"
2026-09-29 18:27,"20,8",57,"12,0","1,06","10,32"
2026-09-29 18:28,"20,8",57,"12,0","1,06","10,32"
2026-09-29 18:29,"20,8",57,"12,0","1,06","10,32"
2026-09-29 18:30,"20,8",57,"12,0","1,06","10,32"
2026-09-29 18:31,"20,8",57,"12,0","1,06","10,32"
2026-09-29 18:32,"20,8",57,"12,0","1,06","10,32"
2026-09-29 18:33,"20,8",57,"12,0","1,06","10,32"
2026-09-29 18:34,"20,8",57,"12,0","1,06","10,32"
2026-09-29 18:35,"20,8",57,"12,0","1,06","10,32"
2026-09-29 18:36,"20,8",57,"12,0","1,06","10,32"
2026-09-29 18:37,"20,8",57,"12,0","1,06","10,32"
2026-09-29 18:38,"20,8",57,"12,0","1,06","10,32"
2026-09-29 18:39,"20,8",57,"12,0","1,06","10,32"
2026-09-29 18:40,"20,8",57,"12,0","1,06","10,32"
2026-09-29 18:41,"20,8",57,"12,0","1,06","10,32"
2026-09-29 18:42,"20,8",57,"12,0","1,06","10,32"
2026-09-29 18:43,"20,8",57,"12,0","1,06","10,32"
2026-09-29 18:44,"20,8",57,"12,0","1,06","10,32"
2026-09-29 18:45,"20,8",57,"12,0","1,06","10,32"
2026-09-29 18:46,"20,8",57,"12,0","1,06","10,32"
2026-09-29 18:47,"20,8",57,"12,0","1,06","10,32"
2026-09-29 18:48,"20,8",56,"11,7","1,08","10,14"
2026-09-29 18:49,"20,8",56,"11,7","1,08","10,14"
2026-09-29 18:50,"20,8",56,"11,7","1,08","10,14"
2026-09-29 18:51,"20,8",56,"11,7","1,08","10,14"
2026-09-29 18:52,"20,8",56,"11,7","1,08","10,14"
2026-09-29 18:53,"20,8",56,"11,7","1,08","10,14"
2026-09-29 18:54,"20,8",56,"11,7","1,08","10,14"
2026-09-29 18:55,"20,8",56,"11,7","1,08","10,14"
2026-09-29 18:56,"20,8",56,"11,7","1,08","10,14"
2026-09-29 18:57,"20,8",56,"11,7","1,08","10,14"
2026-09-29 18:58,"20,8",56,"11,7","1,08","10,14"
2026-09-29 18:59,"20,8",56,"11,7","1,08","10,14"
2026-09-29 19:00,"20,8",56,"11,7","1,08","10,17"
2026-09-29 19:01,"20,9",56,"11,8","1,09","10,20"
2026-09-29 19:02,"20,9",56,"11,8","1,09","10,20"
2026-09-29 19:03,"20,9",56,"11,8","1,09","10,20"
2026-09-29 19:04,"20,9",56,"11,8","1,09","10,20"
2026-09-29 19:05,"20,9",56,"11,8","1,09","10,20"
2026-09-29 19:06,"20,9",56,"11,8","1,09","10,20"
2026-09-29 19:07,"20,9",56,"11,8","1,09","10,20"
2026-09-29 19:08,"20,9",56,"11,8","1,09","10,20"
2026-09-29 19:09,"20,9",56,"11,8","1,09","10,20"
2026-09-29 19:10,"20,9",56,"11,8","1,09","10,20"
2026-09-29 19:11,"20,9",56,"11,8","1,09","10,20"
2026-09-29 19:12,"20,9",56,"11,8","1,09","10,20"
2026-09-29 19:13,"20,9",56,"11,8","1,09","10,20"
2026-09-29 19:14,"20,9",56,"11,8","1,09","10,20"
2026-09-29 19:15,"20,9",56,"11,8","1,09","10,20"
2026-09-29 19:16,"20,9",56,"11,8","1,09","10,20"
2026-09-29 19:17,"20,9",56,"11,8","1,09","10,20"
2026-09-29 19:18,"20,9",56,"11,8","1,09","10,20"
2026-09-29 19:19,"20,9",56,"11,8","1,09","10,20"
2026-09-29 19:20,"20,9",56,"11,8","1,09","10,20"
2026-09-29 19:21,"20,9",56,"11,8","1,09","10,20"
2026-09-29 19:22,"20,9",56,"11,8","1,09","10,20"
2026-09-29 19:23,"20,9",56,"11,8","1,09","10,20"
2026-09-29 19:24,"20,9",56,"11,8","1,09","10,20"
2026-09-29 19:25,"20,9",56,"11,8","1,09","10,20"
2026-09-29 19:26,"20,9",56,"11,8","1,09","10,20"
2026-09-29 19:27,"20,9",56,"11,8","1,09","10,20"
2026-09-29 19:28,"21,0",56,"11,8","1,09","10,23"
2026-09-29 19:29,"21,0",56,"11,9","1,09","10,26"
2026-09-29 19:30,"21,0",56,"11,9","1,09","10,26"
2026-09-29 19:31,"21,0",56,"11,9","1,09","10,26"
2026-09-29 19:32,"21,0",56,"11,9","1,09","10,26"
2026-09-29 19:33,"21,0",56,"11,9","1,09","10,26"
2026-09-29 19:34,"21,0",56,"11,9","1,09","10,26"
2026-09-29 19:35,"21,0",56,"11,9","1,09","10,26"
2026-09-29 19:36,"21,0",56,"11,9","1,09","10,26"
2026-09-29 19:37,"21,0",56,"11,9","1,09","10,26"
2026-09-29 19:38,"21,0",56,"11,9","1,09","10,26"
2026-09-29 19:39,"21,0",56,"11,9","1,09","10,26"
2026-09-29 19:40,"21,0",56,"11,9","1,09","10,26"
2026-09-29 19:41,"21,0",56,"11,9","1,09","10,26"
2026-09-29 19:42,"21,0",56,"11,9","1,09","10,26"
2026-09-29 19:43,"21,0",56,"11,9","1,09","10,26"
2026-09-29 19:44,"21,0",56,"11,9","1,09","10,26"
2026-09-29 19:45,"21,0",56,"11,9","1,09","10,26"
2026-09-29 19:46,"21,0",56,"11,9","1,09","10,26"
2026-09-29 19:47,"21,0",56,"11,9","1,09","10,26"
2026-09-29 19:48,"21,0",56,"11,9","1,09","10,26"
2026-09-29 19:49,"21,0",56,"11,9","1,09","10,26"
2026-09-29 19:50,"21,0",56,"11,9","1,09","10,26"
2026-09-29 19:51,"21,0",56,"11,9","1,09","10,26"
2026-09-29 19:52,"21,0",56,"11,9","1,09","10,26"
2026-09-29 19:53,"21,0",56,"11,9","1,09","10,26"
2026-09-29 19:54,"21,0",56,"11,9","1,09","10,26"
2026-09-29 19:55,"21,0",56,"11,9","1,09","10,26"
2026-09-29 19:56,"21,0",56,"11,9","1,09","10,26"
2026-09-29 19:57,"21,0",56,"11,9","1,09","10,26"
2026-09-29 19:58,"21,0",56,"11,9","1,09","10,26"
2026-09-29 19:59,"21,0",56,"11,9","1,09","10,26"
2026-09-29 20:00,"21,0",56,"11,9","1,09","10,26"
2026-09-29 20:01,"21,0",56,"11,9","1,09","10,26"
2026-09-29 20:02,"21,0",56,"11,9","1,09","10,26"
2026-09-29 20:03,"21,0",56,"11,9","1,09","10,26"
2026-09-29 20:04,"21,0",56,"11,9","1,09","10,26"
2026-09-29 20:05,"21,0",56,"11,9","1,09","10,26"
2026-09-29 20:06,"21,0",56,"11,9","1,09","10,26"
2026-09-29 20:07,"21,0",56,"11,9","1,09","10,26"
2026-09-29 20:08,"21,0",56,"11,9","1,09","10,26"
2026-09-29 20:09,"21,0",56,"11,9","1,09","10,26"
2026-09-29 20:10,"21,0",56,"11,9","1,09","10,26"
2026-09-29 20:11,"21,0",56,"11,9","1,09","10,26"
2026-09-29 20:12,"21,0",56,"11,9","1,09","10,26"
2026-09-29 20:13,"21,0",56,"11,9","1,09","10,26"
2026-09-29 20:14,"21,0",56,"11,9","1,10","10,29"
2026-09-29 20:15,"21,1",56,"12,0","1,10","10,32"
2026-09-29 20:16,"21,1",56,"12,0","1,10","10,32"
2026-09-29 20:17,"21,1",56,"12,0","1,10","10,32"
2026-09-29 20:18,"21,1",56,"12,0","1,10","10,32"
2026-09-29 20:19,"21,1",56,"12,0","1,10","10,32"
2026-09-29 20:20,"21,1",56,"12,0","1,10","10,32"
2026-09-29 20:21,"21,1",56,"12,0","1,10","10,32"
2026-09-29 20:22,"21,1",56,"12,0","1,10","10,32"
2026-09-29 20:23,"21,1",56,"12,0","1,10","10,32"
2026-09-29 20:24,"21,1",55,"11,7","1,13","10,13"
2026-09-29 20:25,"21,1",55,"11,7","1,13","10,13"
2026-09-29 20:26,"21,1",55,"11,7","1,13","10,13"
2026-09-29 20:27,"21,1",55,"11,7","1,13","10,13"
2026-09-29 20:28,"21,1",55,"11,7","1,13","10,13"
2026-09-29 20:29,"21,1",55,"11,7","1,13","10,13"
2026-09-29 20:30,"21,1",55,"11,7","1,13","10,13"
2026-09-29 20:31,"21,1",55,"11,7","1,13","10,13"
2026-09-29 20:32,"21,1",54,"11,4","1,15","9,95"
2026-09-29 20:33,"21,1",54,"11,4","1,15","9,95"
2026-09-29 20:34,"21,1",54,"11,4","1,15","9,95"
2026-09-29 20:35,"21,1",54,"11,4","1,15","9,95"
2026-09-29 20:36,"21,1",54,"11,4","1,15","9,95"
2026-09-29 20:37,"21,1",54,"11,4","1,15","9,95"
2026-09-29 20:38,"21,1",54,"11,4","1,15","9,95"
2026-09-29 20:39,"21,1",54,"11,4","1,15","9,95"
2026-09-29 20:40,"21,1",54,"11,4","1,15","9,95"
2026-09-29 20:41,"21,1",54,"11,4","1,15","9,95"
2026-09-29 20:42,"21,1",53,"11,1","1,18","9,77"
2026-09-29 20:43,"21,1",53,"11,1","1,18","9,77"
2026-09-29 20:44,"21,1",53,"11,1","1,18","9,77"
2026-09-29 20:45,"21,1",53,"11,1","1,18","9,77"
2026-09-29 20:46,"21,1",53,"11,1","1,18","9,77"
2026-09-29 20:47,"21,1",53,"11,1","1,18","9,77"
2026-09-29 20:48,"21,1",53,"11,1","1,18","9,77"
2026-09-29 20:49,"21,1",53,"11,1","1,18","9,77"
2026-09-29 20:50,"21,1",53,"11,1","1,18","9,77"
2026-09-29 20:51,"21,1",54,"11,4","1,15","9,95"
2026-09-29 20:52,"21,1",54,"11,4","1,15","9,95"
2026-09-29 20:53,"21,1",54,"11,4","1,15","9,95"
2026-09-29 20:54,"21,1",54,"11,4","1,15","9,95"
2026-09-29 20:55,"21,1",55,"11,7","1,13","10,13"
2026-09-29 20:56,"21,1",55,"11,7","1,13","10,13"
2026-09-29 20:57,"21,1",55,"11,7","1,13","10,13"
2026-09-29 20:58,"21,1",55,"11,7","1,13","10,13"
2026-09-29 20:59,"21,1",56,"12,0","1,10","10,32"
2026-09-29 21:00,"21,1",56,"12,0","1,10","10,32"
2026-09-29 21:01,"21,1",56,"12,0","1,10","10,32"
2026-09-29 21:02,"21,1",56,"12,0","1,10","10,32"
2026-09-29 21:03,"21,1",56,"12,0","1,10","10,32"
2026-09-29 21:04,"21,1",56,"12,0","1,10","10,32"
2026-09-29 21:05,"21,1",56,"12,0","1,10","10,32"
2026-09-29 21:06,"21,1",56,"12,0","1,10","10,32"
2026-09-29 21:07,"21,1",56,"12,0","1,10","10,32"
2026-09-29 21:08,"21,1",56,"12,0","1,10","10,32"
2026-09-29 21:09,"21,1",56,"12,0","1,10","10,32"
2026-09-29 21:10,"21,1",56,"12,0","1,10","10,32"
2026-09-29 21:11,"21,1",56,"12,0","1,10","10,32"
2026-09-29 21:12,"21,1",56,"12,0","1,10","10,32"
2026-09-29 21:13,"21,1",56,"12,0","1,10","10,32"
2026-09-29 21:14,"21,1",56,"12,0","1,10","10,32"
2026-09-29 21:15,"21,1",56,"12,0","1,10","10,32"
2026-09-29 21:16,"21,1",56,"12,0","1,10","10,32"
2026-09-29 21:17,"21,1",56,"12,0","1,10","10,32"
2026-09-29 21:18,"21,1",56,"12,0","1,10","10,32"
2026-09-29 21:19,"21,1",56,"12,0","1,10","10,32"
2026-09-29 21:20,"21,1",56,"12,0","1,10","10,32"
2026-09-29 21:21,"21,1",56,"12,0","1,10","10,32"
2026-09-29 21:22,"21,1",56,"12,0","1,10","10,32"
2026-09-29 21:23,"21,1",56,"12,0","1,10","10,32"
2026-09-29 21:24,"21,1",56,"12,0","1,10","10,32"
2026-09-29 21:25,"21,1",56,"12,0","1,10","10,32"
2026-09-29 21:26,"21,1",56,"12,0","1,10","10,32"
2026-09-29 21:27,"21,1",56,"12,0","1,10","10,32"
2026-09-29 21:28,"21,1",56,"12,0","1,10","10,32"
2026-09-29 21:29,"21,1",56,"12,0","1,10","10,32"
2026-09-29 21:30,"21,1",56,"12,0","1,10","10,32"
2026-09-29 21:31,"21,1",56,"12,0","1,10","10,32"
2026-09-29 21:32,"21,1",56,"12,0","1,10","10,32"
2026-09-29 21:33,"21,1",56,"12,0","1,10","10,32"
2026-09-29 21:34,"21,0",56,"11,9","1,10","10,29"
2026-09-29 21:35,"21,0",56,"11,9","1,09","10,26"
2026-09-29 21:36,"21,0",56,"11,9","1,09","10,26"
2026-09-29 21:37,"21,0",56,"11,9","1,09","10,26"
2026-09-29 21:38,"21,0",56,"11,9","1,09","10,26"
2026-09-29 21:39,"21,0",57,"12,2","1,07","10,44"
2026-09-29 21:40,"21,0",57,"12,2","1,07","10,44"
2026-09-29 21:41,"21,0",57,"12,2","1,07","10,44"
2026-09-29 21:42,"21,0",57,"12,2","1,07","10,44"
2026-09-29 21:43,"21,0",57,"12,2","1,07","10,44"
2026-09-29 21:44,"21,0",57,"12,2","1,07","10,44"
2026-09-29 21:45,"21,0",57,"12,2","1,07","10,44"
2026-09-29 21:46,"21,0",57,"12,2","1,07","10,44"
2026-09-29 21:47,"21,0",57,"12,2","1,07","10,44"
2026-09-29 21:48,"21,0",57,"12,2","1,07","10,44"
2026-09-29 21:49,"21,0",57,"12,2","1,07","10,44"
2026-09-29 21:50,"21,0",57,"12,2","1,07","10,44"
2026-09-29 21:51,"21,0",57,"12,2","1,07","10,44"
2026-09-29 21:52,"21,0",57,"12,2","1,07","10,44"
2026-09-29 21:53,"21,0",57,"12,2","1,07","10,44"
2026-09-29 21:54,"21,0",57,"12,2","1,07","10,44"
2026-09-29 21:55,"21,0",57,"12,2","1,07","10,44"
2026-09-29 21:56,"21,0",57,"12,1","1,07","10,41"
2026-09-29 21:57,"20,9",57,"12,1","1,06","10,38"
2026-09-29 21:58,"20,9",57,"12,1","1,06","10,38"
2026-09-29 21:59,"20,9",58,"12,3","1,04","10,56"
2026-09-29 22:00,"20,9",57,"12,1","1,06","10,38"
2026-09-29 22:01,"20,9",57,"12,1","1,06","10,38"
2026-09-29 22:02,"20,9",57,"12,1","1,06","10,38"
2026-09-29 22:03,"20,9",57,"12,1","1,06","10,38"
2026-09-29 22:04,"20,9",57,"12,1","1,06","10,38"
2026-09-29 22:05,"20,9",57,"12,1","1,06","10,38"
2026-09-29 22:06,"20,9",57,"12,1","1,06","10,38"
2026-09-29 22:07,"20,9",57,"12,1","1,06","10,38"
2026-09-29 22:08,"20,9",57,"12,1","1,06","10,38"
2026-09-29 22:09,"20,9",57,"12,1","1,06","10,38"
2026-09-29 22:10,"20,9",56,"11,8","1,09","10,20"
2026-09-29 22:11,"20,9",56,"11,8","1,09","10,20"
2026-09-29 22:12,"20,9",56,"11,8","1,09","10,20"
2026-09-29 22:13,"20,9",56,"11,8","1,09","10,20"
2026-09-29 22:14,"20,8",56,"11,7","1,08","10,17"
2026-09-29 22:15,"20,8",56,"11,7","1,08","10,14"
2026-09-29 22:16,"20,8",56,"11,7","1,08","10,14"
2026-09-29 22:17,"20,8",56,"11,7","1,08","10,14"
2026-09-29 22:18,"20,8",56,"11,7","1,08","10,14"
2026-09-29 22:19,"20,8",56,"11,7","1,08","10,14"
2026-09-29 22:20,"20,8",56,"11,7","1,08","10,14"
2026-09-29 22:21,"20,8",56,"11,7","1,08","10,14"
2026-09-29 22:22,"20,8",56,"11,7","1,08","10,14"
2026-09-29 22:23,"20,8",56,"11,7","1,08","10,14"
2026-09-29 22:24,"20,8",56,"11,7","1,08","10,14"
2026-09-29 22:25,"20,8",56,"11,7","1,08","10,14"
2026-09-29 22:26,"20,8",56,"11,7","1,08","10,14"
2026-09-29 22:27,"20,8",56,"11,7","1,08","10,14"
2026-09-29 22:28,"20,8",56,"11,7","1,08","10,14"
2026-09-29 22:29,"20,8",56,"11,7","1,08","10,14"
2026-09-29 22:30,"20,8",56,"11,7","1,08","10,14"
2026-09-29 22:31,"20,8",56,"11,7","1,08","10,14"
2026-09-29 22:32,"20,8",56,"11,7","1,08","10,11"
2026-09-29 22:33,"20,7",56,"11,6","1,07","10,08"
2026-09-29 22:34,"20,7",56,"11,6","1,07","10,08"
2026-09-29 22:35,"20,7",56,"11,6","1,07","10,08"
2026-09-29 22:36,"20,7",56,"11,6","1,07","10,08"
2026-09-29 22:37,"20,7",56,"11,6","1,07","10,08"
2026-09-29 22:38,"20,7",56,"11,6","1,07","10,08"
2026-09-29 22:39,"20,7",56,"11,6","1,07","10,08"
2026-09-29 22:40,"20,7",56,"11,6","1,07","10,08"
2026-09-29 22:41,"20,7",56,"11,6","1,07","10,08"
2026-09-29 22:42,"20,7",56,"11,6","1,07","10,08"
2026-09-29 22:43,"20,7",56,"11,6","1,07","10,08"
2026-09-29 22:44,"20,7",56,"11,6","1,07","10,08"
2026-09-29 22:45,"20,7",56,"11,6","1,07","10,08"
2026-09-29 22:46,"20,7",56,"11,6","1,07","10,08"
2026-09-29 22:47,"20,7",56,"11,6","1,07","10,08"
2026-09-29 22:48,"20,7",56,"11,6","1,07","10,08"
2026-09-29 22:49,"20,7",56,"11,6","1,07","10,08"
2026-09-29 22:50,"20,7",56,"11,6","1,07","10,08"
2026-09-29 22:51,"20,7",56,"11,6","1,07","10,08"
2026-09-29 22:52,"20,7",56,"11,6","1,07","10,08"
2026-09-29 22:53,"20,7",56,"11,6","1,07","10,08"
2026-09-29 22:54,"20,7",56,"11,6","1,07","10,08"
2026-09-29 22:55,"20,7",56,"11,6","1,07","10,08"
2026-09-29 22:56,"20,7",56,"11,6","1,07","10,05"
2026-09-29 22:57,"20,6",56,"11,5","1,07","10,02"
2026-09-29 22:58,"20,6",56,"11,5","1,07","10,02"
2026-09-29 22:59,"20,6",56,"11,5","1,07","10,02"
2026-09-29 23:00,"20,6",56,"11,5","1,07","10,02"
2026-09-29 23:01,"20,6",56,"11,5","1,07","10,02"
2026-09-29 23:02,"20,6",56,"11,5","1,07","10,02"
2026-09-29 23:03,"20,6",56,"11,5","1,07","10,02"
2026-09-29 23:04,"20,6",56,"11,5","1,07","10,02"
2026-09-29 23:05,"20,6",56,"11,5","1,07","10,02"
2026-09-29 23:06,"20,6",56,"11,5","1,07","10,02"
2026-09-29 23:07,"20,6",56,"11,5","1,07","10,02"
2026-09-29 23:08,"20,6",56,"11,5","1,07","10,02"
2026-09-29 23:09,"20,6",56,"11,5","1,07","10,02"
2026-09-29 23:10,"20,6",56,"11,5","1,07","10,02"
2026-09-29 23:11,"20,6",56,"11,5","1,07","10,02"
2026-09-29 23:12,"20,6",56,"11,5","1,07","10,02"
2026-09-29 23:13,"20,6",56,"11,5","1,07","10,02"
2026-09-29 23:14,"20,6",56,"11,5","1,07","10,02"
2026-09-29 23:15,"20,6",56,"11,5","1,07","10,02"
2026-09-29 23:16,"20,6",56,"11,5","1,07","10,02"
2026-09-29 23:17,"20,6",56,"11,5","1,07","10,02"
2026-09-29 23:18,"20,6",56,"11,5","1,07","10,02"
2026-09-29 23:19,"20,6",56,"11,5","1,07","10,02"
2026-09-29 23:20,"20,6",56,"11,5","1,07","10,02"
2026-09-29 23:21,"20,6",56,"11,5","1,07","10,02"
2026-09-29 23:22,"20,6",56,"11,5","1,07","10,02"
2026-09-29 23:23,"20,6",56,"11,5","1,07","10,02"
2026-09-29 23:24,"20,6",56,"11,5","1,07","10,02"
2026-09-29 23:25,"20,6",56,"11,5","1,07","10,02"
2026-09-29 23:26,"20,6",56,"11,5","1,07","10,02"
2026-09-29 23:27,"20,6",56,"11,5","1,07","10,02"
2026-09-29 23:28,"20,6",56,"11,5","1,07","10,02"
2026-09-29 23:29,"20,6",56,"11,5","1,07","10,02"
2026-09-29 23:30,"20,6",56,"11,5","1,07","10,02"
2026-09-29 23:31,"20,6",56,"11,5","1,07","10,02"
2026-09-29 23:32,"20,5",56,"11,5","1,06","9,99"
2026-09-29 23:33,"20,5",56,"11,4","1,06","9,96"
2026-09-29 23:34,"20,5",56,"11,4","1,06","9,96"
2026-09-29 23:35,"20,5",56,"11,4","1,06","9,96"
2026-09-29 23:36,"20,5",56,"11,4","1,06","9,96"
2026-09-29 23:37,"20,5",56,"11,4","1,06","9,96"
2026-09-29 23:38,"20,5",55,"11,1","1,09","9,79"
2026-09-29 23:39,"20,5",55,"11,1","1,09","9,79"
2026-09-29 23:40,"20,5",55,"11,1","1,09","9,79"
2026-09-29 23:41,"20,5",55,"11,1","1,09","9,79"
2026-09-29 23:42,"20,5",55,"11,1","1,09","9,79"
2026-09-29 23:43,"20,5",55,"11,1","1,09","9,79"
2026-09-29 23:44,"20,5",55,"11,1","1,09","9,79"
2026-09-29 23:45,"20,5",55,"11,1","1,09","9,79"
2026-09-29 23:46,"20,5",55,"11,1","1,09","9,79"
2026-09-29 23:47,"20,5",55,"11,1","1,09","9,79"
2026-09-29 23:48,"20,5",55,"11,1","1,09","9,79"
2026-09-29 23:49,"20,5",55,"11,1","1,09","9,79"
2026-09-29 23:50,"20,5",55,"11,1","1,09","9,79"
2026-09-29 23:51,"20,5",55,"11,1","1,09","9,79"
2026-09-29 23:52,"20,5",55,"11,1","1,09","9,79"
2026-09-29 23:53,"20,5",55,"11,1","1,09","9,79"
2026-09-29 23:54,"20,5",55,"11,1","1,09","9,79"
2026-09-29 23:55,"20,5",55,"11,1","1,09","9,79"
2026-09-29 23:56,"20,5",55,"11,1","1,09","9,79"
2026-09-29 23:57,"20,5",55,"11,1","1,09","9,79"
2026-09-29 23:58,"20,5",55,"11,1","1,08","9,76"
2026-09-29 23:59,"20,4",55,"11,1","1,08","9,73"
2026-09-30 00:00,"20,4",55,"11,1","1,08","9,73"
2026-09-30 00:01,"20,4",55,"11,1","1,08","9,73"
2026-09-30 00:02,"20,4",55,"11,1","1,08","9,73"
2026-09-30 00:03,"20,4",55,"11,1","1,08","9,73"
2026-09-30 00:04,"20,4",55,"11,1","1,08","9,73"
2026-09-30 00:05,"20,4",55,"11,1","1,08","9,73"
2026-09-30 00:06,"20,4",55,"11,1","1,08","9,73"
2026-09-30 00:07,"20,4",55,"11,1","1,08","9,73"
2026-09-30 00:08,"20,4",55,"11,1","1,08","9,73"
2026-09-30 00:09,"20,4",55,"11,1","1,08","9,73"
2026-09-30 00:10,"20,4",55,"11,1","1,08","9,73"
2026-09-30 00:11,"20,4",56,"11,3","1,05","9,91"
2026-09-30 00:12,"20,4",56,"11,3","1,05","9,91"
2026-09-30 00:13,"20,4",56,"11,3","1,05","9,91"
2026-09-30 00:14,"20,4",56,"11,3","1,05","9,91"
2026-09-30 00:15,"20,4",56,"11,3","1,05","9,91"
2026-09-30 00:16,"20,4",56,"11,3","1,05","9,91"
2026-09-30 00:17,"20,4",56,"11,3","1,05","9,91"
2026-09-30 00:18,"20,4",56,"11,3","1,05","9,91"
2026-09-30 00:19,"20,4",56,"11,3","1,05","9,91"
2026-09-30 00:20,"20,4",56,"11,3","1,05","9,91"
2026-09-30 00:21,"20,4",56,"11,3","1,05","9,91"
2026-09-30 00:22,"20,4",56,"11,3","1,05","9,91"
2026-09-30 00:23,"20,4",56,"11,3","1,05","9,91"
2026-09-30 00:24,"20,4",56,"11,3","1,05","9,91"
2026-09-30 00:25,"20,4",56,"11,3","1,05","9,91"
2026-09-30 00:26,"20,4",56,"11,3","1,05","9,91"
2026-09-30 00:27,"20,4",57,"11,6","1,03","10,08"
2026-09-30 00:28,"20,4",57,"11,6","1,03","10,08"
2026-09-30 00:29,"20,4",57,"11,6","1,03","10,08"
2026-09-30 00:30,"20,4",57,"11,6","1,03","10,08"
2026-09-30 00:31,"20,4",57,"11,6","1,03","10,08"
2026-09-30 00:32,"20,4",57,"11,6","1,03","10,08"
2026-09-30 00:33,"20,4",57,"11,6","1,03","10,08"
2026-09-30 00:34,"20,4",57,"11,6","1,03","10,08"
2026-09-30 00:35,"20,4",57,"11,6","1,03","10,08"
2026-09-30 00:36,"20,4",57,"11,6","1,03","10,08"
2026-09-30 00:37,"20,4",57,"11,6","1,03","10,08"
2026-09-30 00:38,"20,3",57,"11,5","1,03","10,05"
2026-09-30 00:39,"20,3",57,"11,5","1,02","10,02"
2026-09-30 00:40,"20,3",57,"11,5","1,02","10,02"
2026-09-30 00:41,"20,3",57,"11,5","1,02","10,02"
2026-09-30 00:42,"20,3",57,"11,5","1,02","10,02"
2026-09-30 00:43,"20,3",57,"11,5","1,02","10,02"
2026-09-30 00:44,"20,3",57,"11,5","1,02","10,02"
2026-09-30 00:45,"20,3",57,"11,5","1,02","10,02"
2026-09-30 00:46,"20,3",57,"11,5","1,02","10,02"
2026-09-30 00:47,"20,3",57,"11,5","1,02","10,02"
2026-09-30 00:48,"20,3",57,"11,5","1,02","10,02"
2026-09-30 00:49,"20,3",57,"11,5","1,02","10,02"
2026-09-30 00:50,"20,3",57,"11,5","1,02","10,02"
2026-09-30 00:51,"20,3",57,"11,5","1,02","10,02"
2026-09-30 00:52,"20,3",57,"11,5","1,02","10,02"
2026-09-30 00:53,"20,3",57,"11,5","1,02","10,02"
2026-09-30 00:54,"20,3",57,"11,5","1,02","10,02"
2026-09-30 00:55,"20,3",57,"11,5","1,02","10,02"
2026-09-30 00:56,"20,3",57,"11,5","1,02","10,02"
2026-09-30 00:57,"20,3",57,"11,5","1,02","10,02"
2026-09-30 00:58,"20,3",57,"11,5","1,02","10,02"
2026-09-30 00:59,"20,3",57,"11,5","1,02","10,02"
2026-09-30 01:00,"20,3",57,"11,5","1,02","10,02"
2026-09-30 01:01,"20,3",57,"11,5","1,02","10,02"
2026-09-30 01:02,"20,3",57,"11,5","1,02","10,02"
2026-09-30 01:03,"20,3",57,"11,5","1,02","10,02"
2026-09-30 01:04,"20,3",57,"11,5","1,02","10,02"
2026-09-30 01:05,"20,3",57,"11,5","1,02","10,02"
2026-09-30 01:06,"20,3",57,"11,5","1,02","10,02"
2026-09-30 01:07,"20,3",57,"11,5","1,02","10,02"
2026-09-30 01:08,"20,3",57,"11,5","1,02","10,02"
2026-09-30 01:09,"20,3",57,"11,5","1,02","10,02"
2026-09-30 01:10,"20,3",57,"11,5","1,02","10,02"
2026-09-30 01:11,"20,3",57,"11,5","1,02","10,02"
2026-09-30 01:12,"20,3",57,"11,5","1,02","10,02"
2026-09-30 01:13,"20,3",57,"11,5","1,02","10,02"
2026-09-30 01:14,"20,3",57,"11,5","1,02","10,02"
2026-09-30 01:15,"20,3",57,"11,5","1,02","10,02"
2026-09-30 01:16,"20,3",57,"11,5","1,02","10,02"
2026-09-30 01:17,"20,3",57,"11,5","1,02","10,02"
2026-09-30 01:18,"20,3",57,"11,5","1,02","10,02"
2026-09-30 01:19,"20,3",57,"11,5","1,02","10,02"
2026-09-30 01:20,"20,3",57,"11,5","1,02","10,02"
2026-09-30 01:21,"20,3",57,"11,5","1,02","10,02"
2026-09-30 01:22,"20,3",57,"11,5","1,02","10,02"
2026-09-30 01:23,"20,3",57,"11,5","1,02","10,02"
2026-09-30 01:24,"20,3",57,"11,5","1,02","10,02"
2026-09-30 01:25,"20,3",57,"11,5","1,02","10,02"
2026-09-30 01:26,"20,3",57,"11,5","1,02","10,02"
2026-09-30 01:27,"20,3",57,"11,5","1,02","10,02"
2026-09-30 01:28,"20,3",57,"11,5","1,02","10,02"
2026-09-30 01:29,"20,3",57,"11,5","1,02","10,02"
2026-09-30 01:30,"20,3",57,"11,5","1,02","10,02"
2026-09-30 01:31,"20,3",57,"11,5","1,02","10,02"
2026-09-30 01:32,"20,3",57,"11,5","1,02","10,02"
2026-09-30 01:33,"20,3",57,"11,5","1,02","10,02"
2026-09-30 01:34,"20,3",57,"11,5","1,02","10,02"
2026-09-30 01:35,"20,3",57,"11,5","1,02","10,02"
2026-09-30 01:36,"20,3",57,"11,5","1,02","10,02"
2026-09-30 01:37,"20,3",57,"11,5","1,02","10,02"
2026-09-30 01:38,"20,3",57,"11,5","1,02","10,02"
2026-09-30 01:39,"20,3",57,"11,5","1,02","10,02"
2026-09-30 01:40,"20,3",57,"11,5","1,02","10,00"
2026-09-30 01:41,"20,2",57,"11,4","1,02","9,97"
2026-09-30 01:42,"20,2",57,"11,4","1,02","9,97"
2026-09-30 01:43,"20,2",57,"11,4","1,02","9,97"
2026-09-30 01:44,"20,2",57,"11,4","1,02","9,97"
2026-09-30 01:45,"20,2",57,"11,4","1,02","9,97"
2026-09-30 01:46,"20,2",57,"11,4","1,02","9,97"
2026-09-30 01:47,"20,2",57,"11,4","1,02","9,97"
2026-09-30 01:48,"20,2",57,"11,4","1,02","9,97"
2026-09-30 01:49,"20,2",57,"11,4","1,02","9,97"
2026-09-30 01:50,"20,2",57,"11,4","1,02","9,97"
2026-09-30 01:51,"20,2",57,"11,4","1,02","9,97"
2026-09-30 01:52,"20,2",57,"11,4","1,02","9,97"
2026-09-30 01:53,"20,2",57,"11,4","1,02","9,97"
2026-09-30 01:54,"20,2",57,"11,4","1,02","9,97"
2026-09-30 01:55,"20,2",57,"11,4","1,02","9,97"
2026-09-30 01:56,"20,2",57,"11,4","1,02","9,97"
2026-09-30 01:57,"20,2",57,"11,4","1,02","9,97"
2026-09-30 01:58,"20,2",57,"11,4","1,02","9,97"
2026-09-30 01:59,"20,2",57,"11,4","1,02","9,97"
2026-09-30 02:00,"20,2",57,"11,4","1,02","9,97"
2026-09-30 02:01,"20,2",57,"11,4","1,02","9,97"
2026-09-30 02:02,"20,2",57,"11,4","1,02","9,97"
2026-09-30 02:03,"20,2",57,"11,4","1,02","9,97"
2026-09-30 02:04,"20,2",57,"11,4","1,02","9,97"
2026-09-30 02:05,"20,2",57,"11,4","1,02","9,97"
2026-09-30 02:06,"20,2",57,"11,4","1,02","9,97"
2026-09-30 02:07,"20,2",57,"11,4","1,02","9,97"
2026-09-30 02:08,"20,2",57,"11,4","1,02","9,97"
2026-09-30 02:09,"20,2",57,"11,4","1,02","9,97"
2026-09-30 02:10,"20,2",57,"11,4","1,02","9,97"
2026-09-30 02:11,"20,2",57,"11,4","1,02","9,97"
2026-09-30 02:12,"20,2",57,"11,4","1,02","9,97"
2026-09-30 02:13,"20,2",57,"11,4","1,02","9,97"
2026-09-30 02:14,"20,2",57,"11,4","1,02","9,97"
2026-09-30 02:15,"20,2",57,"11,4","1,02","9,97"
2026-09-30 02:16,"20,2",57,"11,4","1,02","9,97"
2026-09-30 02:17,"20,2",57,"11,4","1,02","9,97"
2026-09-30 02:18,"20,2",57,"11,4","1,02","9,97"
2026-09-30 02:19,"20,2",57,"11,4","1,02","9,97"
2026-09-30 02:20,"20,2",57,"11,4","1,02","9,97"
2026-09-30 02:21,"20,2",57,"11,4","1,02","9,97"
2026-09-30 02:22,"20,2",57,"11,4","1,02","9,97"
2026-09-30 02:23,"20,2",57,"11,4","1,02","9,97"
2026-09-30 02:24,"20,2",57,"11,4","1,02","9,97"
2026-09-30 02:25,"20,2",57,"11,4","1,02","9,97"
2026-09-30 02:26,"20,2",57,"11,4","1,02","9,97"
2026-09-30 02:27,"20,2",57,"11,4","1,02","9,97"
2026-09-30 02:28,"20,2",57,"11,4","1,02","9,97"
2026-09-30 02:29,"20,2",57,"11,4","1,02","9,97"
2026-09-30 02:30,"20,2",57,"11,4","1,02","9,97"
2026-09-30 02:31,"20,2",57,"11,4","1,02","9,97"
2026-09-30 02:32,"20,2",57,"11,4","1,02","9,97"
2026-09-30 02:33,"20,2",57,"11,4","1,02","9,97"
2026-09-30 02:34,"20,2",57,"11,4","1,02","9,97"
2026-09-30 02:35,"20,2",57,"11,4","1,02","9,97"
2026-09-30 02:36,"20,2",57,"11,4","1,02","9,97"
2026-09-30 02:37,"20,2",57,"11,4","1,02","9,97"
2026-09-30 02:38,"20,2",57,"11,4","1,02","9,97"
2026-09-30 02:39,"20,2",57,"11,4","1,02","9,97"
2026-09-30 02:40,"20,2",57,"11,4","1,02","9,97"
2026-09-30 02:41,"20,2",57,"11,4","1,02","9,97"
2026-09-30 02:42,"20,2",57,"11,4","1,02","9,97"
2026-09-30 02:43,"20,2",58,"11,7","0,99","10,14"
2026-09-30 02:44,"20,2",58,"11,7","0,99","10,14"
2026-09-30 02:45,"20,2",58,"11,7","0,99","10,14"
2026-09-30 02:46,"20,2",58,"11,7","0,99","10,14"
2026-09-30 02:47,"20,2",58,"11,7","0,99","10,14"
2026-09-30 02:48,"20,2",58,"11,6","0,99","10,11"
2026-09-30 02:49,"20,1",58,"11,6","0,99","10,08"
2026-09-30 02:50,"20,1",58,"11,6","0,99","10,08"
2026-09-30 02:51,"20,1",58,"11,6","0,99","10,08"
2026-09-30 02:52,"20,1",58,"11,6","0,99","10,08"
2026-09-30 02:53,"20,1",58,"11,6","0,99","10,08"
2026-09-30 02:54,"20,1",58,"11,6","0,99","10,08"
2026-09-30 02:55,"20,1",58,"11,6","0,99","10,08"
2026-09-30 02:56,"20,1",58,"11,6","0,99","10,08"
2026-09-30 02:57,"20,1",58,"11,6","0,99","10,08"
2026-09-30 02:58,"20,1",58,"11,6","0,99","10,08"
2026-09-30 02:59,"20,1",58,"11,6","0,99","10,08"
2026-09-30 03:00,"20,1",57,"11,3","1,01","9,91"
2026-09-30 03:01,"20,1",57,"11,3","1,01","9,91"
2026-09-30 03:02,"20,1",57,"11,3","1,01","9,91"
2026-09-30 03:03,"20,1",57,"11,3","1,01","9,91"
2026-09-30 03:04,"20,1",57,"11,3","1,01","9,91"
2026-09-30 03:05,"20,1",57,"11,3","1,01","9,91"
2026-09-30 03:06,"20,1",57,"11,3","1,01","9,91"
2026-09-30 03:07,"20,1",57,"11,3","1,01","9,91"
2026-09-30 03:08,"20,1",57,"11,3","1,01","9,91"
2026-09-30 03:09,"20,1",57,"11,3","1,01","9,91"
2026-09-30 03:10,"20,1",57,"11,3","1,01","9,91"
2026-09-30 03:11,"20,1",57,"11,3","1,01","9,91"
2026-09-30 03:12,"20,1",57,"11,3","1,01","9,91"
2026-09-30 03:13,"20,1",57,"11,3","1,01","9,91"
2026-09-30 03:14,"20,1",57,"11,3","1,01","9,91"
2026-09-30 03:15,"20,1",57,"11,3","1,01","9,91"
2026-09-30 03:16,"20,1",57,"11,3","1,01","9,91"
2026-09-30 03:17,"20,1",57,"11,3","1,01","9,91"
2026-09-30 03:18,"20,1",57,"11,3","1,01","9,91"
2026-09-30 03:19,"20,1",57,"11,3","1,01","9,91"
2026-09-30 03:20,"20,1",57,"11,3","1,01","9,91"
2026-09-30 03:21,"20,1",57,"11,3","1,01","9,91"
2026-09-30 03:22,"20,1",57,"11,3","1,01","9,91"
2026-09-30 03:23,"20,1",57,"11,3","1,01","9,91"
2026-09-30 03:24,"20,1",57,"11,3","1,01","9,91"
2026-09-30 03:25,"20,1",57,"11,3","1,01","9,91"
2026-09-30 03:26,"20,1",57,"11,3","1,01","9,91"
2026-09-30 03:27,"20,1",57,"11,3","1,01","9,91"
2026-09-30 03:28,"20,1",57,"11,3","1,01","9,91"
2026-09-30 03:29,"20,1",57,"11,3","1,01","9,91"
2026-09-30 03:30,"20,1",57,"11,3","1,01","9,91"
2026-09-30 03:31,"20,1",57,"11,3","1,01","9,91"
2026-09-30 03:32,"20,1",57,"11,3","1,01","9,91"
2026-09-30 03:33,"20,1",57,"11,3","1,01","9,91"
2026-09-30 03:34,"20,1",57,"11,3","1,01","9,91"
2026-09-30 03:35,"20,1",57,"11,3","1,01","9,91"
2026-09-30 03:36,"20,1",57,"11,3","1,01","9,91"
2026-09-30 03:37,"20,1",57,"11,3","1,01","9,91"
2026-09-30 03:38,"20,1",57,"11,3","1,01","9,91"
2026-09-30 03:39,"20,1",57,"11,3","1,01","9,91"
2026-09-30 03:40,"20,1",57,"11,3","1,01","9,91"
2026-09-30 03:41,"20,1",57,"11,3","1,01","9,91"
2026-09-30 03:42,"20,1",57,"11,3","1,01","9,91"
2026-09-30 03:43,"20,1",57,"11,3","1,01","9,91"
2026-09-30 03:44,"20,1",57,"11,3","1,01","9,91"
2026-09-30 03:45,"20,1",57,"11,3","1,01","9,91"
2026-09-30 03:46,"20,1",57,"11,3","1,01","9,91"
2026-09-30 03:47,"20,1",57,"11,3","1,01","9,91"
2026-09-30 03:48,"20,1",57,"11,3","1,01","9,91"
2026-09-30 03:49,"20,1",57,"11,3","1,01","9,91"
2026-09-30 03:50,"20,0",57,"11,3","1,01","9,88"
2026-09-30 03:51,"20,0",57,"11,2","1,01","9,85"
2026-09-30 03:52,"20,0",57,"11,2","1,01","9,85"
2026-09-30 03:53,"20,0",57,"11,2","1,01","9,85"
2026-09-30 03:54,"20,0",57,"11,2","1,01","9,85"
2026-09-30 03:55,"20,0",57,"11,2","1,01","9,85"
2026-09-30 03:56,"20,0",57,"11,2","1,01","9,85"
2026-09-30 03:57,"20,0",57,"11,2","1,01","9,85"
2026-09-30 03:58,"20,0",57,"11,2","1,01","9,85"
2026-09-30 03:59,"20,0",57,"11,2","1,01","9,85"
2026-09-30 04:00,"20,0",57,"11,2","1,01","9,85"
2026-09-30 04:01,"20,0",57,"11,2","1,01","9,85"
2026-09-30 04:02,"20,0",57,"11,2","1,01","9,85"
2026-09-30 04:03,"20,0",57,"11,2","1,01","9,85"
2026-09-30 04:04,"20,0",57,"11,2","1,01","9,85"
2026-09-30 04:05,"20,0",57,"11,2","1,01","9,85"
2026-09-30 04:06,"20,0",57,"11,2","1,01","9,85"
2026-09-30 04:07,"20,0",57,"11,2","1,01","9,85"
2026-09-30 04:08,"20,0",57,"11,2","1,01","9,85"
2026-09-30 04:09,"20,0",57,"11,2","1,01","9,85"
2026-09-30 04:10,"20,0",57,"11,2","1,01","9,85"
2026-09-30 04:11,"20,0",57,"11,2","1,01","9,85"
2026-09-30 04:12,"20,0",57,"11,2","1,01","9,85"
2026-09-30 04:13,"20,0",57,"11,2","1,01","9,85"
2026-09-30 04:14,"20,0",57,"11,2","1,01","9,85"
2026-09-30 04:15,"20,0",57,"11,2","1,01","9,85"
2026-09-30 04:16,"20,0",57,"11,2","1,01","9,85"
2026-09-30 04:17,"20,0",57,"11,2","1,01","9,85"
2026-09-30 04:18,"20,0",57,"11,2","1,01","9,85"
2026-09-30 04:19,"20,0",57,"11,2","1,01","9,85"
2026-09-30 04:20,"20,0",57,"11,2","1,01","9,85"
2026-09-30 04:21,"20,0",57,"11,2","1,01","9,85"
2026-09-30 04:22,"20,0",57,"11,2","1,01","9,85"
2026-09-30 04:23,"20,0",57,"11,2","1,01","9,85"
2026-09-30 04:24,"20,0",57,"11,2","1,01","9,85"
2026-09-30 04:25,"20,0",57,"11,2","1,01","9,85"
2026-09-30 04:26,"20,0",57,"11,2","1,01","9,85"
2026-09-30 04:27,"20,0",57,"11,2","1,01","9,85"
2026-09-30 04:28,"20,0",57,"11,2","1,01","9,85"
2026-09-30 04:29,"20,0",57,"11,2","1,01","9,85"
2026-09-30 04:30,"20,0",57,"11,2","1,00","9,82"
2026-09-30 04:31,"19,9",57,"11,1","1,00","9,79"
2026-09-30 04:32,"19,9",57,"11,1","1,00","9,79"
2026-09-30 04:33,"19,9",57,"11,1","1,00","9,79"
2026-09-30 04:34,"19,9",57,"11,1","1,00","9,79"
2026-09-30 04:35,"19,9",57,"11,1","1,00","9,79"
2026-09-30 04:36,"19,9",57,"11,1","1,00","9,79"
2026-09-30 04:37,"19,9",57,"11,1","1,00","9,79"
2026-09-30 04:38,"19,9",57,"11,1","1,00","9,79"
2026-09-30 04:39,"19,9",57,"11,1","1,00","9,79"
2026-09-30 04:40,"19,9",57,"11,1","1,00","9,79"
2026-09-30 04:41,"19,9",57,"11,1","1,00","9,79"
2026-09-30 04:42,"19,9",57,"11,1","1,00","9,79"
2026-09-30 04:43,"19,9",57,"11,1","1,00","9,79"
2026-09-30 04:44,"19,9",57,"11,1","1,00","9,79"
2026-09-30 04:45,"19,9",57,"11,1","1,00","9,79"
2026-09-30 04:46,"19,9",57,"11,1","1,00","9,79"
2026-09-30 04:47,"19,9",57,"11,1","1,00","9,79"
2026-09-30 04:48,"19,9",57,"11,1","1,00","9,79"
2026-09-30 04:49,"19,9",57,"11,1","1,00","9,79"
2026-09-30 04:50,"19,9",57,"11,1","1,00","9,79"
2026-09-30 04:51,"19,9",57,"11,1","1,00","9,79"
2026-09-30 04:52,"19,9",57,"11,1","1,00","9,79"
2026-09-30 04:53,"19,9",57,"11,1","1,00","9,79"
2026-09-30 04:54,"19,9",57,"11,1","1,00","9,79"
2026-09-30 04:55,"19,9",57,"11,1","1,00","9,79"
2026-09-30 04:56,"19,9",57,"11,1","1,00","9,79"
2026-09-30 04:57,"19,9",57,"11,1","1,00","9,79"
2026-09-30 04:58,"19,9",57,"11,1","1,00","9,79"
2026-09-30 04:59,"19,9",57,"11,1","1,00","9,79"
2026-09-30 05:00,"19,9",57,"11,1","1,00","9,79"
2026-09-30 05:01,"19,9",57,"11,1","1,00","9,79"
2026-09-30 05:02,"19,9",57,"11,1","1,00","9,79"
2026-09-30 05:03,"19,9",57,"11,1","1,00","9,79"
2026-09-30 05:04,"19,9",57,"11,1","1,00","9,79"
2026-09-30 05:05,"19,9",57,"11,1","1,00","9,79"
2026-09-30 05:06,"19,9",57,"11,1","1,00","9,79"
2026-09-30 05:07,"19,9",57,"11,1","1,00","9,79"
2026-09-30 05:08,"19,9",57,"11,1","1,00","9,79"
2026-09-30 05:09,"19,9",57,"11,1","1,00","9,79"
2026-09-30 05:10,"19,9",57,"11,1","1,00","9,79"
2026-09-30 05:11,"19,9",57,"11,1","1,00","9,79"
2026-09-30 05:12,"19,9",57,"11,1","1,00","9,79"
2026-09-30 05:13,"19,9",57,"11,1","1,00","9,79"
2026-09-30 05:14,"19,8",57,"11,1","1,00","9,76"
2026-09-30 05:15,"19,8",57,"11,0","0,99","9,74"
2026-09-30 05:16,"19,8",57,"11,0","0,99","9,74"
2026-09-30 05:17,"19,8",57,"11,0","0,99","9,74"
2026-09-30 05:18,"19,8",57,"11,0","0,99","9,74"
2026-09-30 05:19,"19,8",57,"11,0","0,99","9,74"
2026-09-30 05:20,"19,8",57,"11,0","0,99","9,74"
2026-09-30 05:21,"19,8",57,"11,0","0,99","9,74"
2026-09-30 05:22,"19,8",57,"11,0","0,99","9,74"
2026-09-30 05:23,"19,8",57,"11,0","0,99","9,74"
2026-09-30 05:24,"19,8",57,"11,0","0,99","9,74"
2026-09-30 05:25,"19,8",57,"11,0","0,99","9,74"
2026-09-30 05:26,"19,8",57,"11,0","0,99","9,74"
2026-09-30 05:27,"19,8",57,"11,0","0,99","9,74"
2026-09-30 05:28,"19,8",57,"11,0","0,99","9,74"
2026-09-30 05:29,"19,8",57,"11,0","0,99","9,74"
2026-09-30 05:30,"19,8",57,"11,0","0,99","9,74"
2026-09-30 05:31,"19,8",57,"11,0","0,99","9,74"
2026-09-30 05:32,"19,8",57,"11,0","0,99","9,74"
2026-09-30 05:33,"19,8",57,"11,0","0,99","9,74"
2026-09-30 05:34,"19,8",57,"11,0","0,99","9,74"
2026-09-30 05:35,"19,8",57,"11,0","0,99","9,74"
2026-09-30 05:36,"19,8",57,"11,0","0,99","9,74"
2026-09-30 05:37,"19,8",57,"11,0","0,99","9,74"
2026-09-30 05:38,"19,8",57,"11,0","0,99","9,74"
2026-09-30 05:39,"19,8",57,"11,0","0,99","9,74"
2026-09-30 05:40,"19,8",57,"11,0","0,99","9,74"
2026-09-30 05:41,"19,8",57,"11,0","0,99","9,74"
2026-09-30 05:42,"19,8",57,"11,0","0,99","9,74"
2026-09-30 05:43,"19,8",57,"11,0","0,99","9,74"
2026-09-30 05:44,"19,8",57,"11,0","0,99","9,74"
2026-09-30 05:45,"19,8",57,"11,0","0,99","9,74"
2026-09-30 05:46,"19,8",57,"11,0","0,99","9,74"
2026-09-30 05:47,"19,8",57,"11,0","0,99","9,74"
2026-09-30 05:48,"19,8",57,"11,0","0,99","9,74"
2026-09-30 05:49,"19,8",57,"11,0","0,99","9,74"
2026-09-30 05:50,"19,8",57,"11,0","0,99","9,74"
2026-09-30 05:51,"19,8",57,"11,0","0,99","9,74"
2026-09-30 05:52,"19,8",57,"11,0","0,99","9,74"
2026-09-30 05:53,"19,8",57,"11,0","0,99","9,74"
2026-09-30 05:54,"19,8",57,"11,0","0,99","9,74"
2026-09-30 05:55,"19,8",57,"11,0","0,99","9,74"
2026-09-30 05:56,"19,8",57,"11,0","0,99","9,71"
2026-09-30 05:57,"19,7",57,"10,9","0,99","9,68"
2026-09-30 05:58,"19,7",57,"10,9","0,99","9,68"
2026-09-30 05:59,"19,7",57,"10,9","0,99","9,68"
2026-09-30 06:00,"19,7",57,"10,9","0,99","9,68"
2026-09-30 06:01,"19,7",57,"10,9","0,99","9,68"
2026-09-30 06:02,"19,7",57,"10,9","0,99","9,68"
2026-09-30 06:03,"19,7",57,"10,9","0,99","9,68"
2026-09-30 06:04,"19,7",57,"10,9","0,99","9,68"
2026-09-30 06:05,"19,7",57,"10,9","0,99","9,68"
2026-09-30 06:06,"19,7",57,"10,9","0,99","9,68"
2026-09-30 06:07,"19,7",57,"10,9","0,99","9,68"
2026-09-30 06:08,"19,7",57,"10,9","0,99","9,68"
2026-09-30 06:09,"19,7",57,"10,9","0,99","9,68"
2026-09-30 06:10,"19,8",56,"10,7","1,01","9,54"
2026-09-30 06:11,"19,8",56,"10,8","1,02","9,57"
2026-09-30 06:12,"19,8",56,"10,8","1,02","9,59"
2026-09-30 06:13,"19,9",56,"10,9","1,02","9,62"
2026-09-30 06:14,"19,9",56,"10,9","1,02","9,62"
2026-09-30 06:15,"19,9",56,"10,9","1,02","9,62"
2026-09-30 06:16,"20,0",56,"10,9","1,03","9,65"
2026-09-30 06:17,"20,0",56,"11,0","1,03","9,68"
2026-09-30 06:18,"20,0",56,"11,0","1,03","9,71"
2026-09-30 06:19,"20,1",56,"11,0","1,04","9,73"
2026-09-30 06:20,"20,1",56,"11,0","1,04","9,73"
2026-09-30 06:21,"20,1",56,"11,0","1,04","9,73"
2026-09-30 06:22,"20,2",56,"11,1","1,04","9,76"
2026-09-30 06:23,"20,2",56,"11,1","1,04","9,79"
2026-09-30 06:24,"20,2",56,"11,1","1,04","9,79"
2026-09-30 06:25,"20,2",56,"11,1","1,04","9,79"
2026-09-30 06:26,"20,3",56,"11,2","1,04","9,82"
2026-09-30 06:27,"20,3",56,"11,2","1,05","9,85"
2026-09-30 06:28,"20,3",56,"11,3","1,05","9,88"
2026-09-30 06:29,"20,4",56,"11,3","1,05","9,91"
2026-09-30 06:30,"20,4",56,"11,3","1,05","9,91"
2026-09-30 06:31,"20,4",56,"11,3","1,05","9,91"
2026-09-30 06:32,"20,5",56,"11,4","1,06","9,94"
2026-09-30 06:33,"20,5",56,"11,4","1,06","9,96"
2026-09-30 06:34,"20,5",55,"11,1","1,09","9,79"
2026-09-30 06:35,"20,5",55,"11,1","1,09","9,79"
2026-09-30 06:36,"20,5",55,"11,1","1,09","9,79"
2026-09-30 06:37,"20,5",55,"11,1","1,09","9,79"
2026-09-30 06:38,"20,5",55,"11,2","1,09","9,82"
2026-09-30 06:39,"20,6",55,"11,2","1,09","9,84"
2026-09-30 06:40,"20,6",55,"11,2","1,09","9,84"
2026-09-30 06:41,"20,6",55,"11,2","1,09","9,84"
2026-09-30 06:42,"20,6",55,"11,2","1,09","9,84"
2026-09-30 06:43,"20,6",55,"11,2","1,09","9,84"
2026-09-30 06:44,"20,6",55,"11,2","1,09","9,84"
2026-09-30 06:45,"20,6",55,"11,2","1,09","9,84"
2026-09-30 06:46,"20,6",55,"11,2","1,09","9,84"
2026-09-30 06:47,"20,6",56,"11,5","1,07","10,02"
2026-09-30 06:48,"20,6",56,"11,5","1,07","10,02"
2026-09-30 06:49,"20,6",56,"11,5","1,07","10,02"
2026-09-30 06:50,"20,6",56,"11,5","1,07","10,02"
2026-09-30 06:51,"20,6",56,"11,5","1,07","10,02"
2026-09-30 06:52,"20,6",56,"11,5","1,07","10,02"
2026-09-30 06:53,"20,6",56,"11,5","1,07","10,02"
2026-09-30 06:54,"20,6",56,"11,5","1,07","10,02"
2026-09-30 06:55,"20,6",56,"11,5","1,07","10,02"
2026-09-30 06:56,"20,7",55,"11,3","1,10","9,87"
2026-09-30 06:57,"20,7",55,"11,3","1,10","9,90"
2026-09-30 06:58,"20,7",55,"11,3","1,10","9,90"
2026-09-30 06:59,"20,7",55,"11,3","1,10","9,90"
2026-09-30 07:00,"20,7",55,"11,3","1,10","9,90"
2026-09-30 07:01,"20,7",55,"11,3","1,10","9,90"
2026-09-30 07:02,"20,8",55,"11,4","1,10","9,93"
2026-09-30 07:03,"20,8",55,"11,4","1,11","9,96"
2026-09-30 07:04,"20,8",55,"11,4","1,11","9,96"
2026-09-30 07:05,"20,8",55,"11,4","1,11","9,96"
2026-09-30 07:06,"20,8",55,"11,4","1,11","9,96"
2026-09-30 07:07,"20,8",55,"11,4","1,11","9,96"
2026-09-30 07:08,"20,8",55,"11,4","1,11","9,96"
2026-09-30 07:09,"20,8",55,"11,4","1,11","9,96"
2026-09-30 07:10,"20,8",55,"11,4","1,11","9,96"
2026-09-30 07:11,"20,8",55,"11,4","1,11","9,96"
2026-09-30 07:12,"20,8",55,"11,4","1,11","9,96"
2026-09-30 07:13,"20,8",55,"11,4","1,11","9,96"
2026-09-30 07:14,"20,8",55,"11,4","1,11","9,96"
2026-09-30 07:15,"20,8",55,"11,4","1,11","9,96"
2026-09-30 07:16,"20,8",55,"11,4","1,11","9,96"
2026-09-30 07:17,"20,8",55,"11,4","1,11","9,96"
2026-09-30 07:18,"20,8",55,"11,4","1,11","9,96"
2026-09-30 07:19,"20,8",55,"11,4","1,11","9,96"
2026-09-30 07:20,"20,8",55,"11,4","1,11","9,96"
2026-09-30 07:21,"20,8",55,"11,4","1,11","9,96"
2026-09-30 07:22,"20,8",55,"11,4","1,11","9,96"
2026-09-30 07:23,"20,8",55,"11,4","1,11","9,96"
2026-09-30 07:24,"20,8",55,"11,4","1,11","9,96"
2026-09-30 07:25,"20,8",55,"11,4","1,11","9,96"
2026-09-30 07:26,"20,8",54,"11,1","1,13","9,78"
2026-09-30 07:27,"20,8",54,"11,1","1,13","9,78"
2026-09-30 07:28,"20,8",54,"11,1","1,13","9,78"
2026-09-30 07:29,"20,8",54,"11,1","1,13","9,78"
2026-09-30 07:30,"20,8",54,"11,1","1,13","9,78"
2026-09-30 07:31,"20,8",54,"11,1","1,13","9,78"
2026-09-30 07:32,"20,8",54,"11,2","1,13","9,81"
2026-09-30 07:33,"20,9",54,"11,2","1,14","9,83"
2026-09-30 07:34,"20,9",54,"11,2","1,14","9,83"
2026-09-30 07:35,"20,9",55,"11,5","1,11","10,02"
2026-09-30 07:36,"20,9",55,"11,5","1,11","10,02"
2026-09-30 07:37,"20,9",55,"11,5","1,11","10,02"
2026-09-30 07:38,"20,9",55,"11,5","1,11","10,02"
2026-09-30 07:39,"20,9",55,"11,5","1,11","10,02"
2026-09-30 07:40,"20,9",55,"11,5","1,11","10,02"
2026-09-30 07:41,"20,9",55,"11,5","1,11","10,02"
2026-09-30 07:42,"20,9",55,"11,5","1,11","10,02"
2026-09-30 07:43,"20,9",55,"11,5","1,11","10,02"
2026-09-30 07:44,"20,9",54,"11,2","1,14","9,83"
2026-09-30 07:45,"20,9",54,"11,2","1,14","9,83"
2026-09-30 07:46,"20,8",53,"10,9","1,16","9,62"
2026-09-30 07:47,"20,8",53,"10,9","1,15","9,60"
2026-09-30 07:48,"20,8",53,"10,8","1,15","9,57"
2026-09-30 07:49,"20,7",53,"10,8","1,15","9,54"
2026-09-30 07:50,"20,7",51,"10,2","1,20","9,18"
2026-09-30 07:51,"20,7",50,"9,9","1,22","9,00"
2026-09-30 07:52,"20,7",50,"9,9","1,22","8,97"
2026-09-30 07:53,"20,6",50,"9,8","1,21","8,95"
2026-09-30 07:54,"20,6",49,"9,5","1,24","8,77"
2026-09-30 07:55,"20,6",48,"9,2","1,26","8,59"
2026-09-30 07:56,"20,6",48,"9,2","1,26","8,59"
2026-09-30 07:57,"20,6",48,"9,2","1,26","8,59"
2026-09-30 07:58,"20,6",48,"9,2","1,26","8,59"
2026-09-30 07:59,"20,6",48,"9,2","1,26","8,59"
2026-09-30 08:00,"20,6",48,"9,2","1,26","8,59"
2026-09-30 08:01,"20,6",48,"9,2","1,26","8,59"
2026-09-30 08:02,"20,6",48,"9,2","1,26","8,59"
2026-09-30 08:03,"20,6",48,"9,2","1,26","8,59"
2026-09-30 08:04,"20,6",48,"9,2","1,26","8,59"
2026-09-30 08:05,"20,6",48,"9,2","1,26","8,59"
2026-09-30 08:06,"20,7",48,"9,2","1,27","8,62"
2026-09-30 08:07,"20,7",48,"9,3","1,27","8,64"
2026-09-30 08:08,"20,7",48,"9,3","1,27","8,64"
2026-09-30 08:09,"20,7",48,"9,3","1,27","8,64"
2026-09-30 08:10,"20,8",48,"9,3","1,27","8,67"
2026-09-30 08:11,"20,8",48,"9,4","1,28","8,69"
2026-09-30 08:12,"20,8",48,"9,4","1,28","8,69"
2026-09-30 08:13,"20,8",49,"9,7","1,25","8,87"
2026-09-30 08:14,"20,8",49,"9,7","1,25","8,87"
2026-09-30 08:15,"20,8",49,"9,7","1,25","8,87"
2026-09-30 08:16,"20,8",49,"9,7","1,25","8,87"
2026-09-30 08:17,"20,8",49,"9,7","1,25","8,87"
2026-09-30 08:18,"20,8",49,"9,7","1,25","8,87"
2026-09-30 08:19,"20,8",49,"9,7","1,25","8,87"
2026-09-30 08:20,"20,8",49,"9,7","1,25","8,87"
2026-09-30 08:21,"20,8",49,"9,7","1,25","8,87"
2026-09-30 08:22,"20,8",49,"9,7","1,25","8,87"
2026-09-30 08:23,"20,8",49,"9,7","1,25","8,87"
2026-09-30 08:24,"20,8",49,"9,7","1,25","8,87"
2026-09-30 08:25,"20,8",49,"9,7","1,25","8,87"
2026-09-30 08:26,"20,8",49,"9,7","1,25","8,87"
2026-09-30 08:27,"20,8",49,"9,7","1,25","8,87"
2026-09-30 08:28,"20,8",49,"9,7","1,25","8,87"
2026-09-30 08:29,"20,8",49,"9,7","1,25","8,87"
2026-09-30 08:30,"20,8",49,"9,7","1,25","8,87"
2026-09-30 08:31,"20,8",49,"9,7","1,25","8,87"
2026-09-30 08:32,"20,8",49,"9,7","1,26","8,90"
2026-09-30 08:33,"20,9",50,"10,1","1,24","9,11"
2026-09-30 08:34,"20,9",50,"10,1","1,24","9,11"
2026-09-30 08:35,"20,9",50,"10,1","1,24","9,11"
2026-09-30 08:36,"20,9",50,"10,1","1,24","9,11"
2026-09-30 08:37,"20,9",50,"10,1","1,24","9,11"
2026-09-30 08:38,"20,9",50,"10,1","1,24","9,11"
2026-09-30 08:39,"20,9",50,"10,1","1,24","9,11"
2026-09-30 08:40,"20,9",50,"10,1","1,24","9,11"
2026-09-30 08:41,"20,9",50,"10,1","1,24","9,11"
2026-09-30 08:42,"20,9",50,"10,1","1,24","9,11"
2026-09-30 08:43,"20,9",50,"10,1","1,24","9,11"
2026-09-30 08:44,"20,9",50,"10,1","1,24","9,11"
2026-09-30 08:45,"20,9",50,"10,1","1,24","9,11"
2026-09-30 08:46,"20,9",50,"10,1","1,24","9,11"
2026-09-30 08:47,"20,9",50,"10,1","1,24","9,11"
2026-09-30 08:48,"20,9",50,"10,1","1,24","9,11"
2026-09-30 08:49,"20,9",50,"10,1","1,24","9,11"
2026-09-30 08:50,"20,9",50,"10,1","1,24","9,11"
2026-09-30 08:51,"20,9",50,"10,1","1,24","9,11"
2026-09-30 08:52,"20,9",50,"10,1","1,24","9,11"
2026-09-30 08:53,"20,9",50,"10,1","1,24","9,11"
2026-09-30 08:54,"20,9",50,"10,1","1,24","9,11"
2026-09-30 08:55,"20,9",50,"10,1","1,24","9,11"
2026-09-30 08:56,"20,9",50,"10,1","1,24","9,11"
2026-09-30 08:57,"20,9",51,"10,4","1,21","9,29"
2026-09-30 08:58,"20,9",51,"10,4","1,21","9,29"
2026-09-30 08:59,"20,9",51,"10,4","1,21","9,29"
2026-09-30 09:00,"20,9",51,"10,4","1,21","9,29"
2026-09-30 09:01,"20,9",51,"10,4","1,21","9,29"
2026-09-30 09:02,"20,9",51,"10,4","1,21","9,29"
2026-09-30 09:03,"20,9",51,"10,4","1,21","9,29"
2026-09-30 09:04,"20,9",51,"10,4","1,21","9,29"
2026-09-30 09:05,"20,9",51,"10,4","1,21","9,29"
2026-09-30 09:06,"20,9",51,"10,4","1,21","9,29"
2026-09-30 09:07,"20,9",51,"10,4","1,21","9,29"
2026-09-30 09:08,"20,9",51,"10,4","1,21","9,29"
2026-09-30 09:09,"20,9",51,"10,4","1,21","9,29"
2026-09-30 09:10,"20,9",51,"10,4","1,21","9,29"
2026-09-30 09:11,"20,9",51,"10,4","1,21","9,29"
2026-09-30 09:12,"20,9",51,"10,4","1,21","9,29"
2026-09-30 09:13,"20,9",51,"10,4","1,21","9,29"
2026-09-30 09:14,"20,9",51,"10,4","1,21","9,29"
2026-09-30 09:15,"20,9",51,"10,4","1,21","9,29"
2026-09-30 09:16,"20,9",51,"10,4","1,21","9,29"
2026-09-30 09:17,"20,9",51,"10,4","1,21","9,29"
2026-09-30 09:18,"20,9",51,"10,4","1,21","9,29"
2026-09-30 09:19,"20,9",51,"10,4","1,21","9,29"
2026-09-30 09:20,"20,9",51,"10,4","1,21","9,29"
2026-09-30 09:21,"20,9",51,"10,4","1,21","9,29"
2026-09-30 09:22,"20,9",51,"10,4","1,21","9,29"
2026-09-30 09:23,"20,9",51,"10,4","1,21","9,29"
2026-09-30 09:24,"20,9",51,"10,4","1,21","9,29"
2026-09-30 09:25,"20,9",51,"10,4","1,21","9,29"
2026-09-30 09:26,"20,9",51,"10,4","1,21","9,29"
2026-09-30 09:27,"20,9",51,"10,4","1,21","9,29"
2026-09-30 09:28,"20,9",51,"10,4","1,21","9,29"
2026-09-30 09:29,"20,9",52,"10,7","1,19","9,47"
2026-09-30 09:30,"20,9",52,"10,7","1,19","9,47"
2026-09-30 09:31,"20,9",52,"10,7","1,19","9,47"
2026-09-30 09:32,"20,9",52,"10,7","1,19","9,47"
2026-09-30 09:33,"20,9",52,"10,7","1,19","9,47"
2026-09-30 09:34,"20,9",52,"10,7","1,19","9,47"
2026-09-30 09:35,"20,9",52,"10,7","1,19","9,47"
2026-09-30 09:36,"20,9",52,"10,7","1,19","9,47"
2026-09-30 09:37,"20,9",52,"10,7","1,19","9,47"
2026-09-30 09:38,"20,9",52,"10,7","1,19","9,47"
2026-09-30 09:39,"20,9",52,"10,7","1,19","9,47"
2026-09-30 09:40,"20,9",52,"10,7","1,19","9,47"
2026-09-30 09:41,"20,9",52,"10,7","1,19","9,47"
2026-09-30 09:42,"20,9",52,"10,7","1,19","9,47"
2026-09-30 09:43,"20,9",52,"10,7","1,19","9,47"
2026-09-30 09:44,"20,9",52,"10,7","1,19","9,47"
2026-09-30 09:45,"20,9",52,"10,7","1,19","9,47"
2026-09-30 09:46,"20,9",52,"10,7","1,19","9,47"
2026-09-30 09:47,"20,9",52,"10,7","1,19","9,47"
2026-09-30 09:48,"20,9",52,"10,7","1,19","9,47"
2026-09-30 09:49,"20,9",52,"10,7","1,19","9,47"
2026-09-30 09:50,"20,9",52,"10,7","1,19","9,47"
2026-09-30 09:51,"20,9",52,"10,7","1,19","9,47"
2026-09-30 09:52,"20,9",52,"10,7","1,19","9,47"
2026-09-30 09:53,"20,9",52,"10,7","1,19","9,47"
2026-09-30 09:54,"20,9",52,"10,7","1,19","9,47"
2026-09-30 09:55,"20,9",52,"10,7","1,19","9,47"
2026-09-30 09:56,"20,9",52,"10,7","1,19","9,47"
2026-09-30 09:57,"20,9",52,"10,7","1,19","9,47"
2026-09-30 09:58,"20,9",52,"10,7","1,19","9,47"
2026-09-30 09:59,"20,9",52,"10,7","1,19","9,47"
2026-09-30 10:00,"20,9",52,"10,7","1,19","9,47"
2026-09-30 10:01,"20,9",52,"10,7","1,19","9,47"
2026-09-30 10:02,"20,9",52,"10,7","1,19","9,47"
2026-09-30 10:03,"20,9",52,"10,7","1,19","9,47"
2026-09-30 10:04,"20,9",52,"10,7","1,19","9,47"
2026-09-30 10:05,"20,9",52,"10,7","1,19","9,47"
2026-09-30 10:06,"20,9",52,"10,7","1,19","9,47"
2026-09-30 10:07,"20,9",52,"10,7","1,19","9,47"
2026-09-30 10:08,"20,9",52,"10,7","1,19","9,47"
2026-09-30 10:09,"20,9",52,"10,7","1,19","9,47"
2026-09-30 10:10,"20,9",52,"10,7","1,19","9,47"
2026-09-30 10:11,"20,9",52,"10,7","1,19","9,47"
2026-09-30 10:12,"20,9",52,"10,7","1,19","9,47"
2026-09-30 10:13,"20,9",52,"10,7","1,19","9,47"
2026-09-30 10:14,"20,9",52,"10,7","1,19","9,47"
2026-09-30 10:15,"20,9",52,"10,7","1,19","9,47"
2026-09-30 10:16,"20,9",52,"10,7","1,19","9,47"
2026-09-30 10:17,"20,9",52,"10,7","1,19","9,47"
2026-09-30 10:18,"20,9",52,"10,7","1,19","9,47"
2026-09-30 10:19,"20,9",52,"10,7","1,19","9,47"
2026-09-30 10:20,"20,9",52,"10,7","1,19","9,47"
2026-09-30 10:21,"20,9",52,"10,7","1,19","9,47"
2026-09-30 10:22,"20,9",52,"10,7","1,19","9,47"
2026-09-30 10:23,"20,9",52,"10,7","1,19","9,47"
2026-09-30 10:24,"20,9",52,"10,7","1,19","9,47"
2026-09-30 10:25,"20,9",52,"10,7","1,19","9,47"
2026-09-30 10:26,"20,9",52,"10,7","1,19","9,47"
2026-09-30 10:27,"20,9",52,"10,7","1,19","9,47"
2026-09-30 10:28,"20,9",52,"10,7","1,19","9,47"
2026-09-30 10:29,"20,9",53,"11,0","1,16","9,65"
2026-09-30 10:30,"20,9",53,"11,0","1,16","9,65"
2026-09-30 10:31,"20,9",53,"11,0","1,16","9,65"
2026-09-30 10:32,"20,8",53,"10,9","1,16","9,62"
2026-09-30 10:33,"20,8",53,"10,9","1,15","9,60"
2026-09-30 10:34,"20,8",53,"10,9","1,15","9,60"
2026-09-30 10:35,"20,8",53,"10,9","1,15","9,60"
2026-09-30 10:36,"20,8",53,"10,9","1,15","9,60"
2026-09-30 10:37,"20,8",53,"10,9","1,15","9,60"
2026-09-30 10:38,"20,8",53,"10,9","1,15","9,60"
2026-09-30 10:39,"20,8",53,"10,9","1,15","9,60"
2026-09-30 10:40,"20,8",53,"10,9","1,15","9,60"
2026-09-30 10:41,"20,8",53,"10,9","1,15","9,60"
2026-09-30 10:42,"20,8",53,"10,9","1,15","9,60"
2026-09-30 10:43,"20,8",53,"10,9","1,15","9,60"
2026-09-30 10:44,"20,8",53,"10,9","1,15","9,60"
2026-09-30 10:45,"20,8",53,"10,9","1,15","9,60"
2026-09-30 10:46,"20,8",53,"10,9","1,15","9,60"
2026-09-30 10:47,"20,8",53,"10,9","1,15","9,60"
2026-09-30 10:48,"20,8",53,"10,9","1,15","9,60"
2026-09-30 10:49,"20,8",53,"10,9","1,15","9,60"
2026-09-30 10:50,"20,8",53,"10,9","1,15","9,60"
2026-09-30 10:51,"20,8",53,"10,9","1,15","9,60"
2026-09-30 10:52,"20,8",53,"10,9","1,15","9,60"
2026-09-30 10:53,"20,8",53,"10,9","1,15","9,60"
2026-09-30 10:54,"20,8",53,"10,9","1,15","9,60"
2026-09-30 10:55,"20,8",53,"10,9","1,15","9,60"
2026-09-30 10:56,"20,8",53,"10,9","1,15","9,60"
2026-09-30 10:57,"20,8",53,"10,9","1,15","9,60"
2026-09-30 10:58,"20,8",53,"10,9","1,15","9,60"
2026-09-30 10:59,"20,8",53,"10,9","1,15","9,60"
2026-09-30 11:00,"20,8",53,"10,9","1,15","9,60"
2026-09-30 11:01,"20,8",53,"10,9","1,15","9,60"
2026-09-30 11:02,"20,8",53,"10,9","1,15","9,60"
2026-09-30 11:03,"20,8",53,"10,9","1,15","9,60"
2026-09-30 11:04,"20,8",53,"10,9","1,15","9,60"
2026-09-30 11:05,"20,8",53,"10,9","1,15","9,60"
2026-09-30 11:06,"20,8",53,"10,9","1,15","9,60"
2026-09-30 11:07,"20,8",53,"10,9","1,15","9,60"
2026-09-30 11:08,"20,8",53,"10,9","1,15","9,60"
2026-09-30 11:09,"20,8",53,"10,9","1,15","9,60"
2026-09-30 11:10,"20,8",53,"10,9","1,15","9,60"
2026-09-30 11:11,"20,8",53,"10,9","1,15","9,60"
2026-09-30 11:12,"20,8",53,"10,9","1,15","9,60"
2026-09-30 11:13,"20,8",53,"10,9","1,15","9,60"
2026-09-30 11:14,"20,8",53,"10,9","1,15","9,60"
2026-09-30 11:15,"20,8",53,"10,9","1,15","9,60"
2026-09-30 11:16,"20,8",53,"10,9","1,15","9,60"
2026-09-30 11:17,"20,8",53,"10,9","1,15","9,60"
2026-09-30 11:18,"20,8",53,"10,9","1,15","9,60"
2026-09-30 11:19,"20,8",53,"10,9","1,15","9,60"
2026-09-30 11:20,"20,8",53,"10,9","1,15","9,60"
2026-09-30 11:21,"20,8",53,"10,9","1,15","9,60"
2026-09-30 11:22,"20,8",53,"10,9","1,15","9,60"
2026-09-30 11:23,"20,8",53,"10,9","1,15","9,60"
2026-09-30 11:24,"20,8",53,"10,9","1,15","9,60"
2026-09-30 11:25,"20,8",53,"10,9","1,15","9,60"
2026-09-30 11:26,"20,8",53,"10,9","1,15","9,60"
2026-09-30 11:27,"20,8",53,"10,9","1,15","9,60"
2026-09-30 11:28,"20,8",53,"10,9","1,15","9,60"
2026-09-30 11:29,"20,8",53,"10,9","1,15","9,60"
2026-09-30 11:30,"20,8",53,"10,9","1,15","9,60"
2026-09-30 11:31,"20,8",53,"10,9","1,15","9,60"
2026-09-30 11:32,"20,8",53,"10,9","1,15","9,60"
2026-09-30 11:33,"20,8",53,"10,9","1,15","9,60"
2026-09-30 11:34,"20,8",53,"10,9","1,15","9,60"
2026-09-30 11:35,"20,8",53,"10,9","1,15","9,60"
2026-09-30 11:36,"20,8",53,"10,9","1,15","9,60"
2026-09-30 11:37,"20,8",53,"10,9","1,15","9,60"
2026-09-30 11:38,"20,8",53,"10,9","1,15","9,60"
2026-09-30 11:39,"20,8",53,"10,9","1,15","9,60"
2026-09-30 11:40,"20,8",53,"10,9","1,15","9,60"
2026-09-30 11:41,"20,8",53,"10,9","1,15","9,60"
2026-09-30 11:42,"20,8",53,"10,8","1,15","9,57"
2026-09-30 11:43,"20,7",53,"10,8","1,15","9,54"
2026-09-30 11:44,"20,7",53,"10,8","1,15","9,54"
2026-09-30 11:45,"20,7",53,"10,8","1,15","9,54"
2026-09-30 11:46,"20,7",53,"10,8","1,15","9,54"
2026-09-30 11:47,"20,7",53,"10,8","1,15","9,54"
2026-09-30 11:48,"20,7",53,"10,8","1,15","9,54"
2026-09-30 11:49,"20,7",53,"10,8","1,15","9,54"
2026-09-30 11:50,"20,7",53,"10,8","1,15","9,54"
2026-09-30 11:51,"20,7",53,"10,8","1,15","9,54"
2026-09-30 11:52,"20,7",53,"10,8","1,15","9,54"
2026-09-30 11:53,"20,7",53,"10,8","1,15","9,54"
2026-09-30 11:54,"20,7",53,"10,8","1,15","9,54"
2026-09-30 11:55,"20,7",53,"10,8","1,15","9,54"
2026-09-30 11:56,"20,7",53,"10,8","1,15","9,54"
2026-09-30 11:57,"20,7",53,"10,8","1,15","9,54"
2026-09-30 11:58,"20,7",53,"10,8","1,15","9,54"
2026-09-30 11:59,"20,7",53,"10,8","1,15","9,54"
2026-09-30 12:00,"20,7",53,"10,8","1,15","9,54"
2026-09-30 12:01,"20,7",53,"10,8","1,15","9,54"
2026-09-30 12:02,"20,7",53,"10,8","1,15","9,54"
2026-09-30 12:03,"20,7",53,"10,8","1,15","9,54"
2026-09-30 12:04,"20,7",53,"10,8","1,15","9,54"
2026-09-30 12:05,"20,7",53,"10,8","1,15","9,54"
2026-09-30 12:06,"20,7",53,"10,8","1,15","9,54"
2026-09-30 12:07,"20,7",53,"10,8","1,15","9,54"
2026-09-30 12:08,"20,7",53,"10,8","1,15","9,54"
2026-09-30 12:09,"20,7",53,"10,8","1,15","9,54"
2026-09-30 12:10,"20,7",53,"10,8","1,15","9,54"
2026-09-30 12:11,"20,7",53,"10,8","1,15","9,54"
2026-09-30 12:12,"20,7",53,"10,8","1,15","9,54"
2026-09-30 12:13,"20,7",53,"10,8","1,15","9,54"
2026-09-30 12:14,"20,7",53,"10,8","1,15","9,54"
2026-09-30 12:15,"20,7",53,"10,8","1,15","9,54"
2026-09-30 12:16,"20,7",53,"10,8","1,15","9,54"
2026-09-30 12:17,"20,7",53,"10,8","1,15","9,54"
2026-09-30 12:18,"20,7",53,"10,7","1,14","9,51"
2026-09-30 12:19,"20,6",53,"10,7","1,14","9,49"
2026-09-30 12:20,"20,6",53,"10,7","1,14","9,49"
2026-09-30 12:21,"20,6",53,"10,7","1,14","9,49"
2026-09-30 12:22,"20,6",53,"10,7","1,14","9,49"
2026-09-30 12:23,"20,6",53,"10,7","1,14","9,49"
2026-09-30 12:24,"20,6",53,"10,7","1,14","9,49"
2026-09-30 12:25,"20,6",53,"10,7","1,14","9,49"
2026-09-30 12:26,"20,6",53,"10,7","1,14","9,49"
2026-09-30 12:27,"20,6",53,"10,7","1,14","9,49"
2026-09-30 12:28,"20,6",53,"10,7","1,14","9,49"
2026-09-30 12:29,"20,6",53,"10,7","1,14","9,49"
2026-09-30 12:30,"20,6",53,"10,7","1,14","9,49"
2026-09-30 12:31,"20,6",53,"10,7","1,14","9,49"
2026-09-30 12:32,"20,6",53,"10,7","1,14","9,49"
2026-09-30 12:33,"20,6",53,"10,7","1,14","9,49"
2026-09-30 12:34,"20,6",53,"10,7","1,14","9,49"
2026-09-30 12:35,"20,6",53,"10,7","1,14","9,49"
2026-09-30 12:36,"20,6",53,"10,7","1,14","9,49"
2026-09-30 12:37,"20,6",53,"10,7","1,14","9,49"
2026-09-30 12:38,"20,6",53,"10,7","1,14","9,49"
2026-09-30 12:39,"20,6",53,"10,7","1,14","9,49"
2026-09-30 12:40,"20,6",53,"10,7","1,14","9,49"
2026-09-30 12:41,"20,6",53,"10,7","1,14","9,49"
2026-09-30 12:42,"20,6",53,"10,7","1,14","9,49"
2026-09-30 12:43,"20,6",53,"10,7","1,14","9,49"
2026-09-30 12:44,"20,6",53,"10,7","1,14","9,49"
2026-09-30 12:45,"20,6",53,"10,7","1,14","9,49"
2026-09-30 12:46,"20,6",53,"10,7","1,14","9,49"
2026-09-30 12:47,"20,6",53,"10,7","1,14","9,49"
2026-09-30 12:48,"20,6",53,"10,7","1,14","9,49"
2026-09-30 12:49,"20,6",53,"10,7","1,14","9,49"
2026-09-30 12:50,"20,6",53,"10,7","1,14","9,49"
2026-09-30 12:51,"20,6",53,"10,7","1,14","9,49"
2026-09-30 12:52,"20,6",53,"10,7","1,14","9,49"
2026-09-30 12:53,"20,6",53,"10,7","1,14","9,49"
2026-09-30 12:54,"20,6",53,"10,7","1,14","9,49"
2026-09-30 12:55,"20,6",53,"10,7","1,14","9,49"
2026-09-30 12:56,"20,6",53,"10,7","1,14","9,49"
2026-09-30 12:57,"20,6",53,"10,7","1,14","9,49"
2026-09-30 12:58,"20,6",53,"10,7","1,14","9,49"
2026-09-30 12:59,"20,6",53,"10,7","1,14","9,49"
2026-09-30 13:00,"20,5",53,"10,6","1,14","9,46"
2026-09-30 13:01,"20,5",53,"10,6","1,13","9,43"
2026-09-30 13:02,"20,5",53,"10,6","1,13","9,43"
2026-09-30 13:03,"20,5",53,"10,6","1,13","9,43"
2026-09-30 13:04,"20,5",53,"10,6","1,13","9,43"
2026-09-30 13:05,"20,5",53,"10,6","1,13","9,43"
2026-09-30 13:06,"20,5",53,"10,6","1,13","9,43"
2026-09-30 13:07,"20,5",53,"10,6","1,13","9,43"
2026-09-30 13:08,"20,5",53,"10,6","1,13","9,43"
2026-09-30 13:09,"20,5",53,"10,6","1,13","9,43"
2026-09-30 13:10,"20,5",53,"10,6","1,13","9,43"
2026-09-30 13:11,"20,5",53,"10,6","1,13","9,43"
2026-09-30 13:12,"20,5",53,"10,6","1,13","9,43"
2026-09-30 13:13,"20,5",53,"10,6","1,13","9,43"
2026-09-30 13:14,"20,5",53,"10,6","1,13","9,43"
2026-09-30 13:15,"20,5",53,"10,6","1,13","9,43"
2026-09-30 13:16,"20,5",53,"10,6","1,13","9,43"
2026-09-30 13:17,"20,5",53,"10,6","1,13","9,43"
2026-09-30 13:18,"20,5",53,"10,6","1,13","9,43"
2026-09-30 13:19,"20,5",53,"10,6","1,13","9,43"
2026-09-30 13:20,"20,5",53,"10,6","1,13","9,43"
2026-09-30 13:21,"20,5",53,"10,6","1,13","9,43"
2026-09-30 13:22,"20,5",53,"10,6","1,13","9,43"
2026-09-30 13:23,"20,5",53,"10,6","1,13","9,43"
2026-09-30 13:24,"20,5",53,"10,6","1,13","9,43"
2026-09-30 13:25,"20,5",53,"10,6","1,13","9,43"
2026-09-30 13:26,"20,5",53,"10,6","1,13","9,43"
2026-09-30 13:27,"20,5",54,"10,9","1,11","9,61"
2026-09-30 13:28,"20,5",54,"10,9","1,11","9,61"
2026-09-30 13:29,"20,5",54,"10,9","1,11","9,61"
2026-09-30 13:30,"20,5",54,"10,9","1,11","9,61"
2026-09-30 13:31,"20,5",54,"10,9","1,11","9,61"
2026-09-30 13:32,"20,5",54,"10,9","1,11","9,61"
2026-09-30 13:33,"20,5",54,"10,9","1,11","9,61"
2026-09-30 13:34,"20,5",54,"10,9","1,11","9,61"
2026-09-30 13:35,"20,5",54,"10,9","1,11","9,61"
2026-09-30 13:36,"20,5",54,"10,9","1,11","9,61"
2026-09-30 13:37,"20,5",54,"10,9","1,11","9,61"
2026-09-30 13:38,"20,5",54,"10,9","1,11","9,61"
2026-09-30 13:39,"20,5",54,"10,9","1,11","9,61"
2026-09-30 13:40,"20,5",54,"10,9","1,11","9,61"
2026-09-30 13:41,"20,5",54,"10,9","1,11","9,61"
2026-09-30 13:42,"20,5",54,"10,9","1,11","9,61"
2026-09-30 13:43,"20,5",54,"10,9","1,11","9,61"
2026-09-30 13:44,"20,5",54,"10,9","1,11","9,61"
2026-09-30 13:45,"20,5",54,"10,9","1,11","9,61"
2026-09-30 13:46,"20,5",54,"10,9","1,11","9,61"
2026-09-30 13:47,"20,5",54,"10,9","1,11","9,61"
2026-09-30 13:48,"20,5",54,"10,9","1,11","9,61"
2026-09-30 13:49,"20,5",54,"10,9","1,11","9,61"
2026-09-30 13:50,"20,5",54,"10,9","1,11","9,61"
2026-09-30 13:51,"20,5",54,"10,9","1,11","9,61"
2026-09-30 13:52,"20,5",54,"10,9","1,11","9,61"
2026-09-30 13:53,"20,5",54,"10,9","1,11","9,61"
2026-09-30 13:54,"20,5",54,"10,9","1,11","9,61"
2026-09-30 13:55,"20,5",54,"10,9","1,11","9,61"
2026-09-30 13:56,"20,5",54,"10,9","1,11","9,61"
2026-09-30 13:57,"20,5",54,"10,9","1,11","9,61"
2026-09-30 13:58,"20,5",54,"10,9","1,11","9,61"
2026-09-30 13:59,"20,5",54,"10,9","1,11","9,61"
2026-09-30 14:00,"20,5",54,"10,9","1,11","9,61"
2026-09-30 14:01,"20,5",54,"10,9","1,11","9,61"
2026-09-30 14:02,"20,5",54,"10,9","1,11","9,61"
2026-09-30 14:03,"20,5",54,"10,9","1,11","9,61"
2026-09-30 14:04,"20,5",54,"10,9","1,11","9,61"
2026-09-30 14:05,"20,5",54,"10,9","1,11","9,61"
2026-09-30 14:06,"20,5",54,"10,9","1,11","9,61"
2026-09-30 14:07,"20,5",54,"10,9","1,11","9,61"
2026-09-30 14:08,"20,5",53,"10,6","1,13","9,43"
2026-09-30 14:09,"20,5",53,"10,6","1,13","9,43"
2026-09-30 14:10,"20,5",53,"10,6","1,13","9,43"
2026-09-30 14:11,"20,5",53,"10,6","1,13","9,43"
2026-09-30 14:12,"20,5",53,"10,6","1,13","9,43"
2026-09-30 14:13,"20,5",53,"10,6","1,13","9,43"
2026-09-30 14:14,"20,5",53,"10,6","1,13","9,43"
2026-09-30 14:15,"20,5",53,"10,6","1,13","9,43"
2026-09-30 14:16,"20,5",53,"10,6","1,13","9,43"
2026-09-30 14:17,"20,5",53,"10,6","1,13","9,43"
2026-09-30 14:18,"20,5",53,"10,6","1,13","9,43"
2026-09-30 14:19,"20,5",53,"10,6","1,13","9,43"
2026-09-30 14:20,"20,5",53,"10,6","1,13","9,43"
2026-09-30 14:21,"20,5",53,"10,6","1,13","9,43"
2026-09-30 14:22,"20,5",53,"10,6","1,13","9,43"
2026-09-30 14:23,"20,5",53,"10,6","1,13","9,43"
2026-09-30 14:24,"20,5",53,"10,6","1,13","9,43"
2026-09-30 14:25,"20,5",53,"10,6","1,13","9,43"
2026-09-30 14:26,"20,5",53,"10,6","1,13","9,43"
2026-09-30 14:27,"20,5",53,"10,6","1,13","9,43"
2026-09-30 14:28,"20,5",53,"10,6","1,13","9,43"
2026-09-30 14:29,"20,5",53,"10,6","1,13","9,43"
2026-09-30 14:30,"20,5",53,"10,6","1,13","9,43"
2026-09-30 14:31,"20,5",53,"10,6","1,13","9,43"
2026-09-30 14:32,"20,5",53,"10,6","1,13","9,43"
2026-09-30 14:33,"20,5",53,"10,6","1,13","9,43"
2026-09-30 14:34,"20,5",53,"10,6","1,13","9,43"
2026-09-30 14:35,"20,5",53,"10,6","1,13","9,43"
2026-09-30 14:36,"20,5",53,"10,6","1,13","9,43"
2026-09-30 14:37,"20,5",53,"10,6","1,13","9,43"
2026-09-30 14:38,"20,5",53,"10,6","1,13","9,43"
2026-09-30 14:39,"20,5",53,"10,6","1,13","9,43"
2026-09-30 14:40,"20,5",53,"10,6","1,13","9,43"
2026-09-30 14:41,"20,5",53,"10,6","1,13","9,43"
2026-09-30 14:42,"20,5",53,"10,6","1,13","9,43"
2026-09-30 14:43,"20,5",53,"10,6","1,13","9,43"
2026-09-30 14:44,"20,5",53,"10,6","1,13","9,43"
2026-09-30 14:45,"20,5",53,"10,6","1,13","9,43"
2026-09-30 14:46,"20,5",53,"10,6","1,13","9,43"
2026-09-30 14:47,"20,5",53,"10,6","1,13","9,43"
2026-09-30 14:48,"20,5",53,"10,6","1,13","9,43"
2026-09-30 14:49,"20,5",53,"10,6","1,13","9,43"
2026-09-30 14:50,"20,5",53,"10,6","1,13","9,43"
2026-09-30 14:51,"20,5",53,"10,6","1,13","9,43"
2026-09-30 14:52,"20,5",53,"10,6","1,13","9,43"
2026-09-30 14:53,"20,5",53,"10,6","1,13","9,43"
2026-09-30 14:54,"20,5",53,"10,6","1,13","9,43"
2026-09-30 14:55,"20,5",53,"10,6","1,13","9,43"
2026-09-30 14:56,"20,5",53,"10,6","1,13","9,43"
2026-09-30 14:57,"20,5",53,"10,6","1,13","9,43"
2026-09-30 14:58,"20,5",53,"10,6","1,13","9,43"
2026-09-30 14:59,"20,5",53,"10,6","1,13","9,43"
2026-09-30 15:00,"20,5",53,"10,6","1,13","9,43"
2026-09-30 15:01,"20,5",53,"10,6","1,13","9,43"
2026-09-30 15:02,"20,5",53,"10,6","1,13","9,43"
2026-09-30 15:03,"20,5",53,"10,6","1,13","9,43"
2026-09-30 15:04,"20,5",53,"10,6","1,13","9,43"
2026-09-30 15:05,"20,5",53,"10,6","1,13","9,43"
2026-09-30 15:06,"20,5",53,"10,6","1,13","9,43"
2026-09-30 15:07,"20,5",53,"10,6","1,13","9,43"
2026-09-30 15:08,"20,5",53,"10,6","1,13","9,43"
2026-09-30 15:09,"20,5",53,"10,6","1,13","9,43"
2026-09-30 15:10,"20,5",53,"10,6","1,13","9,43"
2026-09-30 15:11,"20,5",53,"10,6","1,13","9,43"
2026-09-30 15:12,"20,5",53,"10,6","1,13","9,43"
2026-09-30 15:13,"20,5",53,"10,6","1,13","9,43"
2026-09-30 15:14,"20,5",53,"10,6","1,13","9,43"
2026-09-30 15:15,"20,5",53,"10,6","1,13","9,43"
2026-09-30 15:16,"20,5",53,"10,6","1,13","9,43"
2026-09-30 15:17,"20,5",53,"10,6","1,13","9,43"
2026-09-30 15:18,"20,5",53,"10,6","1,14","9,46"
2026-09-30 15:19,"20,6",53,"10,7","1,14","9,49"
2026-09-30 15:20,"20,6",53,"10,7","1,14","9,49"
2026-09-30 15:21,"20,6",53,"10,7","1,14","9,49"
2026-09-30 15:22,"20,6",53,"10,7","1,14","9,49"
2026-09-30 15:23,"20,6",53,"10,7","1,14","9,49"
2026-09-30 15:24,"20,6",53,"10,7","1,14","9,49"
2026-09-30 15:25,"20,6",53,"10,7","1,14","9,49"
2026-09-30 15:26,"20,6",53,"10,7","1,14","9,49"
2026-09-30 15:27,"20,6",53,"10,7","1,14","9,49"
2026-09-30 15:28,"20,6",53,"10,7","1,14","9,49"
2026-09-30 15:29,"20,6",53,"10,7","1,14","9,49"
2026-09-30 15:30,"20,6",53,"10,7","1,14","9,49"
2026-09-30 15:31,"20,6",53,"10,7","1,14","9,49"
2026-09-30 15:32,"20,6",53,"10,7","1,14","9,49"
2026-09-30 15:33,"20,6",53,"10,7","1,14","9,49"
2026-09-30 15:34,"20,6",53,"10,7","1,14","9,49"
2026-09-30 15:35,"20,6",53,"10,7","1,14","9,49"
2026-09-30 15:36,"20,6",53,"10,7","1,14","9,49"
2026-09-30 15:37,"20,6",53,"10,7","1,14","9,49"
2026-09-30 15:38,"20,6",53,"10,7","1,14","9,49"
2026-09-30 15:39,"20,6",53,"10,7","1,14","9,49"
2026-09-30 15:40,"20,6",53,"10,7","1,14","9,49"
2026-09-30 15:41,"20,6",53,"10,7","1,14","9,49"
2026-09-30 15:42,"20,6",53,"10,7","1,14","9,49"
2026-09-30 15:43,"20,6",53,"10,7","1,14","9,49"
2026-09-30 15:44,"20,6",53,"10,7","1,14","9,49"
2026-09-30 15:45,"20,6",53,"10,7","1,14","9,49"
2026-09-30 15:46,"20,6",53,"10,7","1,14","9,49"
2026-09-30 15:47,"20,6",53,"10,7","1,14","9,49"
2026-09-30 15:48,"20,6",53,"10,7","1,14","9,49"
2026-09-30 15:49,"20,6",53,"10,7","1,14","9,49"
2026-09-30 15:50,"20,6",53,"10,7","1,14","9,49"
2026-09-30 15:51,"20,6",53,"10,7","1,14","9,49"
2026-09-30 15:52,"20,6",53,"10,7","1,14","9,49"
2026-09-30 15:53,"20,6",53,"10,7","1,14","9,49"
2026-09-30 15:54,"20,6",53,"10,7","1,14","9,49"
2026-09-30 15:55,"20,6",53,"10,7","1,14","9,49"
2026-09-30 15:56,"20,6",53,"10,7","1,14","9,49"
2026-09-30 15:57,"20,6",53,"10,7","1,14","9,49"
2026-09-30 15:58,"20,6",53,"10,7","1,14","9,49"
2026-09-30 15:59,"20,6",53,"10,7","1,14","9,49"
2026-09-30 16:00,"20,6",53,"10,7","1,14","9,49"
2026-09-30 16:01,"20,6",53,"10,7","1,14","9,49"
2026-09-30 16:02,"20,6",53,"10,7","1,14","9,49"
2026-09-30 16:03,"20,6",53,"10,7","1,14","9,49"
2026-09-30 16:04,"20,6",53,"10,7","1,14","9,49"
2026-09-30 16:05,"20,6",53,"10,7","1,14","9,49"
2026-09-30 16:06,"20,6",53,"10,7","1,14","9,49"
2026-09-30 16:07,"20,6",53,"10,7","1,14","9,49"
2026-09-30 16:08,"20,6",53,"10,7","1,14","9,49"
2026-09-30 16:09,"20,6",53,"10,7","1,14","9,49"
2026-09-30 16:10,"20,6",53,"10,7","1,14","9,49"
2026-09-30 16:11,"20,6",53,"10,7","1,14","9,49"
2026-09-30 16:12,"20,6",53,"10,7","1,14","9,49"
2026-09-30 16:13,"20,6",53,"10,7","1,14","9,49"
2026-09-30 16:14,"20,6",53,"10,7","1,14","9,49"
2026-09-30 16:15,"20,6",53,"10,7","1,14","9,49"
2026-09-30 16:16,"20,6",53,"10,7","1,14","9,49"
2026-09-30 16:17,"20,6",53,"10,7","1,14","9,49"
2026-09-30 16:18,"20,6",53,"10,7","1,14","9,49"
2026-09-30 16:19,"20,6",53,"10,7","1,14","9,49"
2026-09-30 16:20,"20,6",53,"10,7","1,14","9,49"
2026-09-30 16:21,"20,6",53,"10,7","1,14","9,49"
2026-09-30 16:22,"20,6",53,"10,7","1,14","9,49"
2026-09-30 16:23,"20,6",53,"10,7","1,14","9,49"
2026-09-30 16:24,"20,6",53,"10,7","1,14","9,49"
2026-09-30 16:25,"20,6",53,"10,7","1,14","9,49"
2026-09-30 16:26,"20,6",53,"10,7","1,14","9,49"
2026-09-30 16:27,"20,6",53,"10,7","1,14","9,49"
2026-09-30 16:28,"20,6",53,"10,7","1,14","9,49"
2026-09-30 16:29,"20,6",53,"10,7","1,14","9,49"
2026-09-30 16:30,"20,6",53,"10,7","1,14","9,49"
2026-09-30 16:31,"20,6",53,"10,7","1,14","9,49"
2026-09-30 16:32,"20,6",53,"10,7","1,14","9,49"
2026-09-30 16:33,"20,6",53,"10,7","1,14","9,49"
2026-09-30 16:34,"20,6",53,"10,7","1,14","9,49"
2026-09-30 16:35,"20,6",53,"10,7","1,14","9,49"
2026-09-30 16:36,"20,6",53,"10,7","1,14","9,49"
2026-09-30 16:37,"20,6",53,"10,7","1,14","9,49"
2026-09-30 16:38,"20,6",53,"10,7","1,14","9,49"
2026-09-30 16:39,"20,6",53,"10,7","1,14","9,49"
2026-09-30 16:40,"20,6",53,"10,7","1,14","9,49"
2026-09-30 16:41,"20,6",53,"10,7","1,14","9,49"
2026-09-30 16:42,"20,6",53,"10,7","1,14","9,49"
2026-09-30 16:43,"20,6",53,"10,7","1,14","9,49"
2026-09-30 16:44,"20,6",53,"10,7","1,14","9,49"
2026-09-30 16:45,"20,6",53,"10,7","1,14","9,49"
2026-09-30 16:46,"20,6",53,"10,7","1,14","9,49"
2026-09-30 16:47,"20,6",53,"10,7","1,14","9,49"
2026-09-30 16:48,"20,6",53,"10,7","1,14","9,49"
2026-09-30 16:49,"20,6",53,"10,7","1,14","9,49"
2026-09-30 16:50,"20,6",53,"10,7","1,14","9,49"
2026-09-30 16:51,"20,6",53,"10,7","1,14","9,49"
2026-09-30 16:52,"20,6",53,"10,7","1,14","9,49"
2026-09-30 16:53,"20,6",53,"10,7","1,14","9,49"
2026-09-30 16:54,"20,6",53,"10,7","1,14","9,49"
2026-09-30 16:55,"20,6",53,"10,7","1,14","9,49"
2026-09-30 16:56,"20,6",53,"10,7","1,14","9,49"
2026-09-30 16:57,"20,6",53,"10,7","1,14","9,49"
2026-09-30 16:58,"20,6",53,"10,7","1,14","9,49"
2026-09-30 16:59,"20,6",53,"10,7","1,14","9,49"
2026-09-30 17:00,"20,6",53,"10,7","1,14","9,49"
2026-09-30 17:01,"20,6",53,"10,7","1,14","9,49"
2026-09-30 17:02,"20,6",53,"10,7","1,14","9,49"
2026-09-30 17:03,"20,6",53,"10,7","1,14","9,49"
2026-09-30 17:04,"20,6",53,"10,7","1,14","9,49"
2026-09-30 17:05,"20,6",53,"10,7","1,14","9,49"
2026-09-30 17:06,"20,6",53,"10,7","1,14","9,49"
2026-09-30 17:07,"20,6",53,"10,7","1,14","9,49"
2026-09-30 17:08,"20,6",53,"10,7","1,14","9,49"
2026-09-30 17:09,"20,6",53,"10,7","1,14","9,49"
2026-09-30 17:10,"20,6",53,"10,7","1,14","9,49"
2026-09-30 17:11,"20,6",53,"10,7","1,14","9,49"
2026-09-30 17:12,"20,6",53,"10,7","1,14","9,49"
2026-09-30 17:13,"20,6",53,"10,7","1,14","9,49"
2026-09-30 17:14,"20,6",53,"10,7","1,14","9,49"
2026-09-30 17:15,"20,6",53,"10,7","1,14","9,49"
2026-09-30 17:16,"20,6",53,"10,7","1,14","9,49"
2026-09-30 17:17,"20,6",53,"10,7","1,14","9,49"
2026-09-30 17:18,"20,6",53,"10,7","1,14","9,49"
2026-09-30 17:19,"20,6",53,"10,7","1,14","9,49"
2026-09-30 17:20,"20,6",53,"10,7","1,14","9,49"
2026-09-30 17:21,"20,6",53,"10,7","1,14","9,49"
2026-09-30 17:22,"20,6",53,"10,7","1,14","9,49"
2026-09-30 17:23,"20,6",53,"10,7","1,14","9,49"
2026-09-30 17:24,"20,6",53,"10,7","1,14","9,49"
2026-09-30 17:25,"20,6",53,"10,7","1,14","9,49"
2026-09-30 17:26,"20,6",53,"10,7","1,14","9,49"
2026-09-30 17:27,"20,6",53,"10,7","1,14","9,49"
2026-09-30 17:28,"20,6",53,"10,7","1,14","9,49"
2026-09-30 17:29,"20,6",53,"10,7","1,14","9,49"
2026-09-30 17:30,"20,6",53,"10,7","1,14","9,49"
2026-09-30 17:31,"20,6",53,"10,7","1,14","9,49"
2026-09-30 17:32,"20,6",53,"10,7","1,14","9,49"
2026-09-30 17:33,"20,6",53,"10,7","1,14","9,49"
2026-09-30 17:34,"20,6",53,"10,7","1,14","9,49"
2026-09-30 17:35,"20,6",53,"10,7","1,14","9,49"
2026-09-30 17:36,"20,6",53,"10,7","1,14","9,49"
2026-09-30 17:37,"20,6",53,"10,7","1,14","9,49"
2026-09-30 17:38,"20,6",53,"10,7","1,14","9,49"
2026-09-30 17:39,"20,6",53,"10,7","1,14","9,49"
2026-09-30 17:40,"20,6",53,"10,7","1,14","9,49"
2026-09-30 17:41,"20,6",53,"10,7","1,14","9,49"
2026-09-30 17:42,"20,6",53,"10,7","1,14","9,49"
2026-09-30 17:43,"20,6",53,"10,7","1,14","9,49"
2026-09-30 17:44,"20,6",53,"10,7","1,14","9,49"
2026-09-30 17:45,"20,6",53,"10,7","1,14","9,49"
2026-09-30 17:46,"20,6",53,"10,7","1,14","9,49"
2026-09-30 17:47,"20,6",53,"10,7","1,14","9,49"
2026-09-30 17:48,"20,6",53,"10,7","1,14","9,49"
2026-09-30 17:49,"20,6",53,"10,7","1,14","9,49"
2026-09-30 17:50,"20,6",53,"10,7","1,14","9,49"
2026-09-30 17:51,"20,6",53,"10,7","1,14","9,49"
2026-09-30 17:52,"20,6",53,"10,7","1,14","9,49"
2026-09-30 17:53,"20,6",53,"10,7","1,14","9,49"
2026-09-30 17:54,"20,6",53,"10,7","1,14","9,49"
2026-09-30 17:55,"20,6",53,"10,7","1,14","9,49"
2026-09-30 17:56,"20,6",53,"10,7","1,14","9,49"
2026-09-30 17:57,"20,6",53,"10,7","1,14","9,49"
2026-09-30 17:58,"20,6",53,"10,7","1,14","9,49"
2026-09-30 17:59,"20,6",53,"10,7","1,14","9,49"
2026-09-30 18:00,"20,6",53,"10,7","1,14","9,49"
2026-09-30 18:01,"20,6",53,"10,7","1,14","9,49"
2026-09-30 18:02,"20,6",53,"10,7","1,14","9,49"
2026-09-30 18:03,"20,6",53,"10,7","1,14","9,49"
2026-09-30 18:04,"20,5",53,"10,6","1,14","9,46"
2026-09-30 18:05,"20,5",53,"10,6","1,13","9,43"
2026-09-30 18:06,"20,5",52,"10,3","1,16","9,25"
2026-09-30 18:07,"20,5",52,"10,3","1,16","9,25"
2026-09-30 18:08,"20,5",52,"10,3","1,16","9,25"
2026-09-30 18:09,"20,5",52,"10,3","1,16","9,25"
2026-09-30 18:10,"20,5",52,"10,3","1,16","9,25"
2026-09-30 18:11,"20,5",52,"10,3","1,16","9,25"
2026-09-30 18:12,"20,5",52,"10,3","1,16","9,25"
2026-09-30 18:13,"20,5",52,"10,3","1,16","9,25"
2026-09-30 18:14,"20,5",52,"10,3","1,16","9,25"
2026-09-30 18:15,"20,5",52,"10,3","1,16","9,25"
2026-09-30 18:16,"20,5",52,"10,3","1,16","9,25"
2026-09-30 18:17,"20,5",52,"10,3","1,16","9,25"
2026-09-30 18:18,"20,5",52,"10,3","1,16","9,25"
2026-09-30 18:19,"20,5",52,"10,3","1,16","9,25"
2026-09-30 18:20,"20,5",52,"10,3","1,16","9,25"
2026-09-30 18:21,"20,5",53,"10,6","1,13","9,43"
2026-09-30 18:22,"20,5",53,"10,6","1,13","9,43"
2026-09-30 18:23,"20,5",53,"10,6","1,13","9,43"
2026-09-30 18:24,"20,5",53,"10,6","1,13","9,43"
2026-09-30 18:25,"20,5",53,"10,6","1,13","9,43"
2026-09-30 18:26,"20,5",53,"10,6","1,13","9,43"
2026-09-30 18:27,"20,5",53,"10,6","1,13","9,43"
2026-09-30 18:28,"20,5",53,"10,6","1,13","9,43"
2026-09-30 18:29,"20,5",53,"10,6","1,13","9,43"
2026-09-30 18:30,"20,5",53,"10,6","1,13","9,43"
2026-09-30 18:31,"20,5",53,"10,6","1,13","9,43"
2026-09-30 18:32,"20,5",53,"10,6","1,13","9,43"
2026-09-30 18:33,"20,5",53,"10,6","1,13","9,43"
2026-09-30 18:34,"20,5",53,"10,6","1,13","9,43"
2026-09-30 18:35,"20,5",53,"10,6","1,13","9,43"
2026-09-30 18:36,"20,5",53,"10,6","1,13","9,43"
2026-09-30 18:37,"20,5",53,"10,6","1,13","9,43"
2026-09-30 18:38,"20,5",53,"10,6","1,13","9,43"
2026-09-30 18:39,"20,5",53,"10,6","1,13","9,43"
2026-09-30 18:40,"20,5",53,"10,6","1,13","9,43"
2026-09-30 18:41,"20,5",53,"10,6","1,13","9,43"
2026-09-30 18:42,"20,5",53,"10,6","1,13","9,43"
2026-09-30 18:43,"20,5",53,"10,6","1,13","9,43"
2026-09-30 18:44,"20,5",53,"10,6","1,13","9,43"
2026-09-30 18:45,"20,5",53,"10,6","1,13","9,43"
2026-09-30 18:46,"20,5",53,"10,6","1,13","9,43"
2026-09-30 18:47,"20,5",53,"10,6","1,13","9,43"
2026-09-30 18:48,"20,5",53,"10,6","1,13","9,43"
2026-09-30 18:49,"20,5",53,"10,6","1,13","9,43"
2026-09-30 18:50,"20,5",53,"10,6","1,14","9,46"
2026-09-30 18:51,"20,6",53,"10,7","1,14","9,49"
2026-09-30 18:52,"20,6",53,"10,7","1,14","9,49"
2026-09-30 18:53,"20,6",53,"10,7","1,14","9,49"
2026-09-30 18:54,"20,6",53,"10,7","1,14","9,49"
2026-09-30 18:55,"20,6",53,"10,7","1,14","9,49"
2026-09-30 18:56,"20,6",53,"10,7","1,14","9,49"
2026-09-30 18:57,"20,6",53,"10,7","1,14","9,49"
2026-09-30 18:58,"20,6",53,"10,7","1,14","9,49"
2026-09-30 18:59,"20,6",53,"10,7","1,14","9,49"
2026-09-30 19:00,"20,6",53,"10,7","1,14","9,49"
2026-09-30 19:01,"20,6",53,"10,7","1,14","9,49"
2026-09-30 19:02,"20,6",53,"10,7","1,14","9,49"
2026-09-30 19:03,"20,6",53,"10,7","1,14","9,49"
2026-09-30 19:04,"20,6",53,"10,7","1,14","9,49"
2026-09-30 19:05,"20,6",53,"10,7","1,14","9,49"
2026-09-30 19:06,"20,6",53,"10,7","1,14","9,49"
2026-09-30 19:07,"20,6",53,"10,7","1,14","9,49"
2026-09-30 19:08,"20,6",53,"10,7","1,14","9,49"
2026-09-30 19:09,"20,6",53,"10,7","1,14","9,49"
2026-09-30 19:10,"20,6",53,"10,7","1,14","9,49"
2026-09-30 19:11,"20,6",53,"10,7","1,14","9,49"
2026-09-30 19:12,"20,6",53,"10,7","1,14","9,49"
2026-09-30 19:13,"20,6",53,"10,7","1,14","9,49"
2026-09-30 19:14,"20,6",53,"10,7","1,14","9,49"
2026-09-30 19:15,"20,6",53,"10,7","1,14","9,49"
2026-09-30 19:16,"20,6",53,"10,7","1,14","9,49"
2026-09-30 19:17,"20,6",53,"10,7","1,14","9,49"
2026-09-30 19:18,"20,6",53,"10,7","1,14","9,49"
2026-09-30 19:19,"20,6",53,"10,7","1,14","9,49"
2026-09-30 19:20,"20,6",53,"10,7","1,14","9,49"
2026-09-30 19:21,"20,6",53,"10,7","1,14","9,49"
2026-09-30 19:22,"20,6",53,"10,7","1,14","9,49"
2026-09-30 19:23,"20,6",53,"10,7","1,14","9,49"
2026-09-30 19:24,"20,6",53,"10,7","1,14","9,49"
2026-09-30 19:25,"20,6",53,"10,7","1,14","9,49"
2026-09-30 19:26,"20,6",53,"10,7","1,14","9,49"
2026-09-30 19:27,"20,6",53,"10,7","1,14","9,49"
2026-09-30 19:28,"20,6",53,"10,7","1,14","9,49"
2026-09-30 19:29,"20,6",53,"10,7","1,14","9,49"
2026-09-30 19:30,"20,6",53,"10,7","1,14","9,49"
2026-09-30 19:31,"20,6",53,"10,7","1,14","9,49"
2026-09-30 19:32,"20,6",53,"10,7","1,14","9,49"
2026-09-30 19:33,"20,6",53,"10,7","1,14","9,49"
2026-09-30 19:34,"20,6",53,"10,7","1,14","9,49"
2026-09-30 19:35,"20,6",53,"10,7","1,14","9,49"
2026-09-30 19:36,"20,6",53,"10,7","1,14","9,49"
2026-09-30 19:37,"20,6",53,"10,7","1,14","9,49"
2026-09-30 19:38,"20,6",53,"10,7","1,14","9,49"
2026-09-30 19:39,"20,6",53,"10,7","1,14","9,49"
2026-09-30 19:40,"20,6",52,"10,4","1,16","9,31"
2026-09-30 19:41,"20,6",52,"10,4","1,16","9,31"
2026-09-30 19:42,"20,6",52,"10,4","1,16","9,31"
2026-09-30 19:43,"20,6",52,"10,4","1,16","9,31"
2026-09-30 19:44,"20,6",52,"10,4","1,16","9,31"
2026-09-30 19:45,"20,6",52,"10,4","1,16","9,31"
2026-09-30 19:46,"20,7",52,"10,4","1,17","9,33"
2026-09-30 19:47,"20,7",52,"10,5","1,17","9,36"
2026-09-30 19:48,"20,7",52,"10,5","1,17","9,36"
2026-09-30 19:49,"20,7",52,"10,5","1,17","9,36"
2026-09-30 19:50,"20,7",52,"10,5","1,17","9,36"
2026-09-30 19:51,"20,7",52,"10,5","1,17","9,36"
2026-09-30 19:52,"20,7",52,"10,5","1,17","9,36"
2026-09-30 19:53,"20,7",53,"10,8","1,15","9,54"
2026-09-30 19:54,"20,7",53,"10,8","1,15","9,54"
2026-09-30 19:55,"20,7",53,"10,8","1,15","9,54"
2026-09-30 19:56,"20,7",52,"10,5","1,17","9,36"
2026-09-30 19:57,"20,7",52,"10,5","1,17","9,36"
2026-09-30 19:58,"20,7",52,"10,5","1,17","9,36"
2026-09-30 19:59,"20,7",52,"10,5","1,17","9,36"
2026-09-30 20:00,"20,7",52,"10,5","1,17","9,36"
2026-09-30 20:01,"20,7",52,"10,5","1,17","9,36"
2026-09-30 20:02,"20,7",52,"10,5","1,17","9,36"
2026-09-30 20:03,"20,7",52,"10,5","1,17","9,36"
2026-09-30 20:04,"20,7",52,"10,5","1,17","9,36"
2026-09-30 20:05,"20,7",52,"10,5","1,17","9,36"
2026-09-30 20:06,"20,8",52,"10,5","1,18","9,39"
2026-09-30 20:07,"20,8",52,"10,6","1,18","9,42"
2026-09-30 20:08,"20,8",52,"10,6","1,18","9,42"
2026-09-30 20:09,"20,8",52,"10,6","1,18","9,42"
2026-09-30 20:10,"20,8",54,"11,1","1,13","9,78"
2026-09-30 20:11,"20,8",56,"11,7","1,08","10,14"
2026-09-30 20:12,"20,8",57,"12,0","1,06","10,32"
2026-09-30 20:13,"20,8",59,"12,5","1,01","10,68"
2026-09-30 20:14,"20,8",59,"12,5","1,01","10,71"
2026-09-30 20:15,"20,9",59,"12,6","1,01","10,75"
2026-09-30 20:16,"20,9",59,"12,6","1,01","10,75"
2026-09-30 20:17,"20,9",59,"12,6","1,01","10,75"
2026-09-30 20:18,"21,0",59,"12,6","1,02","10,78"
2026-09-30 20:19,"21,0",59,"12,7","1,02","10,81"
2026-09-30 20:20,"21,0",60,"13,0","1,00","11,02"
2026-09-30 20:21,"21,1",62,"13,5","0,95","11,42"
2026-09-30 20:22,"21,1",62,"13,5","0,95","11,42"
2026-09-30 20:23,"21,1",62,"13,5","0,95","11,42"
2026-09-30 20:24,"21,2",62,"13,6","0,95","11,46"
2026-09-30 20:25,"21,2",62,"13,6","0,96","11,49"
2026-09-30 20:26,"21,3",63,"13,9","0,93","11,71"
2026-09-30 20:27,"21,3",64,"14,2","0,91","11,93"
2026-09-30 20:28,"21,3",64,"14,2","0,91","11,93"
2026-09-30 20:29,"21,3",64,"14,2","0,91","11,93"
2026-09-30 20:30,"21,3",64,"14,2","0,91","11,93"
2026-09-30 20:31,"21,3",64,"14,2","0,91","11,93"
2026-09-30 20:32,"21,3",65,"14,5","0,89","12,12"
2026-09-30 20:33,"21,3",67,"14,9","0,84","12,49"
2026-09-30 20:34,"21,3",67,"15,0","0,84","12,52"
2026-09-30 20:35,"21,4",67,"15,0","0,84","12,56"
2026-09-30 20:36,"21,4",66,"14,8","0,87","12,37"
2026-09-30 20:37,"21,4",65,"14,5","0,89","12,19"
2026-09-30 20:38,"21,4",65,"14,5","0,89","12,19"
2026-09-30 20:39,"21,4",65,"14,5","0,89","12,19"
2026-09-30 20:40,"21,4",64,"14,3","0,92","12,00"
2026-09-30 20:41,"21,4",64,"14,3","0,92","12,00"
2026-09-30 20:42,"21,4",64,"14,3","0,92","12,00"
2026-09-30 20:43,"21,4",64,"14,3","0,92","12,00"
2026-09-30 20:44,"21,4",63,"14,1","0,94","11,81"
2026-09-30 20:45,"21,4",63,"14,1","0,94","11,81"
2026-09-30 20:46,"21,4",63,"14,1","0,94","11,81"
2026-09-30 20:47,"21,4",63,"14,1","0,94","11,81"
2026-09-30 20:48,"21,4",63,"14,1","0,94","11,81"
2026-09-30 20:49,"21,4",63,"14,1","0,94","11,81"
2026-09-30 20:50,"21,4",63,"14,1","0,94","11,81"
2026-09-30 20:51,"21,4",63,"14,1","0,94","11,81"
2026-09-30 20:52,"21,4",62,"13,8","0,97","11,62"
2026-09-30 20:53,"21,4",62,"13,8","0,97","11,62"
2026-09-30 20:54,"21,4",62,"13,8","0,97","11,62"
2026-09-30 20:55,"21,4",62,"13,8","0,97","11,62"
2026-09-30 20:56,"21,4",61,"13,6","0,99","11,44"
2026-09-30 20:57,"21,4",61,"13,6","0,99","11,44"
2026-09-30 20:58,"21,3",61,"13,5","0,99","11,40"
2026-09-30 20:59,"21,3",61,"13,5","0,99","11,37"
2026-09-30 21:00,"21,3",61,"13,5","0,99","11,37"
2026-09-30 21:01,"21,3",61,"13,5","0,99","11,37"
2026-09-30 21:02,"21,3",60,"13,2","1,01","11,18"
2026-09-30 21:03,"21,3",60,"13,2","1,01","11,18"
2026-09-30 21:04,"21,3",60,"13,2","1,01","11,18"
2026-09-30 21:05,"21,3",60,"13,2","1,01","11,18"
2026-09-30 21:06,"21,3",60,"13,2","1,01","11,18"
2026-09-30 21:07,"21,3",60,"13,2","1,01","11,18"
2026-09-30 21:08,"21,3",60,"13,2","1,01","11,18"
2026-09-30 21:09,"21,3",60,"13,2","1,01","11,18"
2026-09-30 21:10,"21,3",59,"13,0","1,04","11,00"
2026-09-30 21:11,"21,3",59,"13,0","1,04","11,00"
2026-09-30 21:12,"21,3",59,"13,0","1,04","11,00"
2026-09-30 21:13,"21,3",59,"13,0","1,04","11,00"
2026-09-30 21:14,"21,3",59,"13,0","1,04","11,00"
2026-09-30 21:15,"21,3",59,"13,0","1,04","11,00"
2026-09-30 21:16,"21,3",59,"12,9","1,04","10,97"
2026-09-30 21:17,"21,2",59,"12,9","1,03","10,93"
2026-09-30 21:18,"21,2",59,"12,9","1,03","10,93"
2026-09-30 21:19,"21,2",59,"12,9","1,03","10,93"
2026-09-30 21:20,"21,2",59,"12,9","1,03","10,93"
2026-09-30 21:21,"21,2",59,"12,9","1,03","10,93"
2026-09-30 21:22,"21,2",59,"12,9","1,03","10,93"
2026-09-30 21:23,"21,2",59,"12,9","1,03","10,93"
2026-09-30 21:24,"21,2",59,"12,9","1,03","10,93"
2026-09-30 21:25,"21,2",59,"12,9","1,03","10,93"
2026-09-30 21:26,"21,2",59,"12,9","1,03","10,93"
2026-09-30 21:27,"21,2",59,"12,9","1,03","10,93"
2026-09-30 21:28,"21,2",59,"12,9","1,03","10,93"
2026-09-30 21:29,"21,2",59,"12,9","1,03","10,93"
2026-09-30 21:30,"21,2",59,"12,8","1,03","10,90"
2026-09-30 21:31,"21,1",59,"12,8","1,03","10,87"
2026-09-30 21:32,"21,1",59,"12,8","1,03","10,87"
2026-09-30 21:33,"21,1",59,"12,8","1,03","10,87"
2026-09-30 21:34,"21,1",59,"12,8","1,03","10,87"
2026-09-30 21:35,"21,1",59,"12,8","1,03","10,87"
2026-09-30 21:36,"21,1",59,"12,8","1,03","10,87"
2026-09-30 21:37,"21,1",59,"12,8","1,03","10,87"
2026-09-30 21:38,"21,1",59,"12,8","1,03","10,87"
2026-09-30 21:39,"21,1",59,"12,8","1,03","10,87"
2026-09-30 21:40,"21,1",59,"12,8","1,03","10,87"
2026-09-30 21:41,"21,1",59,"12,8","1,03","10,87"
2026-09-30 21:42,"21,0",59,"12,7","1,02","10,84"
2026-09-30 21:43,"21,0",59,"12,7","1,02","10,81"
2026-09-30 21:44,"21,0",59,"12,7","1,02","10,81"
2026-09-30 21:45,"21,0",59,"12,7","1,02","10,81"
2026-09-30 21:46,"21,0",59,"12,7","1,02","10,81"
2026-09-30 21:47,"21,0",60,"12,9","0,99","10,99"
2026-09-30 21:48,"21,0",60,"12,9","0,99","10,99"
2026-09-30 21:49,"21,0",60,"12,9","0,99","10,99"
2026-09-30 21:50,"21,0",60,"12,9","0,99","10,99"
2026-09-30 21:51,"21,0",60,"12,9","0,99","10,99"
2026-09-30 21:52,"21,0",59,"12,7","1,02","10,81"
2026-09-30 21:53,"21,0",58,"12,4","1,04","10,62"
2026-09-30 21:54,"21,0",58,"12,4","1,04","10,62"
2026-09-30 21:55,"21,0",58,"12,4","1,04","10,62"
2026-09-30 21:56,"21,0",58,"12,4","1,04","10,62"
2026-09-30 21:57,"21,0",58,"12,4","1,04","10,62"
2026-09-30 21:58,"21,0",58,"12,4","1,04","10,62"
2026-09-30 21:59,"21,0",59,"12,7","1,02","10,81"
2026-09-30 22:00,"21,0",59,"12,6","1,02","10,78"
2026-09-30 22:01,"20,9",59,"12,6","1,01","10,75"
2026-09-30 22:02,"20,9",59,"12,6","1,01","10,75"
2026-09-30 22:03,"20,9",59,"12,6","1,01","10,75"
2026-09-30 22:04,"20,9",59,"12,6","1,01","10,75"
2026-09-30 22:05,"20,9",60,"12,8","0,99","10,93"
2026-09-30 22:06,"20,9",60,"12,8","0,99","10,93"
2026-09-30 22:07,"20,9",60,"12,8","0,99","10,93"
2026-09-30 22:08,"20,9",60,"12,8","0,99","10,93"
2026-09-30 22:09,"20,9",60,"12,8","0,99","10,93"
2026-09-30 22:10,"20,9",59,"12,6","1,01","10,75"
2026-09-30 22:11,"20,9",59,"12,6","1,01","10,75"
2026-09-30 22:12,"20,9",59,"12,6","1,01","10,75"
2026-09-30 22:13,"20,9",59,"12,6","1,01","10,75"
2026-09-30 22:14,"20,9",59,"12,6","1,01","10,75"
2026-09-30 22:15,"20,9",59,"12,6","1,01","10,75"
2026-09-30 22:16,"20,8",59,"12,5","1,01","10,71"
2026-09-30 22:17,"20,8",59,"12,5","1,01","10,68"
2026-09-30 22:18,"20,8",59,"12,5","1,01","10,68"
2026-09-30 22:19,"20,8",59,"12,5","1,01","10,68"
2026-09-30 22:20,"20,8",59,"12,5","1,01","10,68"
2026-09-30 22:21,"20,8",59,"12,5","1,01","10,68"
2026-09-30 22:22,"20,8",59,"12,5","1,01","10,68"
2026-09-30 22:23,"20,8",59,"12,5","1,01","10,68"
2026-09-30 22:24,"20,8",59,"12,5","1,01","10,68"
2026-09-30 22:25,"20,8",59,"12,5","1,01","10,68"
2026-09-30 22:26,"20,8",59,"12,5","1,01","10,68"
2026-09-30 22:27,"20,8",59,"12,5","1,01","10,68"
2026-09-30 22:28,"20,8",59,"12,5","1,01","10,68"
2026-09-30 22:29,"20,8",59,"12,5","1,01","10,68"
2026-09-30 22:30,"20,8",59,"12,5","1,01","10,68"
2026-09-30 22:31,"20,8",59,"12,5","1,01","10,68"
2026-09-30 22:32,"20,8",58,"12,2","1,03","10,50"
2026-09-30 22:33,"20,8",58,"12,2","1,03","10,50"
2026-09-30 22:34,"20,8",58,"12,2","1,03","10,47"
2026-09-30 22:35,"20,7",58,"12,1","1,03","10,44"
2026-09-30 22:36,"20,7",58,"12,1","1,03","10,44"
2026-09-30 22:37,"20,7",58,"12,1","1,03","10,44"
2026-09-30 22:38,"20,7",58,"12,1","1,03","10,44"
2026-09-30 22:39,"20,7",58,"12,1","1,03","10,44"
2026-09-30 22:40,"20,7",57,"11,9","1,05","10,26"
2026-09-30 22:41,"20,7",57,"11,9","1,05","10,26"
2026-09-30 22:42,"20,7",57,"11,9","1,05","10,26"
2026-09-30 22:43,"20,7",58,"12,1","1,03","10,44"
2026-09-30 22:44,"20,7",58,"12,1","1,03","10,44"
2026-09-30 22:45,"20,7",58,"12,1","1,03","10,44"
2026-09-30 22:46,"20,7",58,"12,1","1,03","10,44"
2026-09-30 22:47,"20,7",58,"12,1","1,03","10,44"
2026-09-30 22:48,"20,7",58,"12,1","1,03","10,44"
2026-09-30 22:49,"20,7",58,"12,1","1,03","10,44"
2026-09-30 22:50,"20,7",58,"12,1","1,03","10,44"
2026-09-30 22:51,"20,7",58,"12,1","1,03","10,44"
2026-09-30 22:52,"20,7",58,"12,1","1,03","10,44"
2026-09-30 22:53,"20,7",58,"12,1","1,03","10,44"
2026-09-30 22:54,"20,7",58,"12,1","1,03","10,44"
2026-09-30 22:55,"20,7",58,"12,1","1,03","10,44"
2026-09-30 22:56,"20,7",57,"11,9","1,05","10,26"
2026-09-30 22:57,"20,7",56,"11,6","1,07","10,08"
2026-09-30 22:58,"20,7",56,"11,6","1,07","10,08"
2026-09-30 22:59,"20,7",57,"11,9","1,05","10,26"
2026-09-30 23:00,"20,7",57,"11,9","1,05","10,26"
2026-09-30 23:01,"20,7",57,"11,9","1,05","10,26"
2026-09-30 23:02,"20,7",57,"11,9","1,05","10,26"
2026-09-30 23:03,"20,7",57,"11,9","1,05","10,26"
2026-09-30 23:04,"20,7",57,"11,9","1,05","10,26"
2026-09-30 23:05,"20,7",57,"11,9","1,05","10,26"
2026-09-30 23:06,"20,7",57,"11,9","1,05","10,26"
2026-09-30 23:07,"20,7",57,"11,9","1,05","10,26"
2026-09-30 23:08,"20,7",57,"11,9","1,05","10,26"
2026-09-30 23:09,"20,7",57,"11,9","1,05","10,26"
2026-09-30 23:10,"20,7",56,"11,6","1,07","10,05"
2026-09-30 23:11,"20,6",56,"11,5","1,07","10,02"
2026-09-30 23:12,"20,6",56,"11,5","1,07","10,02"
2026-09-30 23:13,"20,6",56,"11,5","1,07","10,02"
2026-09-30 23:14,"20,6",56,"11,5","1,07","10,02"
2026-09-30 23:15,"20,6",56,"11,5","1,07","10,02"
2026-09-30 23:16,"20,6",56,"11,5","1,07","10,02"
2026-09-30 23:17,"20,6",56,"11,5","1,07","10,02"
2026-09-30 23:18,"20,6",56,"11,5","1,07","10,02"
2026-09-30 23:19,"20,6",56,"11,5","1,07","10,02"
2026-09-30 23:20,"20,6",56,"11,5","1,07","10,02"
2026-09-30 23:21,"20,6",57,"11,8","1,04","10,20"
2026-09-30 23:22,"20,6",57,"11,8","1,04","10,20"
2026-09-30 23:23,"20,6",57,"11,8","1,04","10,20"
2026-09-30 23:24,"20,6",57,"11,8","1,04","10,20"
2026-09-30 23:25,"20,6",57,"11,8","1,04","10,20"
2026-09-30 23:26,"20,6",58,"12,0","1,02","10,38"
2026-09-30 23:27,"20,6",60,"12,6","0,97","10,74"
2026-09-30 23:28,"20,7",61,"12,9","0,95","10,95"
2026-09-30 23:29,"20,7",63,"13,4","0,90","11,34"
2026-09-30 23:30,"20,8",63,"13,4","0,91","11,37"
2026-09-30 23:31,"20,8",63,"13,5","0,91","11,41"
2026-09-30 23:32,"20,8",63,"13,5","0,91","11,41"
2026-09-30 23:33,"20,8",63,"13,5","0,91","11,41"
2026-09-30 23:34,"20,8",63,"13,5","0,91","11,44"
2026-09-30 23:35,"20,9",63,"13,6","0,91","11,47"
2026-09-30 23:36,"20,9",63,"13,6","0,91","11,47"
2026-09-30 23:37,"20,9",63,"13,6","0,91","11,47"
2026-09-30 23:38,"20,9",63,"13,6","0,91","11,47"
2026-09-30 23:39,"20,9",63,"13,6","0,91","11,47"
2026-09-30 23:40,"20,9",63,"13,6","0,91","11,47"
2026-09-30 23:41,"20,9",63,"13,6","0,91","11,47"
2026-09-30 23:42,"20,9",63,"13,6","0,91","11,47"
2026-09-30 23:43,"20,9",63,"13,6","0,91","11,47"
2026-09-30 23:44,"20,9",63,"13,6","0,91","11,47"
2026-09-30 23:45,"20,9",63,"13,6","0,91","11,47"
2026-09-30 23:46,"20,9",63,"13,6","0,91","11,47"
2026-09-30 23:47,"20,9",63,"13,6","0,91","11,47"
2026-09-30 23:48,"20,9",63,"13,6","0,91","11,47"
2026-09-30 23:49,"20,9",63,"13,6","0,91","11,47"
2026-09-30 23:50,"20,9",61,"13,1","0,96","11,11"
2026-09-30 23:51,"20,9",60,"12,8","0,99","10,93"
2026-09-30 23:52,"20,8",60,"12,8","0,99","10,90"
2026-09-30 23:53,"20,8",60,"12,7","0,98","10,86"
2026-09-30 23:54,"20,8",60,"12,7","0,98","10,86"
2026-09-30 23:55,"20,8",61,"13,0","0,96","11,05"
2026-09-30 23:56,"20,8",61,"13,0","0,96","11,05"
2026-09-30 23:57,"20,8",61,"13,0","0,96","11,05"
2026-09-30 23:58,"20,8",60,"12,7","0,98","10,86"
2026-09-30 23:59,"20,8",60,"12,7","0,98","10,86"
2026-10-01 00:00,"20,8",60,"12,7","0,98","10,86"
2026-10-01 00:01,"20,8",60,"12,7","0,98","10,86"
2026-10-01 00:02,"20,8",59,"12,4","1,00","10,65"
2026-10-01 00:03,"20,7",59,"12,4","1,00","10,62"
2026-10-01 00:04,"20,7",59,"12,4","1,00","10,62"
2026-10-01 00:05,"20,7",59,"12,4","1,00","10,62"
2026-10-01 00:06,"20,7",59,"12,4","1,00","10,62"
2026-10-01 00:07,"20,7",60,"12,7","0,98","10,80"
2026-10-01 00:08,"20,7",60,"12,7","0,98","10,80"
2026-10-01 00:09,"20,7",60,"12,7","0,98","10,80"
2026-10-01 00:10,"20,7",59,"12,4","1,00","10,62"
2026-10-01 00:11,"20,7",59,"12,4","1,00","10,62"
2026-10-01 00:12,"20,7",59,"12,4","1,00","10,62"
2026-10-01 00:13,"20,7",59,"12,4","1,00","10,62"
2026-10-01 00:14,"20,7",59,"12,4","1,00","10,59"
2026-10-01 00:15,"20,6",59,"12,3","0,99","10,56"
2026-10-01 00:16,"20,6",59,"12,3","0,99","10,56"
2026-10-01 00:17,"20,6",59,"12,3","0,99","10,56"
2026-10-01 00:18,"20,6",59,"12,3","0,99","10,56"
2026-10-01 00:19,"20,6",59,"12,3","0,99","10,56"
2026-10-01 00:20,"20,6",59,"12,3","0,99","10,56"
2026-10-01 00:21,"20,6",59,"12,3","0,99","10,56"
2026-10-01 00:22,"20,6",59,"12,3","0,99","10,56"
2026-10-01 00:23,"20,6",59,"12,3","0,99","10,56"
2026-10-01 00:24,"20,6",59,"12,3","0,99","10,56"
2026-10-01 00:25,"20,6",59,"12,3","0,99","10,56"
2026-10-01 00:26,"20,6",59,"12,3","0,99","10,56"
2026-10-01 00:27,"20,6",59,"12,3","0,99","10,56"
2026-10-01 00:28,"20,6",59,"12,3","0,99","10,56"
2026-10-01 00:29,"20,6",60,"12,6","0,97","10,74"
2026-10-01 00:30,"20,6",60,"12,6","0,97","10,74"
2026-10-01 00:31,"20,6",60,"12,6","0,97","10,74"
2026-10-01 00:32,"20,6",60,"12,6","0,97","10,74"
2026-10-01 00:33,"20,6",60,"12,6","0,97","10,74"
2026-10-01 00:34,"20,6",60,"12,6","0,97","10,74"
2026-10-01 00:35,"20,6",60,"12,6","0,97","10,74"
2026-10-01 00:36,"20,6",60,"12,6","0,97","10,74"
2026-10-01 00:37,"20,6",60,"12,6","0,97","10,74"
2026-10-01 00:38,"20,6",60,"12,6","0,97","10,74"
2026-10-01 00:39,"20,6",60,"12,6","0,97","10,74"
2026-10-01 00:40,"20,6",59,"12,3","0,99","10,56"
2026-10-01 00:41,"20,6",59,"12,3","0,99","10,56"
2026-10-01 00:42,"20,5",59,"12,3","0,99","10,53"
2026-10-01 00:43,"20,5",59,"12,2","0,99","10,50"
2026-10-01 00:44,"20,5",59,"12,2","0,99","10,50"
2026-10-01 00:45,"20,5",59,"12,2","0,99","10,50"
2026-10-01 00:46,"20,5",58,"11,9","1,01","10,32"
2026-10-01 00:47,"20,5",58,"11,9","1,01","10,32"
2026-10-01 00:48,"20,5",58,"11,9","1,01","10,32"
2026-10-01 00:49,"20,5",58,"11,9","1,01","10,32"
2026-10-01 00:50,"20,5",58,"11,9","1,01","10,32"
2026-10-01 00:51,"20,5",58,"11,9","1,01","10,32"
2026-10-01 00:52,"20,5",58,"11,9","1,01","10,32"
2026-10-01 00:53,"20,5",59,"12,2","0,99","10,50"
2026-10-01 00:54,"20,5",59,"12,2","0,99","10,50"
2026-10-01 00:55,"20,5",59,"12,2","0,99","10,50"
2026-10-01 00:56,"20,5",58,"11,9","1,01","10,32"
2026-10-01 00:57,"20,5",58,"11,9","1,01","10,32"
2026-10-01 00:58,"20,5",58,"11,9","1,01","10,29"
2026-10-01 00:59,"20,4",58,"11,9","1,01","10,26"
2026-10-01 01:00,"20,4",58,"11,9","1,01","10,26"
2026-10-01 01:01,"20,4",58,"11,9","1,01","10,26"
2026-10-01 01:02,"20,4",58,"11,9","1,01","10,26"
2026-10-01 01:03,"20,4",58,"11,9","1,01","10,26"
2026-10-01 01:04,"20,4",58,"11,9","1,01","10,26"
2026-10-01 01:05,"20,4",58,"11,9","1,01","10,26"
2026-10-01 01:06,"20,4",58,"11,9","1,01","10,26"
2026-10-01 01:07,"20,4",58,"11,9","1,01","10,26"
2026-10-01 01:08,"20,4",58,"11,9","1,01","10,26"
2026-10-01 01:09,"20,4",59,"12,1","0,98","10,44"
2026-10-01 01:10,"20,4",59,"12,1","0,98","10,44"
2026-10-01 01:11,"20,4",59,"12,1","0,98","10,44"
2026-10-01 01:12,"20,4",59,"12,1","0,98","10,44"
2026-10-01 01:13,"20,4",59,"12,1","0,98","10,44"
2026-10-01 01:14,"20,4",59,"12,1","0,98","10,44"
2026-10-01 01:15,"20,4",59,"12,1","0,98","10,44"
2026-10-01 01:16,"20,4",58,"11,9","1,01","10,26"
2026-10-01 01:17,"20,4",58,"11,9","1,01","10,26"
2026-10-01 01:18,"20,4",58,"11,9","1,01","10,26"
2026-10-01 01:19,"20,4",58,"11,9","1,01","10,26"
2026-10-01 01:20,"20,4",58,"11,9","1,01","10,26"
2026-10-01 01:21,"20,4",58,"11,9","1,01","10,26"
2026-10-01 01:22,"20,3",58,"11,8","1,00","10,23"
2026-10-01 01:23,"20,3",58,"11,8","1,00","10,20"
2026-10-01 01:24,"20,3",58,"11,8","1,00","10,20"
2026-10-01 01:25,"20,3",58,"11,8","1,00","10,20"
2026-10-01 01:26,"20,3",58,"11,8","1,00","10,20"
2026-10-01 01:27,"20,3",58,"11,8","1,00","10,20"
2026-10-01 01:28,"20,3",58,"11,8","1,00","10,20"
2026-10-01 01:29,"20,3",58,"11,8","1,00","10,20"
2026-10-01 01:30,"20,3",58,"11,8","1,00","10,20"
2026-10-01 01:31,"20,3",58,"11,8","1,00","10,20"
2026-10-01 01:32,"20,3",58,"11,8","1,00","10,20"
2026-10-01 01:33,"20,3",58,"11,8","1,00","10,20"
2026-10-01 01:34,"20,3",58,"11,8","1,00","10,20"
2026-10-01 01:35,"20,3",58,"11,8","1,00","10,20"
2026-10-01 01:36,"20,3",58,"11,8","1,00","10,20"
2026-10-01 01:37,"20,3",58,"11,8","1,00","10,20"
2026-10-01 01:38,"20,3",58,"11,8","1,00","10,20"
2026-10-01 01:39,"20,3",58,"11,8","1,00","10,20"
2026-10-01 01:40,"20,3",58,"11,8","1,00","10,20"
2026-10-01 01:41,"20,3",58,"11,8","1,00","10,20"
2026-10-01 01:42,"20,3",58,"11,7","1,00","10,17"
2026-10-01 01:43,"20,2",58,"11,7","0,99","10,14"
2026-10-01 01:44,"20,2",58,"11,7","0,99","10,14"
2026-10-01 01:45,"20,2",58,"11,7","0,99","10,14"
2026-10-01 01:46,"20,2",58,"11,7","0,99","10,14"
2026-10-01 01:47,"20,2",58,"11,7","0,99","10,14"
2026-10-01 01:48,"20,2",58,"11,7","0,99","10,14"
2026-10-01 01:49,"20,2",58,"11,7","0,99","10,14"
2026-10-01 01:50,"20,2",58,"11,7","0,99","10,14"
2026-10-01 01:51,"20,2",58,"11,7","0,99","10,14"
2026-10-01 01:52,"20,2",58,"11,7","0,99","10,14"
2026-10-01 01:53,"20,2",58,"11,7","0,99","10,14"
2026-10-01 01:54,"20,2",58,"11,7","0,99","10,14"
2026-10-01 01:55,"20,2",58,"11,7","0,99","10,14"
2026-10-01 01:56,"20,2",58,"11,7","0,99","10,14"
2026-10-01 01:57,"20,2",58,"11,7","0,99","10,14"
2026-10-01 01:58,"20,2",58,"11,7","0,99","10,14"
2026-10-01 01:59,"20,2",58,"11,7","0,99","10,14"
2026-10-01 02:00,"20,2",58,"11,7","0,99","10,14"
2026-10-01 02:01,"20,2",58,"11,7","0,99","10,14"
2026-10-01 02:02,"20,2",58,"11,7","0,99","10,14"
2026-10-01 02:03,"20,2",58,"11,7","0,99","10,14"
2026-10-01 02:04,"20,2",58,"11,7","0,99","10,14"
2026-10-01 02:05,"20,2",58,"11,7","0,99","10,14"
2026-10-01 02:06,"20,2",58,"11,7","0,99","10,14"
2026-10-01 02:07,"20,2",58,"11,7","0,99","10,14"
2026-10-01 02:08,"20,2",58,"11,7","0,99","10,14"
2026-10-01 02:09,"20,2",58,"11,7","0,99","10,14"
2026-10-01 02:10,"20,2",58,"11,6","0,99","10,11"
2026-10-01 02:11,"20,1",58,"11,6","0,99","10,08"
2026-10-01 02:12,"20,1",58,"11,6","0,99","10,08"
2026-10-01 02:13,"20,1",58,"11,6","0,99","10,08"
2026-10-01 02:14,"20,1",58,"11,6","0,99","10,08"
2026-10-01 02:15,"20,1",58,"11,6","0,99","10,08"
2026-10-01 02:16,"20,1",58,"11,6","0,99","10,08"
2026-10-01 02:17,"20,1",58,"11,6","0,99","10,08"
2026-10-01 02:18,"20,1",58,"11,6","0,99","10,08"
2026-10-01 02:19,"20,1",58,"11,6","0,99","10,08"
2026-10-01 02:20,"20,1",58,"11,6","0,99","10,08"
2026-10-01 02:21,"20,1",58,"11,6","0,99","10,08"
2026-10-01 02:22,"20,1",58,"11,6","0,99","10,08"
2026-10-01 02:23,"20,1",58,"11,6","0,99","10,08"
2026-10-01 02:24,"20,1",58,"11,6","0,99","10,08"
2026-10-01 02:25,"20,1",58,"11,6","0,99","10,08"
2026-10-01 02:26,"20,1",58,"11,6","0,99","10,08"
2026-10-01 02:27,"20,1",58,"11,6","0,99","10,08"
2026-10-01 02:28,"20,1",58,"11,6","0,99","10,08"
2026-10-01 02:29,"20,1",58,"11,6","0,99","10,08"
2026-10-01 02:30,"20,1",58,"11,6","0,99","10,08"
2026-10-01 02:31,"20,1",58,"11,6","0,99","10,08"
2026-10-01 02:32,"20,1",58,"11,6","0,99","10,08"
2026-10-01 02:33,"20,1",58,"11,6","0,99","10,08"
2026-10-01 02:34,"20,1",58,"11,6","0,99","10,08"
2026-10-01 02:35,"20,1",58,"11,6","0,99","10,08"
2026-10-01 02:36,"20,1",58,"11,6","0,99","10,08"
2026-10-01 02:37,"20,1",58,"11,6","0,99","10,08"
2026-10-01 02:38,"20,1",58,"11,6","0,99","10,08"
2026-10-01 02:39,"20,1",58,"11,6","0,99","10,08"
2026-10-01 02:40,"20,1",58,"11,6","0,99","10,08"
2026-10-01 02:41,"20,1",58,"11,6","0,99","10,08"
2026-10-01 02:42,"20,1",58,"11,6","0,99","10,08"
2026-10-01 02:43,"20,1",58,"11,6","0,99","10,08"
2026-10-01 02:44,"20,0",58,"11,5","0,99","10,05"
2026-10-01 02:45,"20,0",58,"11,5","0,98","10,02"
2026-10-01 02:46,"20,0",58,"11,5","0,98","10,02"
2026-10-01 02:47,"20,0",58,"11,5","0,98","10,02"
2026-10-01 02:48,"20,0",58,"11,5","0,98","10,02"
2026-10-01 02:49,"20,0",58,"11,5","0,98","10,02"
2026-10-01 02:50,"20,0",58,"11,5","0,98","10,02"
2026-10-01 02:51,"20,0",58,"11,5","0,98","10,02"
2026-10-01 02:52,"20,0",58,"11,5","0,98","10,02"
2026-10-01 02:53,"20,0",58,"11,5","0,98","10,02"
2026-10-01 02:54,"20,0",58,"11,5","0,98","10,02"
2026-10-01 02:55,"20,0",58,"11,5","0,98","10,02"
2026-10-01 02:56,"20,0",58,"11,5","0,98","10,02"
2026-10-01 02:57,"20,0",58,"11,5","0,98","10,02"
2026-10-01 02:58,"20,0",58,"11,5","0,98","10,02"
2026-10-01 02:59,"20,0",58,"11,5","0,98","10,02"
2026-10-01 03:00,"20,0",58,"11,5","0,98","10,02"
2026-10-01 03:01,"20,0",58,"11,5","0,98","10,02"
2026-10-01 03:02,"20,0",58,"11,5","0,98","10,02"
2026-10-01 03:03,"20,0",58,"11,5","0,98","10,02"
2026-10-01 03:04,"20,0",58,"11,5","0,98","10,02"
2026-10-01 03:05,"20,0",58,"11,5","0,98","10,02"
2026-10-01 03:06,"20,0",58,"11,5","0,98","10,02"
2026-10-01 03:07,"20,0",58,"11,5","0,98","10,02"
2026-10-01 03:08,"20,0",58,"11,5","0,98","10,02"
2026-10-01 03:09,"20,0",58,"11,5","0,98","10,02"
2026-10-01 03:10,"20,0",58,"11,5","0,98","10,02"
2026-10-01 03:11,"20,0",58,"11,5","0,98","10,02"
2026-10-01 03:12,"20,0",58,"11,5","0,98","10,02"
2026-10-01 03:13,"20,0",58,"11,5","0,98","10,02"
2026-10-01 03:14,"20,0",58,"11,5","0,98","10,02"
2026-10-01 03:15,"20,0",58,"11,5","0,98","10,02"
2026-10-01 03:16,"20,0",58,"11,5","0,98","10,02"
2026-10-01 03:17,"20,0",58,"11,5","0,98","10,02"
2026-10-01 03:18,"20,0",58,"11,5","0,98","10,02"
2026-10-01 03:19,"20,0",58,"11,5","0,98","10,02"
2026-10-01 03:20,"20,0",58,"11,4","0,98","9,99"
2026-10-01 03:21,"19,9",58,"11,4","0,98","9,96"
2026-10-01 03:22,"19,9",58,"11,4","0,98","9,96"
2026-10-01 03:23,"19,9",58,"11,4","0,98","9,96"
2026-10-01 03:24,"19,9",58,"11,4","0,98","9,96"
2026-10-01 03:25,"19,9",58,"11,4","0,98","9,96"
2026-10-01 03:26,"19,9",58,"11,4","0,98","9,96"
2026-10-01 03:27,"19,9",58,"11,4","0,98","9,96"
2026-10-01 03:28,"19,9",58,"11,4","0,98","9,96"
2026-10-01 03:29,"19,9",58,"11,4","0,98","9,96"
2026-10-01 03:30,"19,9",58,"11,4","0,98","9,96"
2026-10-01 03:31,"19,9",58,"11,4","0,98","9,96"
2026-10-01 03:32,"19,9",58,"11,4","0,98","9,96"
2026-10-01 03:33,"19,9",58,"11,4","0,98","9,96"
2026-10-01 03:34,"19,9",58,"11,4","0,98","9,96"
2026-10-01 03:35,"19,9",58,"11,4","0,98","9,96"
2026-10-01 03:36,"19,9",58,"11,4","0,98","9,96"
2026-10-01 03:37,"19,9",58,"11,4","0,98","9,96"
2026-10-01 03:38,"19,9",58,"11,4","0,98","9,96"
2026-10-01 03:39,"19,9",58,"11,4","0,98","9,96"
2026-10-01 03:40,"19,9",58,"11,4","0,98","9,96"
2026-10-01 03:41,"19,9",58,"11,4","0,98","9,96"
2026-10-01 03:42,"19,9",58,"11,4","0,98","9,96"
2026-10-01 03:43,"19,9",58,"11,4","0,98","9,96"
2026-10-01 03:44,"19,9",58,"11,4","0,98","9,96"
2026-10-01 03:45,"19,9",58,"11,4","0,98","9,96"
2026-10-01 03:46,"19,9",58,"11,4","0,98","9,96"
2026-10-01 03:47,"19,9",58,"11,4","0,98","9,96"
2026-10-01 03:48,"19,9",58,"11,4","0,98","9,96"
2026-10-01 03:49,"19,9",58,"11,4","0,98","9,96"
2026-10-01 03:50,"19,9",58,"11,4","0,98","9,96"
2026-10-01 03:51,"19,9",58,"11,4","0,98","9,96"
2026-10-01 03:52,"19,9",58,"11,4","0,98","9,96"
2026-10-01 03:53,"19,9",58,"11,4","0,98","9,96"
2026-10-01 03:54,"19,9",58,"11,4","0,98","9,96"
2026-10-01 03:55,"19,9",58,"11,4","0,98","9,96"
2026-10-01 03:56,"19,9",58,"11,4","0,98","9,96"
2026-10-01 03:57,"19,9",58,"11,4","0,98","9,96"
2026-10-01 03:58,"19,9",58,"11,4","0,98","9,96"
2026-10-01 03:59,"19,9",58,"11,4","0,98","9,96"
2026-10-01 04:00,"19,9",58,"11,4","0,98","9,96"
2026-10-01 04:01,"19,9",58,"11,4","0,98","9,96"
2026-10-01 04:02,"19,9",58,"11,4","0,98","9,96"
2026-10-01 04:03,"19,9",58,"11,4","0,98","9,96"
2026-10-01 04:04,"19,9",58,"11,4","0,98","9,96"
2026-10-01 04:05,"19,9",58,"11,4","0,98","9,96"
2026-10-01 04:06,"19,9",58,"11,4","0,98","9,96"
2026-10-01 04:07,"19,9",58,"11,4","0,98","9,96"
2026-10-01 04:08,"19,9",58,"11,4","0,98","9,96"
2026-10-01 04:09,"19,9",58,"11,4","0,98","9,96"
2026-10-01 04:10,"19,9",58,"11,4","0,98","9,96"
2026-10-01 04:11,"19,9",58,"11,4","0,98","9,96"
2026-10-01 04:12,"19,9",58,"11,4","0,98","9,96"
2026-10-01 04:13,"19,9",58,"11,4","0,98","9,96"
2026-10-01 04:14,"19,9",58,"11,4","0,98","9,96"
2026-10-01 04:15,"19,9",58,"11,4","0,98","9,96"
2026-10-01 04:16,"19,9",58,"11,4","0,98","9,96"
2026-10-01 04:17,"19,9",58,"11,4","0,98","9,96"
2026-10-01 04:18,"19,9",58,"11,4","0,98","9,96"
2026-10-01 04:19,"19,9",58,"11,4","0,98","9,96"
2026-10-01 04:20,"19,9",58,"11,4","0,98","9,96"
2026-10-01 04:21,"19,9",58,"11,4","0,98","9,96"
2026-10-01 04:22,"19,9",58,"11,4","0,98","9,96"
2026-10-01 04:23,"19,9",58,"11,4","0,98","9,96"
2026-10-01 04:24,"19,9",58,"11,4","0,98","9,96"
2026-10-01 04:25,"19,9",58,"11,4","0,98","9,96"
2026-10-01 04:26,"19,9",58,"11,4","0,98","9,96"
2026-10-01 04:27,"19,9",58,"11,4","0,98","9,96"
2026-10-01 04:28,"19,9",58,"11,4","0,98","9,96"
2026-10-01 04:29,"19,9",58,"11,4","0,98","9,96"
2026-10-01 04:30,"19,9",58,"11,4","0,98","9,96"
2026-10-01 04:31,"19,9",58,"11,4","0,98","9,96"
2026-10-01 04:32,"19,9",58,"11,4","0,98","9,96"
2026-10-01 04:33,"19,9",58,"11,4","0,98","9,96"
2026-10-01 04:34,"19,8",58,"11,3","0,97","9,94"
2026-10-01 04:35,"19,8",58,"11,3","0,97","9,91"
2026-10-01 04:36,"19,8",58,"11,3","0,97","9,91"
2026-10-01 04:37,"19,8",58,"11,3","0,97","9,91"
2026-10-01 04:38,"19,8",58,"11,3","0,97","9,91"
2026-10-01 04:39,"19,8",58,"11,3","0,97","9,91"
2026-10-01 04:40,"19,8",58,"11,3","0,97","9,91"
2026-10-01 04:41,"19,8",58,"11,3","0,97","9,91"
2026-10-01 04:42,"19,8",58,"11,3","0,97","9,91"
2026-10-01 04:43,"19,8",58,"11,3","0,97","9,91"
2026-10-01 04:44,"19,8",58,"11,3","0,97","9,91"
2026-10-01 04:45,"19,8",58,"11,3","0,97","9,91"
2026-10-01 04:46,"19,8",58,"11,3","0,97","9,91"
2026-10-01 04:47,"19,8",58,"11,3","0,97","9,91"
2026-10-01 04:48,"19,8",58,"11,3","0,97","9,91"
2026-10-01 04:49,"19,8",58,"11,3","0,97","9,91"
2026-10-01 04:50,"19,8",58,"11,3","0,97","9,91"
2026-10-01 04:51,"19,8",58,"11,3","0,97","9,91"
2026-10-01 04:52,"19,8",58,"11,3","0,97","9,91"
2026-10-01 04:53,"19,8",58,"11,3","0,97","9,91"
2026-10-01 04:54,"19,8",58,"11,3","0,97","9,91"
2026-10-01 04:55,"19,8",58,"11,3","0,97","9,91"
2026-10-01 04:56,"19,8",58,"11,3","0,97","9,91"
2026-10-01 04:57,"19,8",58,"11,3","0,97","9,91"
2026-10-01 04:58,"19,8",58,"11,3","0,97","9,91"
2026-10-01 04:59,"19,8",58,"11,3","0,97","9,91"
2026-10-01 05:00,"19,8",58,"11,3","0,97","9,91"
2026-10-01 05:01,"19,8",58,"11,3","0,97","9,91"
2026-10-01 05:02,"19,8",58,"11,3","0,97","9,91"
2026-10-01 05:03,"19,8",58,"11,3","0,97","9,91"
2026-10-01 05:04,"19,8",58,"11,3","0,97","9,91"
2026-10-01 05:05,"19,8",58,"11,3","0,97","9,91"
2026-10-01 05:06,"19,8",58,"11,3","0,97","9,91"
2026-10-01 05:07,"19,8",58,"11,3","0,97","9,91"
2026-10-01 05:08,"19,8",58,"11,3","0,97","9,91"
2026-10-01 05:09,"19,8",58,"11,3","0,97","9,91"
2026-10-01 05:10,"19,8",58,"11,3","0,97","9,91"
2026-10-01 05:11,"19,8",58,"11,3","0,97","9,91"
2026-10-01 05:12,"19,8",58,"11,3","0,97","9,91"
2026-10-01 05:13,"19,8",58,"11,3","0,97","9,91"
2026-10-01 05:14,"19,8",58,"11,3","0,97","9,91"
2026-10-01 05:15,"19,8",58,"11,3","0,97","9,91"
2026-10-01 05:16,"19,8",58,"11,3","0,97","9,91"
2026-10-01 05:17,"19,8",58,"11,3","0,97","9,91"
2026-10-01 05:18,"19,8",58,"11,3","0,97","9,91"
2026-10-01 05:19,"19,8",58,"11,3","0,97","9,91"
2026-10-01 05:20,"19,8",58,"11,3","0,97","9,91"
2026-10-01 05:21,"19,8",58,"11,3","0,97","9,91"
2026-10-01 05:22,"19,8",58,"11,3","0,97","9,91"
2026-10-01 05:23,"19,8",58,"11,3","0,97","9,91"
2026-10-01 05:24,"19,8",58,"11,3","0,97","9,91"
2026-10-01 05:25,"19,8",58,"11,3","0,97","9,91"
2026-10-01 05:26,"19,8",58,"11,3","0,97","9,91"
2026-10-01 05:27,"19,8",58,"11,3","0,97","9,91"
2026-10-01 05:28,"19,8",58,"11,3","0,97","9,91"
2026-10-01 05:29,"19,8",58,"11,3","0,97","9,91"
2026-10-01 05:30,"19,8",58,"11,3","0,97","9,91"
2026-10-01 05:31,"19,8",58,"11,3","0,97","9,91"
2026-10-01 05:32,"19,8",58,"11,3","0,97","9,91"
2026-10-01 05:33,"19,8",58,"11,3","0,97","9,91"
2026-10-01 05:34,"19,8",58,"11,3","0,97","9,91"
2026-10-01 05:35,"19,8",58,"11,3","0,97","9,91"
2026-10-01 05:36,"19,8",58,"11,3","0,97","9,91"
2026-10-01 05:37,"19,8",58,"11,3","0,97","9,91"
2026-10-01 05:38,"19,8",58,"11,3","0,97","9,91"
2026-10-01 05:39,"19,8",58,"11,3","0,97","9,91"
2026-10-01 05:40,"19,8",58,"11,3","0,97","9,91"
2026-10-01 05:41,"19,8",58,"11,3","0,97","9,91"
2026-10-01 05:42,"19,8",58,"11,3","0,97","9,91"
2026-10-01 05:43,"19,8",58,"11,3","0,97","9,91"
2026-10-01 05:44,"19,8",58,"11,3","0,97","9,91"
2026-10-01 05:45,"19,8",58,"11,3","0,97","9,91"
2026-10-01 05:46,"19,8",58,"11,3","0,97","9,91"
2026-10-01 05:47,"19,8",58,"11,3","0,97","9,91"
2026-10-01 05:48,"19,8",58,"11,2","0,97","9,88"
2026-10-01 05:49,"19,7",58,"11,2","0,96","9,85"
2026-10-01 05:50,"19,7",58,"11,2","0,96","9,85"
2026-10-01 05:51,"19,7",58,"11,2","0,96","9,85"
2026-10-01 05:52,"19,7",58,"11,2","0,96","9,85"
2026-10-01 05:53,"19,7",58,"11,2","0,96","9,85"
2026-10-01 05:54,"19,7",58,"11,2","0,96","9,85"
2026-10-01 05:55,"19,7",58,"11,2","0,96","9,85"
2026-10-01 05:56,"19,7",58,"11,2","0,96","9,85"
2026-10-01 05:57,"19,7",58,"11,2","0,96","9,85"
2026-10-01 05:58,"19,7",58,"11,2","0,96","9,85"
2026-10-01 05:59,"19,7",58,"11,2","0,96","9,85"
2026-10-01 06:00,"19,7",58,"11,2","0,96","9,85"
2026-10-01 06:01,"19,7",58,"11,2","0,96","9,85"
2026-10-01 06:02,"19,8",57,"11,0","0,99","9,71"
2026-10-01 06:03,"19,8",57,"11,0","0,99","9,74"
2026-10-01 06:04,"19,8",57,"11,0","0,99","9,74"
2026-10-01 06:05,"19,8",57,"11,0","0,99","9,74"
2026-10-01 06:06,"19,8",57,"11,1","1,00","9,76"
2026-10-01 06:07,"19,9",57,"11,1","1,00","9,79"
2026-10-01 06:08,"20,0",57,"11,2","1,00","9,82"
2026-10-01 06:09,"20,0",57,"11,2","1,01","9,85"
2026-10-01 06:10,"20,0",57,"11,3","1,01","9,88"
2026-10-01 06:11,"20,1",57,"11,3","1,01","9,91"
2026-10-01 06:12,"20,2",57,"11,4","1,01","9,94"
2026-10-01 06:13,"20,2",57,"11,4","1,02","9,97"
2026-10-01 06:14,"20,2",57,"11,4","1,02","9,97"
2026-10-01 06:15,"20,2",57,"11,4","1,02","9,97"
2026-10-01 06:16,"20,3",56,"11,2","1,04","9,82"
2026-10-01 06:17,"20,3",56,"11,2","1,05","9,85"
2026-10-01 06:18,"20,3",56,"11,3","1,05","9,88"
2026-10-01 06:19,"20,4",56,"11,3","1,05","9,91"
2026-10-01 06:20,"20,4",56,"11,3","1,05","9,91"
2026-10-01 06:21,"20,4",56,"11,3","1,05","9,91"
2026-10-01 06:22,"20,4",56,"11,3","1,05","9,91"
2026-10-01 06:23,"20,4",56,"11,3","1,05","9,91"
2026-10-01 06:24,"20,4",56,"11,3","1,05","9,91"
2026-10-01 06:25,"20,4",56,"11,3","1,05","9,91"
2026-10-01 06:26,"20,4",56,"11,3","1,05","9,91"
2026-10-01 06:27,"20,4",56,"11,3","1,05","9,91"
2026-10-01 06:28,"20,4",56,"11,3","1,05","9,91"
2026-10-01 06:29,"20,4",56,"11,3","1,05","9,91"
2026-10-01 06:30,"20,5",56,"11,4","1,06","9,94"
2026-10-01 06:31,"20,5",56,"11,4","1,06","9,96"
2026-10-01 06:32,"20,5",56,"11,4","1,06","9,96"
2026-10-01 06:33,"20,5",56,"11,4","1,06","9,96"
2026-10-01 06:34,"20,5",56,"11,5","1,06","9,99"
2026-10-01 06:35,"20,6",56,"11,5","1,07","10,02"
2026-10-01 06:36,"20,6",56,"11,5","1,07","10,02"
2026-10-01 06:37,"20,6",56,"11,5","1,07","10,02"
2026-10-01 06:38,"20,7",55,"11,3","1,10","9,87"
2026-10-01 06:39,"20,7",55,"11,3","1,10","9,90"
2026-10-01 06:40,"20,7",55,"11,3","1,10","9,90"
2026-10-01 06:41,"20,7",55,"11,3","1,10","9,90"
2026-10-01 06:42,"20,7",56,"11,6","1,07","10,08"
2026-10-01 06:43,"20,7",57,"11,9","1,05","10,26"
2026-10-01 06:44,"20,8",57,"11,9","1,05","10,29"
2026-10-01 06:45,"20,8",57,"12,0","1,06","10,32"
2026-10-01 06:46,"20,8",57,"12,0","1,06","10,32"
2026-10-01 06:47,"20,8",57,"12,0","1,06","10,32"
2026-10-01 06:48,"20,8",56,"11,7","1,08","10,14"
2026-10-01 06:49,"20,8",56,"11,7","1,08","10,14"
2026-10-01 06:50,"20,8",56,"11,7","1,08","10,14"
2026-10-01 06:51,"20,8",56,"11,7","1,08","10,14"
2026-10-01 06:52,"20,8",56,"11,7","1,08","10,17"
2026-10-01 06:53,"20,9",56,"11,8","1,09","10,20"
2026-10-01 06:54,"20,9",56,"11,8","1,09","10,20"
2026-10-01 06:55,"20,9",56,"11,8","1,09","10,20"
2026-10-01 06:56,"20,9",56,"11,8","1,09","10,20"
2026-10-01 06:57,"20,9",56,"11,8","1,09","10,20"
2026-10-01 06:58,"21,0",56,"11,8","1,09","10,23"
2026-10-01 06:59,"21,0",56,"11,9","1,09","10,26"
2026-10-01 07:00,"21,0",56,"11,9","1,09","10,26"
2026-10-01 07:01,"21,0",56,"11,9","1,09","10,26"
2026-10-01 07:02,"21,0",56,"11,9","1,09","10,26"
2026-10-01 07:03,"21,0",56,"11,9","1,09","10,26"
2026-10-01 07:04,"21,0",57,"12,2","1,07","10,44"
2026-10-01 07:05,"21,0",59,"12,7","1,02","10,81"
2026-10-01 07:06,"21,0",59,"12,7","1,02","10,81"
2026-10-01 07:07,"21,0",59,"12,7","1,02","10,81"
2026-10-01 07:08,"21,0",58,"12,4","1,04","10,62"
2026-10-01 07:09,"21,0",58,"12,4","1,04","10,62"
2026-10-01 07:10,"21,0",58,"12,4","1,04","10,62"
2026-10-01 07:11,"21,0",58,"12,4","1,04","10,62"
2026-10-01 07:12,"21,0",59,"12,7","1,02","10,81"
2026-10-01 07:13,"21,0",61,"13,2","0,97","11,17"
2026-10-01 07:14,"21,0",61,"13,2","0,97","11,17"
2026-10-01 07:15,"21,0",61,"13,2","0,97","11,17"
2026-10-01 07:16,"21,0",60,"12,9","0,99","10,99"
2026-10-01 07:17,"21,0",59,"12,7","1,02","10,81"
2026-10-01 07:18,"21,0",58,"12,4","1,04","10,62"
2026-10-01 07:19,"21,0",57,"12,2","1,07","10,44"
2026-10-01 07:20,"21,0",57,"12,2","1,07","10,44"
2026-10-01 07:21,"21,0",57,"12,2","1,07","10,44"
2026-10-01 07:22,"21,0",57,"12,2","1,07","10,44"
2026-10-01 07:23,"21,0",57,"12,2","1,07","10,44"
2026-10-01 07:24,"21,0",57,"12,2","1,07","10,44"
2026-10-01 07:25,"21,0",57,"12,2","1,07","10,44"
2026-10-01 07:26,"21,0",57,"12,1","1,07","10,41"
2026-10-01 07:27,"20,9",57,"12,1","1,06","10,38"
2026-10-01 07:28,"20,9",56,"11,8","1,09","10,20"
2026-10-01 07:29,"20,9",56,"11,8","1,09","10,20"
2026-10-01 07:30,"20,9",56,"11,8","1,09","10,20"
2026-10-01 07:31,"20,9",56,"11,8","1,09","10,20"
2026-10-01 07:32,"20,9",56,"11,8","1,09","10,20"
2026-10-01 07:33,"20,9",56,"11,8","1,09","10,20"
2026-10-01 07:34,"21,0",56,"11,8","1,09","10,23"
2026-10-01 07:35,"21,0",56,"11,9","1,09","10,26"
2026-10-01 07:36,"21,0",56,"11,9","1,09","10,26"
2026-10-01 07:37,"21,0",56,"11,9","1,09","10,26"
2026-10-01 07:38,"21,0",55,"11,6","1,12","10,08"
2026-10-01 07:39,"21,0",55,"11,6","1,12","10,08"
2026-10-01 07:40,"21,0",55,"11,7","1,12","10,10"
2026-10-01 07:41,"21,1",55,"11,7","1,13","10,13"
2026-10-01 07:42,"21,1",55,"11,7","1,13","10,13"
2026-10-01 07:43,"21,1",55,"11,7","1,13","10,13"
2026-10-01 07:44,"21,1",55,"11,7","1,13","10,13"
2026-10-01 07:45,"21,1",55,"11,7","1,13","10,13"
2026-10-01 07:46,"21,1",55,"11,7","1,13","10,13"
2026-10-01 07:47,"21,1",55,"11,7","1,13","10,13"
2026-10-01 07:48,"21,0",53,"11,1","1,17","9,74"
2026-10-01 07:49,"21,0",52,"10,8","1,19","9,53"
2026-10-01 07:50,"21,0",52,"10,7","1,19","9,50"
2026-10-01 07:51,"20,9",52,"10,7","1,19","9,47"
2026-10-01 07:52,"20,9",50,"10,1","1,24","9,11"
2026-10-01 07:53,"20,9",49,"9,8","1,26","8,92"
2026-10-01 07:54,"20,9",49,"9,8","1,26","8,92"
2026-10-01 07:55,"20,9",49,"9,8","1,26","8,92"
2026-10-01 07:56,"20,9",49,"9,8","1,26","8,92"
2026-10-01 07:57,"20,9",50,"10,1","1,24","9,11"
2026-10-01 07:58,"20,9",50,"10,1","1,24","9,11"
2026-10-01 07:59,"20,9",50,"10,1","1,24","9,11"
2026-10-01 08:00,"20,9",50,"10,1","1,24","9,11"
2026-10-01 08:01,"20,9",50,"10,1","1,24","9,11"
2026-10-01 08:02,"20,9",50,"10,1","1,24","9,11"
2026-10-01 08:03,"20,9",50,"10,1","1,24","9,11"
2026-10-01 08:04,"20,9",50,"10,1","1,24","9,11"
2026-10-01 08:05,"20,9",50,"10,1","1,24","9,11"
2026-10-01 08:06,"20,9",50,"10,1","1,24","9,11"
2026-10-01 08:07,"20,9",50,"10,1","1,24","9,11"
2026-10-01 08:08,"20,9",50,"10,1","1,24","9,11"
2026-10-01 08:09,"20,9",50,"10,1","1,24","9,11"
2026-10-01 08:10,"20,9",50,"10,1","1,24","9,11"
2026-10-01 08:11,"20,9",50,"10,1","1,24","9,11"
2026-10-01 08:12,"20,9",50,"10,1","1,24","9,11"
2026-10-01 08:13,"20,9",50,"10,1","1,24","9,11"
2026-10-01 08:14,"20,9",50,"10,1","1,24","9,11"
2026-10-01 08:15,"20,9",50,"10,1","1,24","9,11"
2026-10-01 08:16,"20,9",50,"10,1","1,24","9,11"
2026-10-01 08:17,"20,9",50,"10,1","1,24","9,11"
2026-10-01 08:18,"20,9",50,"10,1","1,24","9,11"
2026-10-01 08:19,"20,9",50,"10,1","1,24","9,11"
2026-10-01 08:20,"20,9",50,"10,1","1,24","9,11"
2026-10-01 08:21,"20,9",50,"10,1","1,24","9,11"
2026-10-01 08:22,"20,9",50,"10,1","1,24","9,11"
2026-10-01 08:23,"20,9",51,"10,4","1,21","9,29"
2026-10-01 08:24,"20,9",51,"10,4","1,21","9,29"
2026-10-01 08:25,"20,9",51,"10,4","1,21","9,29"
2026-10-01 08:26,"20,9",51,"10,4","1,21","9,29"
2026-10-01 08:27,"20,9",51,"10,4","1,21","9,29"
2026-10-01 08:28,"20,9",51,"10,4","1,21","9,29"
2026-10-01 08:29,"20,9",51,"10,4","1,21","9,29"
2026-10-01 08:30,"20,9",51,"10,4","1,21","9,29"
2026-10-01 08:31,"20,9",51,"10,4","1,21","9,29"
2026-10-01 08:32,"20,9",51,"10,4","1,21","9,29"
2026-10-01 08:33,"20,9",51,"10,4","1,21","9,29"
2026-10-01 08:34,"20,9",51,"10,4","1,21","9,29"
2026-10-01 08:35,"20,9",51,"10,4","1,21","9,29"
2026-10-01 08:36,"20,9",51,"10,4","1,21","9,29"
2026-10-01 08:37,"20,9",51,"10,4","1,21","9,29"
2026-10-01 08:38,"20,9",51,"10,4","1,21","9,29"
2026-10-01 08:39,"20,9",51,"10,4","1,21","9,29"
2026-10-01 08:40,"20,9",51,"10,4","1,21","9,29"
2026-10-01 08:41,"20,9",51,"10,4","1,21","9,29"
2026-10-01 08:42,"20,9",51,"10,4","1,21","9,29"
2026-10-01 08:43,"20,9",51,"10,4","1,21","9,29"
2026-10-01 08:44,"20,9",51,"10,4","1,21","9,29"
2026-10-01 08:45,"20,9",51,"10,4","1,21","9,29"
2026-10-01 08:46,"20,9",51,"10,4","1,21","9,29"
2026-10-01 08:47,"20,9",52,"10,7","1,19","9,47"
2026-10-01 08:48,"20,9",52,"10,7","1,19","9,47"
2026-10-01 08:49,"20,9",52,"10,7","1,19","9,47"
2026-10-01 08:50,"20,9",52,"10,7","1,19","9,47"
2026-10-01 08:51,"20,9",52,"10,7","1,19","9,47"
2026-10-01 08:52,"20,9",52,"10,7","1,19","9,47"
2026-10-01 08:53,"20,9",52,"10,7","1,19","9,47"
2026-10-01 08:54,"20,9",52,"10,7","1,19","9,47"
2026-10-01 08:55,"20,9",52,"10,7","1,19","9,47"
2026-10-01 08:56,"20,9",52,"10,7","1,19","9,47"
2026-10-01 08:57,"20,9",52,"10,7","1,19","9,47"
2026-10-01 08:58,"20,9",52,"10,7","1,19","9,47"
2026-10-01 08:59,"20,9",52,"10,7","1,19","9,47"
2026-10-01 09:00,"20,9",52,"10,7","1,19","9,47"
2026-10-01 09:01,"20,9",52,"10,7","1,19","9,47"
2026-10-01 09:02,"20,9",52,"10,7","1,19","9,47"
2026-10-01 09:03,"20,9",52,"10,7","1,19","9,47"
2026-10-01 09:04,"20,9",52,"10,7","1,19","9,47"
2026-10-01 09:05,"20,9",52,"10,7","1,19","9,47"
2026-10-01 09:06,"20,9",52,"10,7","1,19","9,47"
2026-10-01 09:07,"20,9",52,"10,7","1,19","9,47"
2026-10-01 09:08,"20,9",52,"10,7","1,19","9,47"
2026-10-01 09:09,"20,9",52,"10,7","1,19","9,47"
2026-10-01 09:10,"20,8",52,"10,6","1,18","9,44"
2026-10-01 09:11,"20,8",52,"10,6","1,18","9,42"
2026-10-01 09:12,"20,8",52,"10,6","1,18","9,42"
2026-10-01 09:13,"20,8",52,"10,6","1,18","9,42"
2026-10-01 09:14,"20,8",52,"10,6","1,18","9,42"
2026-10-01 09:15,"20,8",52,"10,6","1,18","9,42"
2026-10-01 09:16,"20,8",52,"10,6","1,18","9,42"
2026-10-01 09:17,"20,8",52,"10,6","1,18","9,42"
2026-10-01 09:18,"20,8",52,"10,6","1,18","9,42"
2026-10-01 09:19,"20,8",52,"10,6","1,18","9,42"
2026-10-01 09:20,"20,8",52,"10,6","1,18","9,42"
2026-10-01 09:21,"20,8",52,"10,6","1,18","9,42"
2026-10-01 09:22,"20,8",52,"10,6","1,18","9,42"
2026-10-01 09:23,"20,8",52,"10,6","1,18","9,42"
2026-10-01 09:24,"20,8",52,"10,6","1,18","9,42"
2026-10-01 09:25,"20,8",52,"10,6","1,18","9,42"
2026-10-01 09:26,"20,8",52,"10,6","1,18","9,42"
2026-10-01 09:27,"20,8",52,"10,6","1,18","9,42"
2026-10-01 09:28,"20,8",52,"10,6","1,18","9,42"
2026-10-01 09:29,"20,8",53,"10,9","1,15","9,60"
2026-10-01 09:30,"20,8",53,"10,9","1,15","9,60"
2026-10-01 09:31,"20,8",53,"10,9","1,15","9,60"
2026-10-01 09:32,"20,8",53,"10,9","1,15","9,60"
2026-10-01 09:33,"20,8",53,"10,9","1,15","9,60"
2026-10-01 09:34,"20,8",53,"10,9","1,15","9,60"
2026-10-01 09:35,"20,8",53,"10,9","1,15","9,60"
2026-10-01 09:36,"20,8",53,"10,9","1,15","9,60"
2026-10-01 09:37,"20,8",53,"10,9","1,15","9,60"
2026-10-01 09:38,"20,8",53,"10,9","1,15","9,60"
2026-10-01 09:39,"20,8",53,"10,9","1,15","9,60"
2026-10-01 09:40,"20,8",53,"10,9","1,15","9,60"
2026-10-01 09:41,"20,8",53,"10,9","1,15","9,60"
2026-10-01 09:42,"20,8",53,"10,9","1,15","9,60"
2026-10-01 09:43,"20,8",53,"10,9","1,15","9,60"
2026-10-01 09:44,"20,8",53,"10,9","1,15","9,60"
2026-10-01 09:45,"20,8",53,"10,9","1,15","9,60"
2026-10-01 09:46,"20,8",53,"10,9","1,15","9,60"
2026-10-01 09:47,"20,8",53,"10,9","1,15","9,60"
2026-10-01 09:48,"20,8",53,"10,9","1,15","9,60"
2026-10-01 09:49,"20,8",53,"10,9","1,15","9,60"
2026-10-01 09:50,"20,8",53,"10,9","1,15","9,60"
2026-10-01 09:51,"20,8",53,"10,9","1,15","9,60"
2026-10-01 09:52,"20,8",53,"10,9","1,15","9,60"
2026-10-01 09:53,"20,8",53,"10,9","1,15","9,60"
2026-10-01 09:54,"20,8",53,"10,9","1,15","9,60"
2026-10-01 09:55,"20,8",53,"10,9","1,15","9,60"
2026-10-01 09:56,"20,8",53,"10,9","1,15","9,60"
2026-10-01 09:57,"20,8",53,"10,9","1,15","9,60"
2026-10-01 09:58,"20,8",53,"10,9","1,15","9,60"
2026-10-01 09:59,"20,8",53,"10,9","1,15","9,60"
2026-10-01 10:00,"20,8",53,"10,9","1,15","9,60"
2026-10-01 10:01,"20,8",53,"10,9","1,15","9,60"
2026-10-01 10:02,"20,8",53,"10,9","1,15","9,60"
2026-10-01 10:03,"20,8",53,"10,9","1,15","9,60"
2026-10-01 10:04,"20,8",53,"10,9","1,15","9,60"
2026-10-01 10:05,"20,8",53,"10,9","1,15","9,60"
2026-10-01 10:06,"20,8",53,"10,9","1,15","9,60"
2026-10-01 10:07,"20,8",53,"10,9","1,15","9,60"
2026-10-01 10:08,"20,8",53,"10,9","1,15","9,60"
2026-10-01 10:09,"20,8",53,"10,9","1,15","9,60"
2026-10-01 10:10,"20,8",53,"10,9","1,15","9,60"
2026-10-01 10:11,"20,8",53,"10,9","1,15","9,60"
2026-10-01 10:12,"20,8",53,"10,9","1,15","9,60"
2026-10-01 10:13,"20,8",53,"10,9","1,15","9,60"
2026-10-01 10:14,"20,8",53,"10,9","1,15","9,60"
2026-10-01 10:15,"20,8",53,"10,9","1,15","9,60"
2026-10-01 10:16,"20,8",53,"10,9","1,15","9,60"
2026-10-01 10:17,"20,8",53,"10,9","1,15","9,60"
2026-10-01 10:18,"20,8",53,"10,9","1,15","9,60"
2026-10-01 10:19,"20,8",53,"10,9","1,15","9,60"
2026-10-01 10:20,"20,8",53,"10,9","1,15","9,60"
2026-10-01 10:21,"20,8",53,"10,9","1,15","9,60"
2026-10-01 10:22,"20,8",53,"10,9","1,15","9,60"
2026-10-01 10:23,"20,8",53,"10,9","1,15","9,60"
2026-10-01 10:24,"20,8",53,"10,9","1,15","9,60"
2026-10-01 10:25,"20,8",53,"10,9","1,15","9,60"
2026-10-01 10:26,"20,8",53,"10,9","1,15","9,60"
2026-10-01 10:27,"20,8",53,"10,9","1,15","9,60"
2026-10-01 10:28,"20,8",53,"10,9","1,15","9,60"
2026-10-01 10:29,"20,8",54,"11,1","1,13","9,78"
2026-10-01 10:30,"20,8",54,"11,1","1,13","9,78"
2026-10-01 10:31,"20,8",54,"11,1","1,13","9,78"
2026-10-01 10:32,"20,8",54,"11,1","1,13","9,78"
2026-10-01 10:33,"20,8",54,"11,1","1,13","9,78"
2026-10-01 10:34,"20,8",54,"11,1","1,13","9,78"
2026-10-01 10:35,"20,8",54,"11,1","1,13","9,78"
2026-10-01 10:36,"20,8",54,"11,1","1,13","9,78"
2026-10-01 10:37,"20,8",54,"11,1","1,13","9,78"
2026-10-01 10:38,"20,8",54,"11,1","1,13","9,78"
2026-10-01 10:39,"20,8",54,"11,1","1,13","9,78"
2026-10-01 10:40,"20,8",54,"11,1","1,13","9,78"
2026-10-01 10:41,"20,8",54,"11,1","1,13","9,78"
2026-10-01 10:42,"20,8",54,"11,1","1,13","9,78"
2026-10-01 10:43,"20,8",54,"11,1","1,13","9,78"
2026-10-01 10:44,"20,8",54,"11,1","1,13","9,78"
2026-10-01 10:45,"20,8",54,"11,1","1,13","9,78"
2026-10-01 10:46,"20,8",54,"11,1","1,13","9,78"
2026-10-01 10:47,"20,8",54,"11,1","1,13","9,78"
2026-10-01 10:48,"20,8",54,"11,1","1,13","9,78"
2026-10-01 10:49,"20,8",54,"11,1","1,13","9,78"
2026-10-01 10:50,"20,8",54,"11,1","1,13","9,78"
2026-10-01 10:51,"20,8",54,"11,1","1,13","9,78"
2026-10-01 10:52,"20,8",54,"11,1","1,13","9,78"
2026-10-01 10:53,"20,8",54,"11,1","1,13","9,78"
2026-10-01 10:54,"20,8",54,"11,1","1,13","9,78"
2026-10-01 10:55,"20,8",54,"11,1","1,13","9,78"
2026-10-01 10:56,"20,8",54,"11,1","1,13","9,78"
2026-10-01 10:57,"20,8",54,"11,1","1,13","9,78"
2026-10-01 10:58,"20,8",54,"11,1","1,13","9,78"
2026-10-01 10:59,"20,8",54,"11,1","1,13","9,78"
2026-10-01 11:00,"20,8",54,"11,1","1,13","9,78"
2026-10-01 11:01,"20,8",54,"11,1","1,13","9,78"
2026-10-01 11:02,"20,8",54,"11,1","1,13","9,78"
2026-10-01 11:03,"20,8",54,"11,1","1,13","9,78"
2026-10-01 11:04,"20,8",54,"11,1","1,13","9,78"
2026-10-01 11:05,"20,8",54,"11,1","1,13","9,78"
2026-10-01 11:06,"20,8",54,"11,1","1,13","9,78"
2026-10-01 11:07,"20,8",54,"11,1","1,13","9,78"
2026-10-01 11:08,"20,8",54,"11,1","1,13","9,78"
2026-10-01 11:09,"20,8",54,"11,1","1,13","9,78"
2026-10-01 11:10,"20,8",54,"11,1","1,13","9,78"
2026-10-01 11:11,"20,8",54,"11,1","1,13","9,78"
2026-10-01 11:12,"20,8",54,"11,1","1,13","9,78"
2026-10-01 11:13,"20,8",54,"11,1","1,13","9,78"
2026-10-01 11:14,"20,8",54,"11,1","1,13","9,78"
2026-10-01 11:15,"20,8",54,"11,1","1,13","9,78"
2026-10-01 11:16,"20,8",54,"11,1","1,13","9,78"
2026-10-01 11:17,"20,8",54,"11,1","1,13","9,78"
2026-10-01 11:18,"20,8",54,"11,1","1,13","9,78"
2026-10-01 11:19,"20,8",54,"11,1","1,13","9,78"
2026-10-01 11:20,"20,8",54,"11,1","1,13","9,78"
2026-10-01 11:21,"20,8",54,"11,1","1,13","9,78"
2026-10-01 11:22,"20,8",54,"11,1","1,13","9,78"
2026-10-01 11:23,"20,8",54,"11,1","1,13","9,78"
2026-10-01 11:24,"20,8",54,"11,1","1,13","9,78"
2026-10-01 11:25,"20,8",54,"11,1","1,13","9,78"
2026-10-01 11:26,"20,8",54,"11,1","1,13","9,78"
2026-10-01 11:27,"20,8",54,"11,1","1,13","9,78"
2026-10-01 11:28,"20,8",54,"11,1","1,13","9,78"
2026-10-01 11:29,"20,8",54,"11,1","1,13","9,78"
2026-10-01 11:30,"20,8",54,"11,1","1,13","9,78"
2026-10-01 11:31,"20,8",54,"11,1","1,13","9,78"
2026-10-01 11:32,"20,8",54,"11,1","1,13","9,78"
2026-10-01 11:33,"20,8",54,"11,1","1,13","9,78"
2026-10-01 11:34,"20,8",54,"11,1","1,13","9,78"
2026-10-01 11:35,"20,8",54,"11,1","1,13","9,78"
2026-10-01 11:36,"20,8",54,"11,1","1,13","9,78"
2026-10-01 11:37,"20,8",54,"11,1","1,13","9,78"
2026-10-01 11:38,"20,8",54,"11,1","1,13","9,78"
2026-10-01 11:39,"20,8",54,"11,1","1,13","9,78"
2026-10-01 11:40,"20,8",54,"11,1","1,13","9,78"
2026-10-01 11:41,"20,8",54,"11,1","1,13","9,78"
2026-10-01 11:42,"20,8",54,"11,1","1,13","9,78"
2026-10-01 11:43,"20,8",54,"11,1","1,13","9,78"
2026-10-01 11:44,"20,8",54,"11,1","1,13","9,78"
2026-10-01 11:45,"20,8",54,"11,1","1,13","9,78"
2026-10-01 11:46,"20,8",54,"11,1","1,13","9,78"
2026-10-01 11:47,"20,8",54,"11,1","1,13","9,78"
2026-10-01 11:48,"20,8",54,"11,1","1,13","9,78"
2026-10-01 11:49,"20,8",54,"11,1","1,13","9,78"
2026-10-01 11:50,"20,8",54,"11,1","1,13","9,78"
2026-10-01 11:51,"20,8",54,"11,1","1,13","9,78"
2026-10-01 11:52,"20,8",54,"11,1","1,13","9,78"
2026-10-01 11:53,"20,8",54,"11,1","1,13","9,78"
2026-10-01 11:54,"20,8",54,"11,1","1,13","9,78"
2026-10-01 11:55,"20,8",54,"11,1","1,13","9,78"
2026-10-01 11:56,"20,8",54,"11,1","1,13","9,78"
2026-10-01 11:57,"20,8",54,"11,1","1,13","9,78"
2026-10-01 11:58,"20,8",54,"11,1","1,13","9,78"
2026-10-01 11:59,"20,8",54,"11,1","1,13","9,78"
2026-10-01 12:00,"20,8",54,"11,1","1,13","9,78"
2026-10-01 12:01,"20,8",54,"11,1","1,13","9,78"
2026-10-01 12:02,"20,8",54,"11,1","1,13","9,78"
2026-10-01 12:03,"20,8",54,"11,1","1,13","9,78"
2026-10-01 12:04,"20,8",54,"11,1","1,13","9,75"
2026-10-01 12:05,"20,7",54,"11,1","1,12","9,72"
2026-10-01 12:06,"20,7",54,"11,1","1,12","9,72"
2026-10-01 12:07,"20,7",54,"11,1","1,12","9,72"
2026-10-01 12:08,"20,7",54,"11,1","1,12","9,72"
2026-10-01 12:09,"20,7",54,"11,1","1,12","9,72"
2026-10-01 12:10,"20,7",54,"11,1","1,12","9,72"
2026-10-01 12:11,"20,7",54,"11,1","1,12","9,72"
2026-10-01 12:12,"20,7",54,"11,1","1,12","9,72"
2026-10-01 12:13,"20,7",54,"11,1","1,12","9,72"
2026-10-01 12:14,"20,7",54,"11,1","1,12","9,72"
2026-10-01 12:15,"20,7",54,"11,1","1,12","9,72"
2026-10-01 12:16,"20,7",54,"11,1","1,12","9,72"
2026-10-01 12:17,"20,7",54,"11,1","1,12","9,72"
2026-10-01 12:18,"20,7",54,"11,1","1,12","9,72"
2026-10-01 12:19,"20,7",54,"11,1","1,12","9,72"
2026-10-01 12:20,"20,7",54,"11,1","1,12","9,72"
2026-10-01 12:21,"20,7",54,"11,1","1,12","9,72"
2026-10-01 12:22,"20,7",54,"11,1","1,12","9,72"
2026-10-01 12:23,"20,7",54,"11,1","1,12","9,72"
2026-10-01 12:24,"20,7",54,"11,1","1,12","9,72"
2026-10-01 12:25,"20,7",54,"11,1","1,12","9,72"
2026-10-01 12:26,"20,7",54,"11,1","1,12","9,72"
2026-10-01 12:27,"20,7",54,"11,1","1,12","9,72"
2026-10-01 12:28,"20,7",54,"11,1","1,12","9,72"
2026-10-01 12:29,"20,7",54,"11,1","1,12","9,72"
2026-10-01 12:30,"20,7",54,"11,1","1,12","9,72"
2026-10-01 12:31,"20,7",54,"11,1","1,12","9,72"
2026-10-01 12:32,"20,7",54,"11,1","1,12","9,72"
2026-10-01 12:33,"20,7",54,"11,1","1,12","9,72"
2026-10-01 12:34,"20,7",54,"11,1","1,12","9,72"
2026-10-01 12:35,"20,7",54,"11,1","1,12","9,72"
2026-10-01 12:36,"20,7",54,"11,1","1,12","9,72"
2026-10-01 12:37,"20,7",54,"11,1","1,12","9,72"
2026-10-01 12:38,"20,7",54,"11,1","1,12","9,72"
2026-10-01 12:39,"20,7",54,"11,1","1,12","9,72"
2026-10-01 12:40,"20,7",54,"11,1","1,12","9,72"
2026-10-01 12:41,"20,7",54,"11,1","1,12","9,72"
2026-10-01 12:42,"20,7",54,"11,1","1,12","9,72"
2026-10-01 12:43,"20,7",54,"11,1","1,12","9,72"
2026-10-01 12:44,"20,7",54,"11,1","1,12","9,72"
2026-10-01 12:45,"20,7",54,"11,1","1,12","9,72"
2026-10-01 12:46,"20,7",54,"11,1","1,12","9,72"
2026-10-01 12:47,"20,7",54,"11,1","1,12","9,72"
2026-10-01 12:48,"20,7",54,"11,0","1,12","9,69"
2026-10-01 12:49,"20,6",54,"11,0","1,12","9,66"
2026-10-01 12:50,"20,6",54,"11,0","1,12","9,66"
2026-10-01 12:51,"20,6",54,"11,0","1,12","9,66"
2026-10-01 12:52,"20,6",54,"11,0","1,12","9,66"
2026-10-01 12:53,"20,6",54,"11,0","1,12","9,66"
2026-10-01 12:54,"20,6",54,"11,0","1,12","9,66"
2026-10-01 12:55,"20,6",54,"11,0","1,12","9,66"
2026-10-01 12:56,"20,6",54,"11,0","1,12","9,66"
2026-10-01 12:57,"20,6",54,"11,0","1,12","9,66"
2026-10-01 12:58,"20,6",54,"11,0","1,12","9,66"
2026-10-01 12:59,"20,6",54,"11,0","1,12","9,66"
2026-10-01 13:00,"20,6",54,"11,0","1,12","9,66"
2026-10-01 13:01,"20,6",54,"11,0","1,12","9,66"
2026-10-01 13:02,"20,6",54,"11,0","1,12","9,66"
2026-10-01 13:03,"20,6",54,"11,0","1,12","9,66"
2026-10-01 13:04,"20,6",54,"11,0","1,12","9,66"
2026-10-01 13:05,"20,6",54,"11,0","1,12","9,66"
2026-10-01 13:06,"20,6",54,"11,0","1,12","9,66"
2026-10-01 13:07,"20,6",54,"11,0","1,12","9,66"
2026-10-01 13:08,"20,6",54,"11,0","1,12","9,66"
2026-10-01 13:09,"20,6",54,"11,0","1,12","9,66"
2026-10-01 13:10,"20,6",54,"11,0","1,12","9,66"
2026-10-01 13:11,"20,6",54,"11,0","1,12","9,66"
2026-10-01 13:12,"20,6",54,"11,0","1,12","9,66"
2026-10-01 13:13,"20,6",54,"11,0","1,12","9,66"
2026-10-01 13:14,"20,6",54,"11,0","1,12","9,66"
2026-10-01 13:15,"20,6",54,"11,0","1,12","9,66"
2026-10-01 13:16,"20,6",54,"11,0","1,12","9,66"
2026-10-01 13:17,"20,6",54,"11,0","1,12","9,66"
2026-10-01 13:18,"20,6",54,"11,0","1,12","9,66"
2026-10-01 13:19,"20,6",54,"11,0","1,12","9,66"
2026-10-01 13:20,"20,6",54,"11,0","1,12","9,66"
2026-10-01 13:21,"20,6",54,"11,0","1,12","9,66"
2026-10-01 13:22,"20,6",54,"11,0","1,12","9,66"
2026-10-01 13:23,"20,6",54,"11,0","1,12","9,66"
2026-10-01 13:24,"20,6",54,"11,0","1,12","9,66"
2026-10-01 13:25,"20,6",54,"11,0","1,12","9,66"
2026-10-01 13:26,"20,6",54,"11,0","1,12","9,66"
2026-10-01 13:27,"20,6",54,"11,0","1,12","9,66"
2026-10-01 13:28,"20,6",54,"11,0","1,12","9,66"
2026-10-01 13:29,"20,6",54,"11,0","1,12","9,66"
2026-10-01 13:30,"20,6",54,"11,0","1,12","9,66"
2026-10-01 13:31,"20,6",54,"11,0","1,12","9,66"
2026-10-01 13:32,"20,6",54,"11,0","1,12","9,66"
2026-10-01 13:33,"20,6",54,"11,0","1,12","9,66"
2026-10-01 13:34,"20,6",54,"11,0","1,12","9,66"
2026-10-01 13:35,"20,6",54,"11,0","1,12","9,66"
2026-10-01 13:36,"20,6",54,"11,0","1,12","9,66"
2026-10-01 13:37,"20,6",54,"11,0","1,12","9,66"
2026-10-01 13:38,"20,6",54,"11,0","1,12","9,66"
2026-10-01 13:39,"20,6",54,"11,0","1,12","9,66"
2026-10-01 13:40,"20,6",54,"11,0","1,12","9,66"
2026-10-01 13:41,"20,6",54,"11,0","1,12","9,66"
2026-10-01 13:42,"20,6",54,"11,0","1,12","9,66"
2026-10-01 13:43,"20,6",54,"11,0","1,12","9,66"
2026-10-01 13:44,"20,6",54,"11,0","1,12","9,66"
2026-10-01 13:45,"20,6",54,"11,0","1,12","9,66"
2026-10-01 13:46,"20,6",54,"11,0","1,12","9,66"
2026-10-01 13:47,"20,6",54,"11,0","1,12","9,66"
2026-10-01 13:48,"20,6",54,"11,0","1,12","9,66"
2026-10-01 13:49,"20,6",54,"11,0","1,12","9,66"
2026-10-01 13:50,"20,6",54,"11,0","1,12","9,66"
2026-10-01 13:51,"20,6",54,"11,0","1,12","9,66"
2026-10-01 13:52,"20,6",54,"11,0","1,12","9,66"
2026-10-01 13:53,"20,6",54,"11,0","1,12","9,66"
2026-10-01 13:54,"20,6",54,"11,0","1,12","9,66"
2026-10-01 13:55,"20,6",54,"11,0","1,12","9,66"
2026-10-01 13:56,"20,6",54,"11,0","1,12","9,66"
2026-10-01 13:57,"20,6",54,"11,0","1,12","9,66"
2026-10-01 13:58,"20,6",54,"11,0","1,12","9,66"
2026-10-01 13:59,"20,6",54,"11,0","1,12","9,66"
2026-10-01 14:00,"20,6",54,"11,0","1,12","9,66"
2026-10-01 14:01,"20,6",54,"11,0","1,12","9,66"
2026-10-01 14:02,"20,6",54,"11,0","1,12","9,66"
2026-10-01 14:03,"20,6",54,"11,0","1,12","9,66"
2026-10-01 14:04,"20,6",54,"11,0","1,12","9,66"
2026-10-01 14:05,"20,6",54,"11,0","1,12","9,66"
2026-10-01 14:06,"20,6",54,"11,0","1,12","9,66"
2026-10-01 14:07,"20,6",54,"11,0","1,12","9,66"
2026-10-01 14:08,"20,6",54,"11,0","1,12","9,66"
2026-10-01 14:09,"20,6",54,"11,0","1,12","9,66"
2026-10-01 14:10,"20,6",54,"11,0","1,12","9,66"
2026-10-01 14:11,"20,6",54,"11,0","1,12","9,66"
2026-10-01 14:12,"20,6",54,"11,0","1,12","9,66"
2026-10-01 14:13,"20,6",54,"11,0","1,12","9,66"
2026-10-01 14:14,"20,6",54,"11,0","1,12","9,66"
2026-10-01 14:15,"20,6",54,"11,0","1,12","9,66"
2026-10-01 14:16,"20,6",54,"11,0","1,12","9,66"
2026-10-01 14:17,"20,6",54,"11,0","1,12","9,66"
2026-10-01 14:18,"20,6",54,"11,0","1,12","9,66"
2026-10-01 14:19,"20,6",54,"11,0","1,12","9,66"
2026-10-01 14:20,"20,6",54,"11,0","1,12","9,66"
2026-10-01 14:21,"20,6",54,"11,0","1,12","9,66"
2026-10-01 14:22,"20,6",54,"11,0","1,12","9,66"
2026-10-01 14:23,"20,6",54,"11,0","1,12","9,66"
2026-10-01 14:24,"20,6",54,"11,0","1,12","9,66"
2026-10-01 14:25,"20,6",54,"11,0","1,12","9,66"
2026-10-01 14:26,"20,6",54,"11,0","1,12","9,66"
2026-10-01 14:27,"20,6",54,"11,0","1,12","9,66"
2026-10-01 14:28,"20,6",54,"11,0","1,12","9,66"
2026-10-01 14:29,"20,6",54,"11,0","1,12","9,66"
2026-10-01 14:30,"20,6",54,"11,0","1,12","9,66"
2026-10-01 14:31,"20,6",54,"11,0","1,12","9,66"
2026-10-01 14:32,"20,6",54,"11,0","1,12","9,66"
2026-10-01 14:33,"20,6",54,"11,0","1,12","9,66"
2026-10-01 14:34,"20,6",54,"11,0","1,12","9,66"
2026-10-01 14:35,"20,6",54,"11,0","1,12","9,66"
2026-10-01 14:36,"20,6",54,"11,0","1,12","9,66"
2026-10-01 14:37,"20,6",54,"11,0","1,12","9,66"
2026-10-01 14:38,"20,6",54,"11,0","1,12","9,66"
2026-10-01 14:39,"20,6",54,"11,0","1,12","9,66"
2026-10-01 14:40,"20,6",54,"11,0","1,12","9,66"
2026-10-01 14:41,"20,6",54,"11,0","1,12","9,66"
2026-10-01 14:42,"20,6",54,"11,0","1,12","9,66"
2026-10-01 14:43,"20,6",54,"11,0","1,12","9,66"
2026-10-01 14:44,"20,6",54,"11,0","1,12","9,66"
2026-10-01 14:45,"20,6",54,"11,0","1,12","9,66"
2026-10-01 14:46,"20,6",54,"11,0","1,12","9,66"
2026-10-01 14:47,"20,6",54,"11,0","1,12","9,66"
2026-10-01 14:48,"20,6",54,"11,0","1,12","9,66"
2026-10-01 14:49,"20,6",54,"11,0","1,12","9,66"
2026-10-01 14:50,"20,6",54,"11,0","1,12","9,66"
2026-10-01 14:51,"20,6",54,"11,0","1,12","9,66"
2026-10-01 14:52,"20,6",54,"11,0","1,12","9,66"
2026-10-01 14:53,"20,6",54,"11,0","1,12","9,66"
2026-10-01 14:54,"20,6",54,"11,0","1,12","9,66"
2026-10-01 14:55,"20,6",54,"11,0","1,12","9,66"
2026-10-01 14:56,"20,6",54,"11,0","1,12","9,66"
2026-10-01 14:57,"20,6",54,"11,0","1,12","9,66"
2026-10-01 14:58,"20,6",54,"11,0","1,12","9,66"
2026-10-01 14:59,"20,6",54,"11,0","1,12","9,66"
2026-10-01 15:00,"20,6",54,"11,0","1,12","9,66"
2026-10-01 15:01,"20,6",54,"11,0","1,12","9,66"
2026-10-01 15:02,"20,6",54,"11,0","1,12","9,66"
2026-10-01 15:03,"20,6",54,"11,0","1,12","9,66"
2026-10-01 15:04,"20,6",54,"11,0","1,12","9,66"
2026-10-01 15:05,"20,6",54,"11,0","1,12","9,66"
2026-10-01 15:06,"20,6",54,"11,0","1,12","9,66"
2026-10-01 15:07,"20,6",54,"11,0","1,12","9,66"
2026-10-01 15:08,"20,6",54,"11,0","1,12","9,66"
2026-10-01 15:09,"20,6",54,"11,0","1,12","9,66"
2026-10-01 15:10,"20,6",54,"11,0","1,12","9,66"
2026-10-01 15:11,"20,6",54,"11,0","1,12","9,66"
2026-10-01 15:12,"20,6",54,"11,0","1,12","9,66"
2026-10-01 15:13,"20,6",54,"11,0","1,12","9,66"
2026-10-01 15:14,"20,6",54,"11,0","1,12","9,66"
2026-10-01 15:15,"20,6",54,"11,0","1,12","9,66"
2026-10-01 15:16,"20,6",54,"11,0","1,12","9,66"
2026-10-01 15:17,"20,6",54,"11,0","1,12","9,66"
2026-10-01 15:18,"20,6",54,"11,0","1,12","9,66"
2026-10-01 15:19,"20,6",54,"11,0","1,12","9,66"
2026-10-01 15:20,"20,6",54,"11,0","1,12","9,66"
2026-10-01 15:21,"20,6",54,"11,0","1,12","9,66"
2026-10-01 15:22,"20,6",54,"11,0","1,12","9,66"
2026-10-01 15:23,"20,6",54,"11,0","1,12","9,66"
2026-10-01 15:24,"20,6",54,"11,0","1,12","9,66"
2026-10-01 15:25,"20,6",54,"11,0","1,12","9,66"
2026-10-01 15:26,"20,6",54,"11,0","1,12","9,66"
2026-10-01 15:27,"20,6",54,"11,0","1,12","9,66"
2026-10-01 15:28,"20,6",54,"11,0","1,12","9,66"
2026-10-01 15:29,"20,6",54,"11,0","1,12","9,66"
2026-10-01 15:30,"20,6",54,"11,0","1,12","9,66"
2026-10-01 15:31,"20,6",54,"11,0","1,12","9,66"
2026-10-01 15:32,"20,6",54,"11,0","1,12","9,66"
2026-10-01 15:33,"20,6",54,"11,0","1,12","9,66"
2026-10-01 15:34,"20,6",54,"11,0","1,12","9,66"
2026-10-01 15:35,"20,6",54,"11,0","1,12","9,66"
2026-10-01 15:36,"20,6",54,"11,0","1,12","9,66"
2026-10-01 15:37,"20,6",54,"11,0","1,12","9,66"
2026-10-01 15:38,"20,6",54,"11,0","1,12","9,66"
2026-10-01 15:39,"20,6",54,"11,0","1,12","9,66"
2026-10-01 15:40,"20,6",54,"11,0","1,12","9,66"
2026-10-01 15:41,"20,6",54,"11,0","1,12","9,66"
2026-10-01 15:42,"20,6",54,"11,0","1,12","9,66"
2026-10-01 15:43,"20,6",54,"11,0","1,12","9,66"
2026-10-01 15:44,"20,6",54,"11,0","1,12","9,66"
2026-10-01 15:45,"20,6",54,"11,0","1,12","9,66"
2026-10-01 15:46,"20,6",54,"11,0","1,12","9,66"
2026-10-01 15:47,"20,6",54,"11,0","1,12","9,66"
2026-10-01 15:48,"20,6",54,"11,0","1,12","9,66"
2026-10-01 15:49,"20,6",54,"11,0","1,12","9,66"
2026-10-01 15:50,"20,6",54,"11,0","1,12","9,66"
2026-10-01 15:51,"20,6",54,"11,0","1,12","9,66"
2026-10-01 15:52,"20,6",54,"11,0","1,12","9,66"
2026-10-01 15:53,"20,6",54,"11,0","1,12","9,66"
2026-10-01 15:54,"20,6",54,"11,0","1,12","9,66"
2026-10-01 15:55,"20,6",54,"11,0","1,12","9,66"
2026-10-01 15:56,"20,6",54,"11,0","1,12","9,66"
2026-10-01 15:57,"20,6",54,"11,0","1,12","9,66"
2026-10-01 15:58,"20,6",54,"11,0","1,12","9,66"
2026-10-01 15:59,"20,6",54,"11,0","1,12","9,66"
2026-10-01 16:00,"20,6",54,"11,0","1,12","9,66"
2026-10-01 16:01,"20,6",54,"11,0","1,12","9,66"
2026-10-01 16:02,"20,6",54,"11,0","1,12","9,66"
2026-10-01 16:03,"20,6",54,"11,0","1,12","9,66"
2026-10-01 16:04,"20,6",54,"11,0","1,12","9,66"
2026-10-01 16:05,"20,6",54,"11,0","1,12","9,66"
2026-10-01 16:06,"20,6",54,"11,0","1,12","9,66"
2026-10-01 16:07,"20,6",54,"11,0","1,12","9,66"
2026-10-01 16:08,"20,6",54,"11,0","1,12","9,66"
2026-10-01 16:09,"20,6",54,"11,0","1,12","9,66"
2026-10-01 16:10,"20,6",54,"11,0","1,12","9,66"
2026-10-01 16:11,"20,6",54,"11,0","1,12","9,66"
2026-10-01 16:12,"20,6",54,"11,0","1,12","9,66"
2026-10-01 16:13,"20,6",54,"11,0","1,12","9,66"
2026-10-01 16:14,"20,6",54,"11,0","1,12","9,66"
2026-10-01 16:15,"20,6",54,"11,0","1,12","9,66"
2026-10-01 16:16,"20,5",54,"10,9","1,11","9,64"
2026-10-01 16:17,"20,5",54,"10,9","1,11","9,61"
2026-10-01 16:18,"20,5",54,"10,9","1,11","9,61"
2026-10-01 16:19,"20,5",54,"10,9","1,11","9,61"
2026-10-01 16:20,"20,5",54,"10,9","1,11","9,61"
2026-10-01 16:21,"20,5",54,"10,9","1,11","9,61"
2026-10-01 16:22,"20,5",54,"10,9","1,11","9,61"
2026-10-01 16:23,"20,5",54,"10,9","1,11","9,61"
2026-10-01 16:24,"20,5",54,"10,9","1,11","9,61"
2026-10-01 16:25,"20,5",54,"10,9","1,11","9,61"
2026-10-01 16:26,"20,5",54,"10,9","1,11","9,61"
2026-10-01 16:27,"20,5",54,"10,9","1,11","9,61"
2026-10-01 16:28,"20,5",54,"10,9","1,11","9,61"
2026-10-01 16:29,"20,5",54,"10,9","1,11","9,61"
2026-10-01 16:30,"20,5",54,"10,9","1,11","9,61"
2026-10-01 16:31,"20,5",54,"10,9","1,11","9,61"
2026-10-01 16:32,"20,5",54,"10,9","1,11","9,61"
2026-10-01 16:33,"20,5",54,"10,9","1,11","9,61"
2026-10-01 16:34,"20,5",54,"10,9","1,11","9,61"
2026-10-01 16:35,"20,5",54,"10,9","1,11","9,61"
2026-10-01 16:36,"20,5",54,"10,9","1,11","9,61"
2026-10-01 16:37,"20,5",54,"10,9","1,11","9,61"
2026-10-01 16:38,"20,5",54,"10,9","1,11","9,61"
2026-10-01 16:39,"20,5",54,"10,9","1,11","9,61"
2026-10-01 16:40,"20,5",54,"10,9","1,11","9,61"
2026-10-01 16:41,"20,5",54,"10,9","1,11","9,61"
2026-10-01 16:42,"20,5",54,"10,9","1,11","9,61"
2026-10-01 16:43,"20,5",54,"10,9","1,11","9,61"
2026-10-01 16:44,"20,5",54,"10,9","1,11","9,61"
2026-10-01 16:45,"20,5",54,"10,9","1,11","9,61"
2026-10-01 16:46,"20,5",54,"10,9","1,11","9,61"
2026-10-01 16:47,"20,5",54,"10,9","1,11","9,61"
2026-10-01 16:48,"20,5",54,"10,9","1,11","9,61"
2026-10-01 16:49,"20,5",54,"10,9","1,11","9,61"
2026-10-01 16:50,"20,5",54,"10,9","1,11","9,61"
2026-10-01 16:51,"20,5",54,"10,9","1,11","9,61"
2026-10-01 16:52,"20,5",54,"10,9","1,11","9,61"
2026-10-01 16:53,"20,5",54,"10,9","1,11","9,61"
2026-10-01 16:54,"20,5",54,"10,9","1,11","9,61"
2026-10-01 16:55,"20,5",54,"10,9","1,11","9,61"
2026-10-01 16:56,"20,5",54,"10,9","1,11","9,61"
2026-10-01 16:57,"20,5",54,"10,9","1,11","9,61"
2026-10-01 16:58,"20,5",54,"10,9","1,11","9,61"
2026-10-01 16:59,"20,5",54,"10,9","1,11","9,61"
2026-10-01 17:00,"20,5",54,"10,9","1,11","9,61"
2026-10-01 17:01,"20,5",54,"10,9","1,11","9,61"
2026-10-01 17:02,"20,5",54,"10,9","1,11","9,61"
2026-10-01 17:03,"20,5",54,"10,9","1,11","9,61"
2026-10-01 17:04,"20,5",54,"10,9","1,11","9,61"
2026-10-01 17:05,"20,5",54,"10,9","1,11","9,61"
2026-10-01 17:06,"20,5",54,"10,9","1,11","9,61"
2026-10-01 17:07,"20,5",54,"10,9","1,11","9,61"
2026-10-01 17:08,"20,5",54,"10,9","1,11","9,61"
2026-10-01 17:09,"20,5",54,"10,9","1,11","9,61"
2026-10-01 17:10,"20,5",54,"10,9","1,11","9,61"
2026-10-01 17:11,"20,5",54,"10,9","1,11","9,61"
2026-10-01 17:12,"20,5",54,"10,9","1,11","9,61"
2026-10-01 17:13,"20,5",54,"10,9","1,11","9,61"
2026-10-01 17:14,"20,5",54,"10,9","1,11","9,61"
2026-10-01 17:15,"20,5",54,"10,9","1,11","9,61"
2026-10-01 17:16,"20,5",54,"10,9","1,11","9,61"
2026-10-01 17:17,"20,5",54,"10,9","1,11","9,61"
2026-10-01 17:18,"20,5",54,"10,9","1,11","9,61"
2026-10-01 17:19,"20,5",54,"10,9","1,11","9,61"
2026-10-01 17:20,"20,5",54,"10,9","1,11","9,61"
2026-10-01 17:21,"20,5",54,"10,9","1,11","9,61"
2026-10-01 17:22,"20,5",54,"10,9","1,11","9,61"
2026-10-01 17:23,"20,5",54,"10,9","1,11","9,61"
2026-10-01 17:24,"20,5",54,"10,9","1,11","9,61"
2026-10-01 17:25,"20,5",54,"10,9","1,11","9,61"
2026-10-01 17:26,"20,5",54,"10,9","1,11","9,61"
2026-10-01 17:27,"20,5",54,"10,9","1,11","9,61"
2026-10-01 17:28,"20,5",54,"10,9","1,11","9,61"
2026-10-01 17:29,"20,5",54,"10,9","1,11","9,61"
2026-10-01 17:30,"20,5",54,"10,9","1,11","9,61"
2026-10-01 17:31,"20,5",54,"10,9","1,11","9,61"
2026-10-01 17:32,"20,5",54,"10,9","1,11","9,61"
2026-10-01 17:33,"20,5",54,"10,9","1,11","9,61"
2026-10-01 17:34,"20,5",54,"10,9","1,11","9,61"
2026-10-01 17:35,"20,5",54,"10,9","1,11","9,61"
2026-10-01 17:36,"20,5",54,"10,9","1,11","9,61"
2026-10-01 17:37,"20,5",54,"10,9","1,11","9,61"
2026-10-01 17:38,"20,5",54,"10,9","1,11","9,61"
2026-10-01 17:39,"20,5",54,"10,9","1,11","9,61"
2026-10-01 17:40,"20,5",54,"10,9","1,11","9,61"
2026-10-01 17:41,"20,5",54,"10,9","1,11","9,61"
2026-10-01 17:42,"20,5",54,"10,9","1,11","9,61"
2026-10-01 17:43,"20,5",54,"10,9","1,11","9,61"
2026-10-01 17:44,"20,5",54,"10,9","1,11","9,61"
2026-10-01 17:45,"20,5",54,"10,9","1,11","9,61"
2026-10-01 17:46,"20,5",54,"10,9","1,11","9,61"
2026-10-01 17:47,"20,5",54,"10,9","1,11","9,61"
2026-10-01 17:48,"20,5",54,"10,9","1,11","9,61"
2026-10-01 17:49,"20,5",54,"10,9","1,11","9,61"
2026-10-01 17:50,"20,5",54,"10,9","1,11","9,61"
2026-10-01 17:51,"20,5",54,"10,9","1,11","9,61"
2026-10-01 17:52,"20,5",54,"10,9","1,11","9,61"
2026-10-01 17:53,"20,5",54,"10,9","1,11","9,61"
2026-10-01 17:54,"20,5",54,"10,9","1,11","9,61"
2026-10-01 17:55,"20,5",54,"10,9","1,11","9,61"
2026-10-01 17:56,"20,5",54,"10,9","1,11","9,61"
2026-10-01 17:57,"20,5",54,"10,9","1,11","9,61"
2026-10-01 17:58,"20,5",53,"10,6","1,13","9,43"
2026-10-01 17:59,"20,5",53,"10,6","1,13","9,43"
2026-10-01 18:00,"20,5",53,"10,6","1,14","9,46"
2026-10-01 18:01,"20,6",53,"10,7","1,14","9,49"
2026-10-01 18:02,"20,7",53,"10,7","1,14","9,51"
2026-10-01 18:03,"20,7",53,"10,8","1,15","9,54"
2026-10-01 18:04,"20,7",53,"10,8","1,15","9,54"
2026-10-01 18:05,"20,7",53,"10,8","1,15","9,54"
2026-10-01 18:06,"20,7",53,"10,8","1,15","9,54"
2026-10-01 18:07,"20,7",53,"10,8","1,15","9,54"
2026-10-01 18:08,"20,7",53,"10,8","1,15","9,54"
2026-10-01 18:09,"20,7",53,"10,8","1,15","9,54"
2026-10-01 18:10,"20,8",53,"10,8","1,15","9,57"
2026-10-01 18:11,"20,8",53,"10,9","1,15","9,60"
2026-10-01 18:12,"20,8",53,"10,9","1,15","9,60"
2026-10-01 18:13,"20,8",53,"10,9","1,15","9,60"
2026-10-01 18:14,"20,8",52,"10,6","1,18","9,42"
2026-10-01 18:15,"20,8",52,"10,6","1,18","9,42"
2026-10-01 18:16,"20,8",52,"10,6","1,18","9,42"
2026-10-01 18:17,"20,8",52,"10,6","1,18","9,42"
2026-10-01 18:18,"20,8",52,"10,6","1,18","9,44"
2026-10-01 18:19,"20,9",52,"10,7","1,19","9,47"
2026-10-01 18:20,"20,9",53,"11,0","1,16","9,65"
2026-10-01 18:21,"20,9",55,"11,5","1,11","10,02"
2026-10-01 18:22,"20,9",55,"11,5","1,11","10,02"
2026-10-01 18:23,"20,9",55,"11,5","1,11","10,02"
2026-10-01 18:24,"21,0",54,"11,3","1,14","9,86"
2026-10-01 18:25,"21,0",54,"11,3","1,14","9,89"
2026-10-01 18:26,"21,0",54,"11,3","1,14","9,89"
2026-10-01 18:27,"21,0",54,"11,3","1,14","9,89"
2026-10-01 18:28,"21,0",54,"11,3","1,14","9,89"
2026-10-01 18:29,"21,0",54,"11,3","1,14","9,89"
2026-10-01 18:30,"21,0",52,"10,8","1,19","9,53"
2026-10-01 18:31,"21,0",51,"10,5","1,22","9,34"
2026-10-01 18:32,"21,0",51,"10,5","1,22","9,34"
2026-10-01 18:33,"21,0",51,"10,5","1,22","9,34"
2026-10-01 18:34,"21,0",51,"10,4","1,21","9,32"
2026-10-01 18:35,"20,9",51,"10,4","1,21","9,29"
2026-10-01 18:36,"20,9",51,"10,4","1,21","9,29"
2026-10-01 18:37,"20,9",51,"10,4","1,21","9,29"
2026-10-01 18:38,"20,9",51,"10,4","1,21","9,29"
2026-10-01 18:39,"20,9",51,"10,4","1,21","9,29"
2026-10-01 18:40,"20,8",50,"10,0","1,23","9,08"
2026-10-01 18:41,"20,8",49,"9,7","1,25","8,87"
2026-10-01 18:42,"20,8",49,"9,7","1,25","8,87"
2026-10-01 18:43,"20,8",49,"9,7","1,25","8,87"
2026-10-01 18:44,"20,8",49,"9,7","1,25","8,87"
2026-10-01 18:45,"20,8",49,"9,7","1,25","8,87"
2026-10-01 18:46,"20,8",49,"9,7","1,25","8,87"
2026-10-01 18:47,"20,8",49,"9,7","1,25","8,87"
2026-10-01 18:48,"20,8",49,"9,7","1,25","8,87"
2026-10-01 18:49,"20,8",50,"10,0","1,23","9,05"
2026-10-01 18:50,"20,3",52,"10,1","1,14","9,12"
2026-10-01 18:51,"19,7",55,"10,4","1,03","9,34"
2026-10-01 18:52,"20,0",53,"10,1","1,10","9,16"
2026-10-01 18:53,"20,3",52,"10,1","1,14","9,15"
2026-10-01 18:54,"21,1",49,"10,0","1,28","9,03"
2026-10-01 18:55,"21,9",46,"9,8","1,42","8,88"
2026-10-01 18:56,"22,4",47,"10,5","1,44","9,33"
2026-10-01 18:57,"22,9",48,"11,3","1,45","9,81"
2026-10-01 18:58,"23,0",55,"13,5","1,27","11,34"
2026-10-01 18:59,"23,2",62,"15,5","1,08","12,89"
2026-10-01 19:00,"23,2",54,"13,3","1,30","11,19"
2026-10-01 19:01,"23,1",47,"11,2","1,50","9,72"
2026-10-01 19:02,"22,9",47,"11,0","1,48","9,61"
2026-10-01 19:03,"22,7",47,"10,8","1,46","9,50"
2026-10-01 19:04,"22,5",47,"10,6","1,44","9,39"
2026-10-01 19:05,"22,3",47,"10,4","1,43","9,28"
2026-10-01 19:06,"22,2",47,"10,3","1,42","9,23"
2026-10-01 19:07,"22,1",47,"10,3","1,41","9,17"
2026-10-01 19:08,"22,0",47,"10,2","1,40","9,12"
2026-10-01 19:09,"21,9",48,"10,4","1,37","9,26"
2026-10-01 19:10,"21,8",48,"10,3","1,36","9,21"
2026-10-01 19:11,"21,7",49,"10,5","1,32","9,35"
2026-10-01 19:12,"21,7",49,"10,5","1,32","9,32"
2026-10-01 19:13,"21,6",49,"10,4","1,32","9,29"
2026-10-01 19:14,"21,5",50,"10,7","1,29","9,46"
2026-10-01 19:15,"21,5",51,"10,9","1,26","9,62"
2026-10-01 19:16,"21,5",52,"11,2","1,23","9,81"
2026-10-01 19:17,"21,5",54,"11,8","1,18","10,18"
2026-10-01 19:18,"21,5",54,"11,8","1,18","10,18"
2026-10-01 19:19,"21,5",54,"11,8","1,18","10,18"
2026-10-01 19:20,"21,5",54,"11,8","1,18","10,18"
2026-10-01 19:21,"21,5",54,"11,8","1,18","10,18"
2026-10-01 19:22,"21,5",54,"11,8","1,18","10,15"
2026-10-01 19:23,"21,4",54,"11,7","1,17","10,12"
2026-10-01 19:24,"21,4",54,"11,7","1,17","10,12"
2026-10-01 19:25,"21,4",54,"11,7","1,17","10,12"
2026-10-01 19:26,"21,5",54,"11,8","1,18","10,15"
2026-10-01 19:27,"21,5",55,"12,1","1,15","10,37"
2026-10-01 19:28,"21,5",55,"12,1","1,15","10,37"
2026-10-01 19:29,"21,5",55,"12,1","1,15","10,37"
2026-10-01 19:30,"21,5",55,"12,1","1,15","10,37"
2026-10-01 19:31,"21,5",55,"12,1","1,15","10,37"
2026-10-01 19:32,"21,5",55,"12,1","1,15","10,37"
2026-10-01 19:33,"21,5",55,"12,1","1,15","10,37"
2026-10-01 19:34,"21,5",55,"12,0","1,15","10,34"
2026-10-01 19:35,"21,4",55,"12,0","1,15","10,31"
2026-10-01 19:36,"21,4",55,"12,0","1,15","10,31"
2026-10-01 19:37,"21,4",56,"12,3","1,12","10,50"
2026-10-01 19:38,"21,4",57,"12,5","1,10","10,69"
2026-10-01 19:39,"21,4",59,"13,1","1,04","11,06"
2026-10-01 19:40,"21,4",59,"13,1","1,04","11,06"
2026-10-01 19:41,"21,4",59,"13,1","1,04","11,06"
2026-10-01 19:42,"21,4",60,"13,3","1,02","11,25"
2026-10-01 19:43,"21,4",61,"13,6","0,99","11,44"
2026-10-01 19:44,"21,4",61,"13,6","0,99","11,44"
2026-10-01 19:45,"21,4",61,"13,6","0,99","11,44"
2026-10-01 19:46,"21,4",60,"13,3","1,02","11,25"
2026-10-01 19:47,"21,4",60,"13,3","1,02","11,25"
2026-10-01 19:48,"21,4",60,"13,3","1,02","11,25"
2026-10-01 19:49,"21,4",60,"13,3","1,02","11,25"
2026-10-01 19:50,"21,8",60,"13,7","1,04","11,51"
2026-10-01 19:51,"22,2",60,"14,1","1,07","11,78"
2026-10-01 19:52,"22,4",60,"14,2","1,08","11,88"
2026-10-01 19:53,"22,5",60,"14,3","1,09","11,98"
2026-10-01 19:54,"22,5",59,"14,0","1,11","11,75"
2026-10-01 19:55,"22,4",59,"14,0","1,11","11,72"
2026-10-01 19:56,"22,3",60,"14,2","1,08","11,88"
2026-10-01 19:57,"22,3",62,"14,7","1,02","12,24"
2026-10-01 19:58,"22,3",62,"14,6","1,02","12,21"
2026-10-01 19:59,"22,2",62,"14,6","1,02","12,17"
2026-10-01 20:00,"22,2",63,"14,8","0,99","12,37"
2026-10-01 20:01,"22,2",65,"15,3","0,94","12,76"
2026-10-01 20:02,"22,2",65,"15,3","0,94","12,76"
2026-10-01 20:03,"22,2",65,"15,3","0,94","12,76"
2026-10-01 20:04,"22,3",65,"15,4","0,94","12,80"
2026-10-01 20:05,"22,3",66,"15,6","0,92","13,03"
2026-10-01 20:06,"22,3",65,"15,4","0,94","12,83"
2026-10-01 20:07,"22,3",64,"15,2","0,97","12,64"
2026-10-01 20:08,"22,3",63,"14,9","1,00","12,44"
2026-10-01 20:09,"22,3",63,"14,9","1,00","12,44"
2026-10-01 20:10,"22,3",63,"14,9","1,00","12,44"
2026-10-01 20:11,"22,3",63,"14,9","1,00","12,44"
2026-10-01 20:12,"22,3",62,"14,7","1,03","12,28"
2026-10-01 20:13,"22,4",61,"14,5","1,06","12,11"
2026-10-01 20:14,"22,4",61,"14,5","1,06","12,11"
2026-10-01 20:15,"22,4",61,"14,5","1,06","12,11"
2026-10-01 20:16,"22,4",60,"14,3","1,08","11,92"
2026-10-01 20:17,"22,4",60,"14,3","1,08","11,92"
2026-10-01 20:18,"22,4",60,"14,3","1,08","11,92"
2026-10-01 20:19,"22,4",60,"14,3","1,08","11,92"
2026-10-01 20:20,"22,4",60,"14,3","1,08","11,92"
2026-10-01 20:21,"22,4",60,"14,3","1,08","11,92"
2026-10-01 20:22,"22,4",60,"14,3","1,08","11,92"
2026-10-01 20:23,"22,4",60,"14,3","1,08","11,92"
2026-10-01 20:24,"22,5",60,"14,3","1,09","11,95"
2026-10-01 20:25,"22,5",60,"14,3","1,09","11,98"
2026-10-01 20:26,"22,5",60,"14,3","1,09","11,98"
2026-10-01 20:27,"22,5",60,"14,3","1,09","11,98"
2026-10-01 20:28,"22,5",60,"14,3","1,09","11,98"
2026-10-01 20:29,"22,5",60,"14,3","1,09","11,98"
2026-10-01 20:30,"22,5",61,"14,6","1,06","12,18"
2026-10-01 20:31,"22,5",63,"15,1","1,01","12,58"
2026-10-01 20:32,"22,5",62,"14,9","1,04","12,42"
2026-10-01 20:33,"22,6",61,"14,7","1,07","12,25"
2026-10-01 20:34,"22,6",61,"14,7","1,07","12,25"
2026-10-01 20:35,"22,6",61,"14,7","1,07","12,25"
2026-10-01 20:36,"22,6",61,"14,7","1,07","12,25"
2026-10-01 20:37,"22,6",61,"14,7","1,07","12,25"
2026-10-01 20:38,"22,5",61,"14,6","1,07","12,22"
2026-10-01 20:39,"22,5",61,"14,6","1,06","12,18"
2026-10-01 20:40,"22,5",61,"14,6","1,06","12,18"
2026-10-01 20:41,"22,5",62,"14,9","1,04","12,38"
2026-10-01 20:42,"22,5",62,"14,9","1,04","12,38"
2026-10-01 20:43,"22,5",62,"14,9","1,04","12,38"
2026-10-01 20:44,"22,5",62,"14,8","1,03","12,35"
2026-10-01 20:45,"22,4",62,"14,8","1,03","12,31"
2026-10-01 20:46,"22,4",63,"15,0","1,00","12,51"
2026-10-01 20:47,"22,4",65,"15,5","0,95","12,91"
2026-10-01 20:48,"22,4",65,"15,5","0,95","12,91"
2026-10-01 20:49,"22,4",65,"15,5","0,95","12,91"
2026-10-01 20:50,"22,5",65,"15,5","0,95","12,95"
2026-10-01 20:51,"22,5",65,"15,6","0,95","12,98"
2026-10-01 20:52,"22,5",65,"15,6","0,95","12,98"
2026-10-01 20:53,"22,5",65,"15,6","0,95","12,98"
2026-10-01 20:54,"22,5",65,"15,6","0,95","12,98"
2026-10-01 20:55,"22,5",65,"15,6","0,95","12,98"
2026-10-01 20:56,"22,5",65,"15,6","0,95","12,98"
2026-10-01 20:57,"22,5",65,"15,6","0,95","12,98"
2026-10-01 20:58,"22,5",65,"15,6","0,96","13,02"
2026-10-01 20:59,"22,6",65,"15,7","0,96","13,06"
2026-10-01 21:00,"22,6",65,"15,7","0,96","13,06"
2026-10-01 21:01,"22,6",66,"15,9","0,93","13,26"
2026-10-01 21:02,"22,6",66,"15,9","0,93","13,26"
2026-10-01 21:03,"22,6",67,"16,2","0,90","13,46"
2026-10-01 21:04,"22,6",67,"16,2","0,90","13,46"
2026-10-01 21:05,"22,6",67,"16,2","0,90","13,46"
2026-10-01 21:06,"22,6",67,"16,2","0,90","13,46"
2026-10-01 21:07,"22,6",67,"16,2","0,90","13,46"
2026-10-01 21:08,"22,6",67,"16,2","0,90","13,46"
2026-10-01 21:09,"22,6",67,"16,2","0,90","13,46"
2026-10-01 21:10,"22,6",66,"15,9","0,93","13,26"
2026-10-01 21:11,"22,6",65,"15,7","0,96","13,06"
2026-10-01 21:12,"22,5",65,"15,6","0,96","13,02"
2026-10-01 21:13,"22,5",65,"15,6","0,95","12,98"
2026-10-01 21:14,"22,5",65,"15,6","0,95","12,98"
2026-10-01 21:15,"22,5",65,"15,6","0,95","12,98"
2026-10-01 21:16,"22,5",65,"15,6","0,95","12,98"
2026-10-01 21:17,"22,5",65,"15,6","0,95","12,98"
2026-10-01 21:18,"22,5",64,"15,3","0,98","12,75"
2026-10-01 21:19,"22,4",63,"15,0","1,00","12,51"
2026-10-01 21:20,"22,4",63,"15,0","1,00","12,51"
2026-10-01 21:21,"22,4",63,"15,0","1,00","12,51"
2026-10-01 21:22,"22,3",63,"15,0","1,00","12,48"
2026-10-01 21:23,"22,3",63,"14,9","1,00","12,44"
2026-10-01 21:24,"22,3",63,"14,9","1,00","12,44"
2026-10-01 21:25,"22,3",63,"14,9","1,00","12,44"
2026-10-01 21:26,"22,3",63,"14,9","0,99","12,40"
2026-10-01 21:27,"22,2",63,"14,8","0,99","12,37"
2026-10-01 21:28,"22,2",63,"14,8","0,99","12,37"
2026-10-01 21:29,"22,2",63,"14,8","0,99","12,37"
2026-10-01 21:30,"22,2",63,"14,8","0,99","12,33"
2026-10-01 21:31,"22,1",63,"14,7","0,98","12,30"
2026-10-01 21:32,"22,1",63,"14,7","0,98","12,30"
2026-10-01 21:33,"22,1",63,"14,7","0,98","12,30"
2026-10-01 21:34,"22,1",62,"14,5","1,01","12,10"
2026-10-01 21:35,"22,1",62,"14,5","1,01","12,10"
2026-10-01 21:36,"22,0",62,"14,4","1,01","12,07"
2026-10-01 21:37,"22,0",62,"14,4","1,00","12,03"
2026-10-01 21:38,"22,0",62,"14,4","1,00","12,03"
2026-10-01 21:39,"22,0",62,"14,4","1,00","12,03"
2026-10-01 21:40,"22,0",62,"14,3","1,00","12,00"
2026-10-01 21:41,"21,9",62,"14,3","1,00","11,96"
2026-10-01 21:42,"21,9",62,"14,3","1,00","11,96"
2026-10-01 21:43,"21,9",62,"14,3","1,00","11,96"
2026-10-01 21:44,"21,8",62,"14,2","1,00","11,93"
2026-10-01 21:45,"21,8",62,"14,2","0,99","11,90"
2026-10-01 21:46,"21,8",62,"14,2","0,99","11,90"
2026-10-01 21:47,"21,8",62,"14,2","0,99","11,90"
2026-10-01 21:48,"21,8",62,"14,2","0,99","11,90"
2026-10-01 21:49,"21,8",62,"14,2","0,99","11,90"
2026-10-01 21:50,"21,8",61,"13,9","1,02","11,67"
2026-10-01 21:51,"21,7",61,"13,8","1,01","11,64"
2026-10-01 21:52,"21,7",61,"13,8","1,01","11,64"
2026-10-01 21:53,"21,7",61,"13,8","1,01","11,64"
2026-10-01 21:54,"21,7",61,"13,8","1,01","11,64"
2026-10-01 21:55,"21,7",61,"13,8","1,01","11,64"
2026-10-01 21:56,"21,7",61,"13,8","1,01","11,60"
2026-10-01 21:57,"21,6",61,"13,8","1,01","11,57"
2026-10-01 21:58,"21,6",61,"13,8","1,01","11,57"
2026-10-01 21:59,"21,6",61,"13,8","1,01","11,57"
2026-10-01 22:00,"21,6",61,"13,8","1,01","11,57"
2026-10-01 22:01,"21,6",61,"13,8","1,01","11,57"
2026-10-01 22:02,"21,5",61,"13,7","1,00","11,54"
2026-10-01 22:03,"21,5",61,"13,7","1,00","11,50"
2026-10-01 22:04,"21,5",61,"13,7","1,00","11,50"
2026-10-01 22:05,"21,5",61,"13,7","1,00","11,50"
2026-10-01 22:06,"21,5",61,"13,7","1,00","11,50"
2026-10-01 22:07,"21,5",61,"13,7","1,00","11,50"
2026-10-01 22:08,"21,5",61,"13,6","1,00","11,47"
2026-10-01 22:09,"21,4",61,"13,6","0,99","11,44"
2026-10-01 22:10,"21,4",61,"13,6","0,99","11,44"
2026-10-01 22:11,"21,4",61,"13,6","0,99","11,44"
2026-10-01 22:12,"21,4",61,"13,6","0,99","11,44"
2026-10-01 22:13,"21,4",61,"13,6","0,99","11,44"
2026-10-01 22:14,"21,3",61,"13,5","0,99","11,40"
2026-10-01 22:15,"21,3",61,"13,5","0,99","11,37"
2026-10-01 22:16,"21,3",61,"13,5","0,99","11,37"
2026-10-01 22:17,"21,3",61,"13,5","0,99","11,37"
2026-10-01 22:18,"21,3",61,"13,5","0,99","11,37"
2026-10-01 22:19,"21,3",61,"13,5","0,99","11,37"
2026-10-01 22:20,"21,3",61,"13,5","0,99","11,37"
2026-10-01 22:21,"21,3",61,"13,5","0,99","11,37"
2026-10-01 22:22,"21,3",61,"13,5","0,99","11,37"
2026-10-01 22:23,"21,3",61,"13,5","0,99","11,37"
2026-10-01 22:24,"21,3",62,"13,7","0,96","11,56"
2026-10-01 22:25,"21,3",63,"14,0","0,94","11,74"
2026-10-01 22:26,"21,3",63,"14,0","0,94","11,74"
2026-10-01 22:27,"21,3",63,"14,0","0,94","11,74"
2026-10-01 22:28,"21,3",64,"14,2","0,91","11,93"
2026-10-01 22:29,"21,3",65,"14,5","0,89","12,12"
2026-10-01 22:30,"21,3",65,"14,5","0,89","12,12"
2026-10-01 22:31,"21,3",65,"14,5","0,89","12,12"
2026-10-01 22:32,"21,3",65,"14,5","0,89","12,12"
2026-10-01 22:33,"21,3",65,"14,5","0,89","12,12"
2026-10-01 22:34,"21,3",64,"14,2","0,91","11,93"
2026-10-01 22:35,"21,3",64,"14,2","0,91","11,93"
2026-10-01 22:36,"21,3",64,"14,2","0,91","11,93"
2026-10-01 22:37,"21,3",64,"14,2","0,91","11,93"
2026-10-01 22:38,"21,3",64,"14,2","0,91","11,93"
2026-10-01 22:39,"21,3",64,"14,2","0,91","11,93"
2026-10-01 22:40,"21,3",64,"14,2","0,91","11,89"
2026-10-01 22:41,"21,2",64,"14,1","0,91","11,86"
2026-10-01 22:42,"21,2",64,"14,1","0,91","11,86"
2026-10-01 22:43,"21,2",64,"14,1","0,91","11,86"
2026-10-01 22:44,"21,2",65,"14,4","0,88","12,05"
2026-10-01 22:45,"21,2",66,"14,6","0,86","12,23"
2026-10-01 22:46,"21,2",66,"14,6","0,86","12,23"
2026-10-01 22:47,"21,2",66,"14,6","0,86","12,23"
2026-10-01 22:48,"21,2",66,"14,6","0,86","12,23"
2026-10-01 22:49,"21,2",66,"14,6","0,86","12,23"
2026-10-01 22:50,"21,2",66,"14,6","0,86","12,23"
2026-10-01 22:51,"21,2",66,"14,6","0,86","12,23"
2026-10-01 22:52,"21,2",66,"14,6","0,86","12,23"
2026-10-01 22:53,"21,2",66,"14,6","0,86","12,23"
2026-10-01 22:54,"21,2",66,"14,6","0,86","12,23"
2026-10-01 22:55,"21,2",66,"14,6","0,86","12,23"
2026-10-01 22:56,"21,2",66,"14,6","0,86","12,23"
2026-10-01 22:57,"21,2",66,"14,6","0,86","12,23"
2026-10-01 22:58,"21,2",66,"14,6","0,86","12,23"
2026-10-01 22:59,"21,2",66,"14,6","0,86","12,23"
2026-10-01 23:00,"21,2",66,"14,5","0,85","12,20"
2026-10-01 23:01,"21,1",66,"14,5","0,85","12,16"
2026-10-01 23:02,"21,1",66,"14,5","0,85","12,16"
2026-10-01 23:03,"21,1",66,"14,5","0,85","12,16"
2026-10-01 23:04,"21,1",66,"14,5","0,85","12,16"
2026-10-01 23:05,"21,1",66,"14,5","0,85","12,16"
2026-10-01 23:06,"21,1",66,"14,5","0,85","12,16"
2026-10-01 23:07,"21,1",66,"14,5","0,85","12,16"
2026-10-01 23:08,"21,1",66,"14,5","0,85","12,16"
2026-10-01 23:09,"21,1",66,"14,5","0,85","12,16"
2026-10-01 23:10,"21,0",66,"14,5","0,85","12,13"
2026-10-01 23:11,"21,0",66,"14,4","0,85","12,09"
2026-10-01 23:12,"21,0",65,"14,2","0,87","11,91"
2026-10-01 23:13,"21,0",65,"14,2","0,87","11,91"
2026-10-01 23:14,"21,0",65,"14,2","0,87","11,91"
2026-10-01 23:15,"21,0",65,"14,2","0,87","11,91"
2026-10-01 23:16,"21,0",65,"14,2","0,87","11,91"
2026-10-01 23:17,"21,0",65,"14,2","0,87","11,91"
2026-10-01 23:18,"21,0",65,"14,2","0,87","11,91"
2026-10-01 23:19,"21,0",65,"14,2","0,87","11,91"
2026-10-01 23:20,"21,0",65,"14,1","0,87","11,87"
2026-10-01 23:21,"20,9",65,"14,1","0,87","11,84"
2026-10-01 23:22,"20,9",65,"14,1","0,87","11,84"
2026-10-01 23:23,"20,9",65,"14,1","0,87","11,84"
2026-10-01 23:24,"20,9",65,"14,1","0,87","11,84"
2026-10-01 23:25,"20,9",65,"14,1","0,87","11,84"
2026-10-01 23:26,"20,9",65,"14,1","0,87","11,84"
2026-10-01 23:27,"20,9",65,"14,1","0,87","11,84"
2026-10-01 23:28,"20,9",65,"14,1","0,87","11,84"
2026-10-01 23:29,"20,9",65,"14,1","0,87","11,84"
2026-10-01 23:30,"20,8",65,"14,0","0,86","11,80"
2026-10-01 23:31,"20,8",65,"14,0","0,86","11,77"
2026-10-01 23:32,"20,8",65,"14,0","0,86","11,77"
2026-10-01 23:33,"20,8",65,"14,0","0,86","11,77"
2026-10-01 23:34,"20,8",65,"14,0","0,86","11,77"
2026-10-01 23:35,"20,8",65,"14,0","0,86","11,77"
2026-10-01 23:36,"20,8",65,"14,0","0,86","11,77"
2026-10-01 23:37,"20,8",65,"14,0","0,86","11,77"
2026-10-01 23:38,"20,8",65,"14,0","0,86","11,77"
2026-10-01 23:39,"20,8",65,"14,0","0,86","11,77"
2026-10-01 23:40,"20,8",65,"13,9","0,86","11,74"
2026-10-01 23:41,"20,7",65,"13,9","0,85","11,70"
2026-10-01 23:42,"20,7",65,"13,9","0,85","11,70"
2026-10-01 23:43,"20,7",65,"13,9","0,85","11,70"
2026-10-01 23:44,"20,7",65,"13,9","0,85","11,70"
2026-10-01 23:45,"20,7",65,"13,9","0,85","11,70"
2026-10-01 23:46,"20,7",65,"13,9","0,85","11,70"
2026-10-01 23:47,"20,7",65,"13,9","0,85","11,70"
2026-10-01 23:48,"20,7",65,"13,9","0,85","11,70"
2026-10-01 23:49,"20,7",65,"13,9","0,85","11,70"
2026-10-01 23:50,"20,7",65,"13,9","0,85","11,70"
2026-10-01 23:51,"20,7",65,"13,9","0,85","11,70"
2026-10-01 23:52,"20,7",65,"13,8","0,85","11,67"
2026-10-01 23:53,"20,6",65,"13,8","0,85","11,63"
2026-10-01 23:54,"20,6",65,"13,8","0,85","11,63"
2026-10-01 23:55,"20,6",65,"13,8","0,85","11,63"
2026-10-01 23:56,"20,6",65,"13,8","0,85","11,63"
2026-10-01 23:57,"20,6",65,"13,8","0,85","11,63"
2026-10-01 23:58,"20,6",65,"13,8","0,85","11,63"
2026-10-01 23:59,"20,6",65,"13,8","0,85","11,63"
2026-10-02 00:00,"20,6",65,"13,8","0,85","11,63"
2026-10-02 00:01,"20,6",65,"13,8","0,85","11,63"
2026-10-02 00:02,"20,6",65,"13,8","0,85","11,63"
2026-10-02 00:03,"20,6",65,"13,8","0,85","11,63"
2026-10-02 00:04,"20,6",65,"13,8","0,85","11,63"
2026-10-02 00:05,"20,6",65,"13,8","0,85","11,63"
2026-10-02 00:06,"20,5",65,"13,7","0,85","11,60"
2026-10-02 00:07,"20,5",65,"13,7","0,84","11,57"
2026-10-02 00:08,"20,5",65,"13,7","0,84","11,57"
2026-10-02 00:09,"20,5",65,"13,7","0,84","11,57"
2026-10-02 00:10,"20,5",65,"13,7","0,84","11,57"
2026-10-02 00:11,"20,5",65,"13,7","0,84","11,57"
2026-10-02 00:12,"20,5",65,"13,7","0,84","11,57"
2026-10-02 00:13,"20,5",65,"13,7","0,84","11,57"
2026-10-02 00:14,"20,5",65,"13,7","0,84","11,57"
2026-10-02 00:15,"20,5",65,"13,7","0,84","11,57"
2026-10-02 00:16,"20,5",65,"13,7","0,84","11,57"
2026-10-02 00:17,"20,5",65,"13,7","0,84","11,57"
2026-10-02 00:18,"20,5",65,"13,6","0,84","11,53"
2026-10-02 00:19,"20,4",65,"13,6","0,84","11,50"
2026-10-02 00:20,"20,4",65,"13,6","0,84","11,50"
2026-10-02 00:21,"20,4",65,"13,6","0,84","11,50"
2026-10-02 00:22,"20,4",65,"13,6","0,84","11,50"
2026-10-02 00:23,"20,4",65,"13,6","0,84","11,50"
2026-10-02 00:24,"20,4",65,"13,6","0,84","11,50"
2026-10-02 00:25,"20,4",65,"13,6","0,84","11,50"
2026-10-02 00:26,"20,4",65,"13,6","0,84","11,50"
2026-10-02 00:27,"20,4",65,"13,6","0,84","11,50"
2026-10-02 00:28,"20,4",65,"13,6","0,84","11,50"
2026-10-02 00:29,"20,4",65,"13,6","0,84","11,50"
2026-10-02 00:30,"20,4",65,"13,6","0,84","11,50"
2026-10-02 00:31,"20,4",65,"13,6","0,84","11,50"
2026-10-02 00:32,"20,4",65,"13,6","0,84","11,50"
2026-10-02 00:33,"20,4",65,"13,6","0,84","11,50"
2026-10-02 00:34,"20,4",65,"13,6","0,84","11,50"
2026-10-02 00:35,"20,4",65,"13,6","0,84","11,50"
2026-10-02 00:36,"20,3",65,"13,5","0,84","11,47"
2026-10-02 00:37,"20,3",65,"13,5","0,83","11,43"
2026-10-02 00:38,"20,3",65,"13,5","0,83","11,43"
2026-10-02 00:39,"20,3",65,"13,5","0,83","11,43"
2026-10-02 00:40,"20,3",65,"13,5","0,83","11,43"
2026-10-02 00:41,"20,3",65,"13,5","0,83","11,43"
2026-10-02 00:42,"20,3",65,"13,5","0,83","11,43"
2026-10-02 00:43,"20,3",65,"13,5","0,83","11,43"
2026-10-02 00:44,"20,3",65,"13,5","0,83","11,43"
2026-10-02 00:45,"20,3",65,"13,5","0,83","11,43"
2026-10-02 00:46,"20,3",65,"13,5","0,83","11,43"
2026-10-02 00:47,"20,3",65,"13,5","0,83","11,43"
2026-10-02 00:48,"20,3",65,"13,5","0,83","11,43"
2026-10-02 00:49,"20,3",65,"13,5","0,83","11,43"
2026-10-02 00:50,"20,3",65,"13,5","0,83","11,43"
2026-10-02 00:51,"20,3",65,"13,5","0,83","11,43"
2026-10-02 00:52,"20,3",65,"13,5","0,83","11,43"
2026-10-02 00:53,"20,3",65,"13,5","0,83","11,43"
2026-10-02 00:54,"20,3",65,"13,5","0,83","11,40"
2026-10-02 00:55,"20,2",65,"13,4","0,83","11,37"
2026-10-02 00:56,"20,2",64,"13,2","0,85","11,19"
2026-10-02 00:57,"20,2",64,"13,2","0,85","11,19"
2026-10-02 00:58,"20,2",64,"13,2","0,85","11,19"
2026-10-02 00:59,"20,2",64,"13,2","0,85","11,19"
2026-10-02 01:00,"20,2",64,"13,2","0,85","11,19"
2026-10-02 01:01,"20,2",64,"13,2","0,85","11,19"
2026-10-02 01:02,"20,2",64,"13,2","0,85","11,19"
2026-10-02 01:03,"20,2",64,"13,2","0,85","11,19"
2026-10-02 01:04,"20,2",64,"13,2","0,85","11,19"
2026-10-02 01:05,"20,2",64,"13,2","0,85","11,19"
2026-10-02 01:06,"20,2",64,"13,2","0,85","11,19"
2026-10-02 01:07,"20,2",64,"13,2","0,85","11,19"
2026-10-02 01:08,"20,2",64,"13,2","0,85","11,19"
2026-10-02 01:09,"20,2",64,"13,2","0,85","11,19"
2026-10-02 01:10,"20,2",64,"13,2","0,85","11,19"
2026-10-02 01:11,"20,2",64,"13,2","0,85","11,19"
2026-10-02 01:12,"20,2",64,"13,2","0,85","11,19"
2026-10-02 01:13,"20,2",64,"13,2","0,85","11,19"
2026-10-02 01:14,"20,2",64,"13,2","0,85","11,19"
2026-10-02 01:15,"20,2",64,"13,2","0,85","11,19"
2026-10-02 01:16,"20,2",64,"13,1","0,85","11,16"
2026-10-02 01:17,"20,1",64,"13,1","0,85","11,13"
2026-10-02 01:18,"20,1",64,"13,1","0,85","11,13"
2026-10-02 01:19,"20,1",64,"13,1","0,85","11,13"
2026-10-02 01:20,"20,1",64,"13,1","0,85","11,13"
2026-10-02 01:21,"20,1",64,"13,1","0,85","11,13"
2026-10-02 01:22,"20,1",64,"13,1","0,85","11,13"
2026-10-02 01:23,"20,1",64,"13,1","0,85","11,13"
2026-10-02 01:24,"20,1",64,"13,1","0,85","11,13"
2026-10-02 01:25,"20,1",64,"13,1","0,85","11,13"
2026-10-02 01:26,"20,1",64,"13,1","0,85","11,13"
2026-10-02 01:27,"20,1",64,"13,1","0,85","11,13"
2026-10-02 01:28,"20,1",64,"13,1","0,85","11,13"
2026-10-02 01:29,"20,1",64,"13,1","0,85","11,13"
2026-10-02 01:30,"20,1",64,"13,1","0,85","11,13"
2026-10-02 01:31,"20,1",64,"13,1","0,85","11,13"
2026-10-02 01:32,"20,1",64,"13,1","0,85","11,13"
2026-10-02 01:33,"20,1",64,"13,1","0,85","11,13"
2026-10-02 01:34,"20,1",64,"13,1","0,85","11,13"
2026-10-02 01:35,"20,1",64,"13,1","0,85","11,13"
2026-10-02 01:36,"20,1",64,"13,1","0,85","11,13"
2026-10-02 01:37,"20,1",64,"13,1","0,85","11,13"
2026-10-02 01:38,"20,1",64,"13,1","0,85","11,13"
2026-10-02 01:39,"20,1",64,"13,1","0,85","11,13"
2026-10-02 01:40,"20,1",64,"13,1","0,85","11,13"
2026-10-02 01:41,"20,1",64,"13,1","0,85","11,13"
2026-10-02 01:42,"20,1",64,"13,1","0,85","11,13"
2026-10-02 01:43,"20,1",64,"13,1","0,85","11,13"
2026-10-02 01:44,"20,1",64,"13,1","0,85","11,13"
2026-10-02 01:45,"20,1",64,"13,1","0,85","11,13"
2026-10-02 01:46,"20,1",64,"13,1","0,85","11,13"
2026-10-02 01:47,"20,1",64,"13,1","0,85","11,13"
2026-10-02 01:48,"20,1",64,"13,1","0,85","11,13"
2026-10-02 01:49,"20,1",64,"13,1","0,85","11,13"
2026-10-02 01:50,"20,1",64,"13,1","0,85","11,13"
2026-10-02 01:51,"20,1",64,"13,1","0,85","11,13"
2026-10-02 01:52,"20,1",64,"13,1","0,85","11,13"
2026-10-02 01:53,"20,1",64,"13,1","0,85","11,13"
2026-10-02 01:54,"20,1",64,"13,1","0,85","11,13"
2026-10-02 01:55,"20,1",64,"13,1","0,85","11,13"
2026-10-02 01:56,"20,1",64,"13,1","0,85","11,13"
2026-10-02 01:57,"20,1",64,"13,1","0,85","11,13"
2026-10-02 01:58,"20,1",64,"13,1","0,85","11,13"
2026-10-02 01:59,"20,1",64,"13,1","0,85","11,13"
2026-10-02 02:00,"20,1",64,"13,1","0,85","11,13"
2026-10-02 02:01,"20,1",64,"13,1","0,85","11,13"
2026-10-02 02:02,"20,1",64,"13,1","0,85","11,13"
2026-10-02 02:03,"20,1",64,"13,1","0,85","11,13"
2026-10-02 02:04,"20,1",64,"13,1","0,85","11,13"
2026-10-02 02:05,"20,1",64,"13,1","0,85","11,13"
2026-10-02 02:06,"20,1",64,"13,1","0,85","11,13"
2026-10-02 02:07,"20,1",64,"13,1","0,85","11,13"
2026-10-02 02:08,"20,1",64,"13,1","0,85","11,13"
2026-10-02 02:09,"20,1",64,"13,1","0,85","11,13"
2026-10-02 02:10,"20,1",64,"13,1","0,85","11,13"
2026-10-02 02:11,"20,1",64,"13,1","0,85","11,13"
2026-10-02 02:12,"20,1",64,"13,1","0,85","11,13"
2026-10-02 02:13,"20,1",64,"13,1","0,85","11,13"
2026-10-02 02:14,"20,1",64,"13,1","0,85","11,13"
2026-10-02 02:15,"20,1",64,"13,1","0,85","11,13"
2026-10-02 02:16,"20,1",64,"13,1","0,85","11,13"
2026-10-02 02:17,"20,1",64,"13,1","0,85","11,13"
2026-10-02 02:18,"20,1",64,"13,1","0,85","11,13"
2026-10-02 02:19,"20,1",64,"13,1","0,85","11,13"
2026-10-02 02:20,"20,1",64,"13,1","0,85","11,13"
2026-10-02 02:21,"20,1",64,"13,1","0,85","11,13"
2026-10-02 02:22,"20,1",64,"13,1","0,85","11,13"
2026-10-02 02:23,"20,1",64,"13,1","0,85","11,13"
2026-10-02 02:24,"20,1",64,"13,1","0,85","11,13"
2026-10-02 02:25,"20,1",64,"13,1","0,85","11,13"
2026-10-02 02:26,"20,1",64,"13,1","0,85","11,13"
2026-10-02 02:27,"20,1",64,"13,1","0,85","11,13"
2026-10-02 02:28,"20,1",64,"13,1","0,85","11,13"
2026-10-02 02:29,"20,1",64,"13,1","0,85","11,13"
2026-10-02 02:30,"20,1",63,"12,8","0,87","10,95"
2026-10-02 02:31,"20,1",63,"12,8","0,87","10,95"
2026-10-02 02:32,"20,1",63,"12,8","0,87","10,95"
2026-10-02 02:33,"20,1",63,"12,8","0,87","10,95"
2026-10-02 02:34,"20,1",63,"12,8","0,87","10,95"
2026-10-02 02:35,"20,1",63,"12,8","0,87","10,95"
2026-10-02 02:36,"20,1",63,"12,8","0,87","10,95"
2026-10-02 02:37,"20,1",63,"12,8","0,87","10,95"
2026-10-02 02:38,"20,1",63,"12,8","0,87","10,95"
2026-10-02 02:39,"20,1",63,"12,8","0,87","10,95"
2026-10-02 02:40,"20,0",63,"12,8","0,87","10,92"
2026-10-02 02:41,"20,0",63,"12,7","0,87","10,89"
2026-10-02 02:42,"20,0",63,"12,7","0,87","10,89"
2026-10-02 02:43,"20,0",63,"12,7","0,87","10,89"
2026-10-02 02:44,"20,0",63,"12,7","0,87","10,89"
2026-10-02 02:45,"20,0",63,"12,7","0,87","10,89"
2026-10-02 02:46,"20,0",63,"12,7","0,87","10,89"
2026-10-02 02:47,"20,0",63,"12,7","0,87","10,89"
2026-10-02 02:48,"20,0",63,"12,7","0,87","10,89"
2026-10-02 02:49,"20,0",63,"12,7","0,87","10,89"
2026-10-02 02:50,"20,0",63,"12,7","0,87","10,89"
2026-10-02 02:51,"20,0",63,"12,7","0,87","10,89"
2026-10-02 02:52,"20,0",63,"12,7","0,87","10,89"
2026-10-02 02:53,"20,0",63,"12,7","0,87","10,89"
2026-10-02 02:54,"20,0",63,"12,7","0,87","10,89"
2026-10-02 02:55,"20,0",63,"12,7","0,87","10,89"
2026-10-02 02:56,"20,0",63,"12,7","0,87","10,89"
2026-10-02 02:57,"20,0",63,"12,7","0,87","10,89"
2026-10-02 02:58,"20,0",63,"12,7","0,87","10,89"
2026-10-02 02:59,"20,0",63,"12,7","0,87","10,89"
2026-10-02 03:00,"20,0",63,"12,7","0,87","10,89"
2026-10-02 03:01,"20,0",63,"12,7","0,87","10,89"
2026-10-02 03:02,"20,0",63,"12,7","0,87","10,89"
2026-10-02 03:03,"20,0",63,"12,7","0,87","10,89"
2026-10-02 03:04,"20,0",63,"12,7","0,87","10,89"
2026-10-02 03:05,"20,0",63,"12,7","0,87","10,89"
2026-10-02 03:06,"20,0",63,"12,7","0,87","10,89"
2026-10-02 03:07,"20,0",63,"12,7","0,87","10,89"
2026-10-02 03:08,"20,0",63,"12,7","0,87","10,89"
2026-10-02 03:09,"20,0",63,"12,7","0,87","10,89"
2026-10-02 03:10,"20,0",63,"12,7","0,87","10,89"
2026-10-02 03:11,"20,0",63,"12,7","0,87","10,89"
2026-10-02 03:12,"20,0",63,"12,7","0,87","10,89"
2026-10-02 03:13,"20,0",63,"12,7","0,87","10,89"
2026-10-02 03:14,"20,0",63,"12,7","0,87","10,89"
2026-10-02 03:15,"20,0",63,"12,7","0,87","10,89"
2026-10-02 03:16,"20,0",63,"12,7","0,87","10,89"
2026-10-02 03:17,"20,0",63,"12,7","0,87","10,89"
2026-10-02 03:18,"20,0",63,"12,7","0,86","10,86"
2026-10-02 03:19,"19,9",63,"12,6","0,86","10,82"
2026-10-02 03:20,"19,9",63,"12,6","0,86","10,82"
2026-10-02 03:21,"19,9",63,"12,6","0,86","10,82"
2026-10-02 03:22,"19,9",63,"12,6","0,86","10,82"
2026-10-02 03:23,"19,9",63,"12,6","0,86","10,82"
2026-10-02 03:24,"19,9",63,"12,6","0,86","10,82"
2026-10-02 03:25,"19,9",63,"12,6","0,86","10,82"
2026-10-02 03:26,"19,9",63,"12,6","0,86","10,82"
2026-10-02 03:27,"19,9",63,"12,6","0,86","10,82"
2026-10-02 03:28,"19,9",63,"12,6","0,86","10,82"
2026-10-02 03:29,"19,9",63,"12,6","0,86","10,82"
2026-10-02 03:30,"19,9",63,"12,6","0,86","10,82"
2026-10-02 03:31,"19,9",63,"12,6","0,86","10,82"
2026-10-02 03:32,"19,9",63,"12,6","0,86","10,82"
2026-10-02 03:33,"19,9",63,"12,6","0,86","10,82"
2026-10-02 03:34,"19,9",63,"12,6","0,86","10,82"
2026-10-02 03:35,"19,9",63,"12,6","0,86","10,82"
2026-10-02 03:36,"19,9",63,"12,6","0,86","10,82"
2026-10-02 03:37,"19,9",63,"12,6","0,86","10,82"
2026-10-02 03:38,"19,9",63,"12,6","0,86","10,82"
2026-10-02 03:39,"19,9",63,"12,6","0,86","10,82"
2026-10-02 03:40,"19,9",63,"12,6","0,86","10,82"
2026-10-02 03:41,"19,9",63,"12,6","0,86","10,82"
2026-10-02 03:42,"19,9",63,"12,6","0,86","10,82"
2026-10-02 03:43,"19,9",63,"12,6","0,86","10,82"
2026-10-02 03:44,"19,9",63,"12,6","0,86","10,82"
2026-10-02 03:45,"19,9",63,"12,6","0,86","10,82"
2026-10-02 03:46,"19,9",63,"12,6","0,86","10,82"
2026-10-02 03:47,"19,9",63,"12,6","0,86","10,82"
2026-10-02 03:48,"19,9",63,"12,6","0,86","10,82"
2026-10-02 03:49,"19,9",63,"12,6","0,86","10,82"
2026-10-02 03:50,"19,9",63,"12,6","0,86","10,82"
2026-10-02 03:51,"19,9",63,"12,6","0,86","10,82"
2026-10-02 03:52,"19,9",63,"12,6","0,86","10,82"
2026-10-02 03:53,"19,9",63,"12,6","0,86","10,82"
2026-10-02 03:54,"19,9",63,"12,6","0,86","10,82"
2026-10-02 03:55,"19,9",63,"12,6","0,86","10,82"
2026-10-02 03:56,"19,9",63,"12,6","0,86","10,82"
2026-10-02 03:57,"19,9",63,"12,6","0,86","10,82"
2026-10-02 03:58,"19,9",63,"12,6","0,86","10,82"
2026-10-02 03:59,"19,9",63,"12,6","0,86","10,82"
2026-10-02 04:00,"19,8",63,"12,6","0,86","10,79"
2026-10-02 04:01,"19,8",63,"12,5","0,85","10,76"
2026-10-02 04:02,"19,8",63,"12,5","0,85","10,76"
2026-10-02 04:03,"19,8",63,"12,5","0,85","10,76"
2026-10-02 04:04,"19,8",63,"12,5","0,85","10,76"
2026-10-02 04:05,"19,8",63,"12,5","0,85","10,76"
2026-10-02 04:06,"19,8",63,"12,5","0,85","10,76"
2026-10-02 04:07,"19,8",63,"12,5","0,85","10,76"
2026-10-02 04:08,"19,8",63,"12,5","0,85","10,76"
2026-10-02 04:09,"19,8",63,"12,5","0,85","10,76"
2026-10-02 04:10,"19,8",63,"12,5","0,85","10,76"
2026-10-02 04:11,"19,8",63,"12,5","0,85","10,76"
2026-10-02 04:12,"19,8",63,"12,5","0,85","10,76"
2026-10-02 04:13,"19,8",63,"12,5","0,85","10,76"
2026-10-02 04:14,"19,8",63,"12,5","0,85","10,76"
2026-10-02 04:15,"19,8",63,"12,5","0,85","10,76"
2026-10-02 04:16,"19,8",63,"12,5","0,85","10,76"
2026-10-02 04:17,"19,8",63,"12,5","0,85","10,76"
2026-10-02 04:18,"19,8",63,"12,5","0,85","10,76"
2026-10-02 04:19,"19,8",63,"12,5","0,85","10,76"
2026-10-02 04:20,"19,8",63,"12,5","0,85","10,76"
2026-10-02 04:21,"19,8",63,"12,5","0,85","10,76"
2026-10-02 04:22,"19,8",63,"12,5","0,85","10,76"
2026-10-02 04:23,"19,8",63,"12,5","0,85","10,76"
2026-10-02 04:24,"19,8",63,"12,5","0,85","10,76"
2026-10-02 04:25,"19,8",63,"12,5","0,85","10,76"
2026-10-02 04:26,"19,8",63,"12,5","0,85","10,76"
2026-10-02 04:27,"19,8",63,"12,5","0,85","10,76"
2026-10-02 04:28,"19,8",63,"12,5","0,85","10,76"
2026-10-02 04:29,"19,8",63,"12,5","0,85","10,76"
2026-10-02 04:30,"19,8",63,"12,5","0,85","10,76"
2026-10-02 04:31,"19,8",63,"12,5","0,85","10,76"
2026-10-02 04:32,"19,8",63,"12,5","0,85","10,76"
2026-10-02 04:33,"19,8",63,"12,5","0,85","10,76"
2026-10-02 04:34,"19,8",63,"12,5","0,85","10,76"
2026-10-02 04:35,"19,8",63,"12,5","0,85","10,76"
2026-10-02 04:36,"19,8",63,"12,5","0,85","10,76"
2026-10-02 04:37,"19,8",63,"12,5","0,85","10,76"
2026-10-02 04:38,"19,8",63,"12,5","0,85","10,73"
2026-10-02 04:39,"19,7",63,"12,5","0,85","10,70"
2026-10-02 04:40,"19,7",63,"12,5","0,85","10,70"
2026-10-02 04:41,"19,7",63,"12,5","0,85","10,70"
2026-10-02 04:42,"19,7",63,"12,5","0,85","10,70"
2026-10-02 04:43,"19,7",63,"12,5","0,85","10,70"
2026-10-02 04:44,"19,7",63,"12,5","0,85","10,70"
2026-10-02 04:45,"19,7",63,"12,5","0,85","10,70"
2026-10-02 04:46,"19,7",63,"12,5","0,85","10,70"
2026-10-02 04:47,"19,7",63,"12,5","0,85","10,70"
2026-10-02 04:48,"19,7",63,"12,5","0,85","10,70"
2026-10-02 04:49,"19,7",63,"12,5","0,85","10,70"
2026-10-02 04:50,"19,7",63,"12,5","0,85","10,70"
2026-10-02 04:51,"19,7",63,"12,5","0,85","10,70"
2026-10-02 04:52,"19,7",62,"12,2","0,87","10,53"
2026-10-02 04:53,"19,7",62,"12,2","0,87","10,53"
2026-10-02 04:54,"19,7",62,"12,2","0,87","10,53"
2026-10-02 04:55,"19,7",62,"12,2","0,87","10,53"
2026-10-02 04:56,"19,7",62,"12,2","0,87","10,53"
2026-10-02 04:57,"19,7",63,"12,5","0,85","10,70"
2026-10-02 04:58,"19,7",63,"12,5","0,85","10,70"
2026-10-02 04:59,"19,7",63,"12,5","0,85","10,70"
2026-10-02 05:00,"19,7",63,"12,5","0,85","10,70"
2026-10-02 05:01,"19,7",63,"12,5","0,85","10,70"
2026-10-02 05:02,"19,7",63,"12,5","0,85","10,70"
2026-10-02 05:03,"19,7",63,"12,5","0,85","10,70"
2026-10-02 05:04,"19,7",63,"12,5","0,85","10,70"
2026-10-02 05:05,"19,7",63,"12,5","0,85","10,70"
2026-10-02 05:06,"19,7",63,"12,5","0,85","10,70"
2026-10-02 05:07,"19,7",63,"12,5","0,85","10,70"
2026-10-02 05:08,"19,7",63,"12,5","0,85","10,70"
2026-10-02 05:09,"19,7",63,"12,5","0,85","10,70"
2026-10-02 05:10,"19,7",63,"12,5","0,85","10,70"
2026-10-02 05:11,"19,7",63,"12,5","0,85","10,70"
2026-10-02 05:12,"19,7",63,"12,5","0,85","10,70"
2026-10-02 05:13,"19,7",63,"12,5","0,85","10,70"
2026-10-02 05:14,"19,7",63,"12,5","0,85","10,70"
2026-10-02 05:15,"19,7",63,"12,5","0,85","10,70"
2026-10-02 05:16,"19,7",62,"12,2","0,87","10,53"
2026-10-02 05:17,"19,7",62,"12,2","0,87","10,53"
2026-10-02 05:18,"19,7",62,"12,2","0,87","10,53"
2026-10-02 05:19,"19,7",62,"12,2","0,87","10,53"
2026-10-02 05:20,"19,7",62,"12,2","0,87","10,53"
2026-10-02 05:21,"19,7",62,"12,2","0,87","10,53"
2026-10-02 05:22,"19,7",62,"12,2","0,87","10,53"
2026-10-02 05:23,"19,7",62,"12,2","0,87","10,53"
2026-10-02 05:24,"19,7",62,"12,2","0,87","10,53"
2026-10-02 05:25,"19,7",62,"12,2","0,87","10,53"
2026-10-02 05:26,"19,7",62,"12,2","0,87","10,53"
2026-10-02 05:27,"19,7",62,"12,2","0,87","10,53"
2026-10-02 05:28,"19,7",62,"12,2","0,87","10,50"
2026-10-02 05:29,"19,6",62,"12,1","0,87","10,47"
2026-10-02 05:30,"19,6",62,"12,1","0,87","10,47"
2026-10-02 05:31,"19,6",62,"12,1","0,87","10,47"
2026-10-02 05:32,"19,6",62,"12,1","0,87","10,47"
2026-10-02 05:33,"19,6",62,"12,1","0,87","10,47"
2026-10-02 05:34,"19,6",62,"12,1","0,87","10,47"
2026-10-02 05:35,"19,6",62,"12,1","0,87","10,47"
2026-10-02 05:36,"19,6",62,"12,1","0,87","10,47"
2026-10-02 05:37,"19,6",62,"12,1","0,87","10,47"
2026-10-02 05:38,"19,6",62,"12,1","0,87","10,47"
2026-10-02 05:39,"19,6",62,"12,1","0,87","10,47"
2026-10-02 05:40,"19,6",62,"12,1","0,87","10,47"
2026-10-02 05:41,"19,6",63,"12,4","0,84","10,64"
2026-10-02 05:42,"19,6",63,"12,4","0,84","10,64"
2026-10-02 05:43,"19,6",63,"12,4","0,84","10,64"
2026-10-02 05:44,"19,6",63,"12,4","0,84","10,64"
2026-10-02 05:45,"19,6",63,"12,4","0,84","10,64"
2026-10-02 05:46,"19,6",63,"12,4","0,84","10,64"
2026-10-02 05:47,"19,6",63,"12,4","0,84","10,64"
2026-10-02 05:48,"19,6",63,"12,4","0,84","10,64"
2026-10-02 05:49,"19,6",63,"12,4","0,84","10,64"
2026-10-02 05:50,"19,6",62,"12,1","0,87","10,47"
2026-10-02 05:51,"19,6",62,"12,1","0,87","10,47"
2026-10-02 05:52,"19,6",62,"12,1","0,87","10,47"
2026-10-02 05:53,"19,6",62,"12,1","0,87","10,47"
2026-10-02 05:54,"19,6",62,"12,1","0,87","10,47"
2026-10-02 05:55,"19,6",62,"12,1","0,87","10,47"
2026-10-02 05:56,"19,6",62,"12,1","0,87","10,47"
2026-10-02 05:57,"19,6",62,"12,1","0,87","10,47"
2026-10-02 05:58,"19,6",62,"12,1","0,87","10,47"
2026-10-02 05:59,"19,6",62,"12,1","0,87","10,47"
2026-10-02 06:00,"19,7",62,"12,2","0,87","10,50"
2026-10-02 06:01,"19,7",62,"12,2","0,87","10,53"
2026-10-02 06:02,"19,7",62,"12,2","0,87","10,53"
2026-10-02 06:03,"19,7",62,"12,2","0,87","10,53"
2026-10-02 06:04,"19,8",62,"12,3","0,88","10,59"
2026-10-02 06:05,"19,9",62,"12,4","0,88","10,65"
2026-10-02 06:06,"20,0",62,"12,4","0,89","10,68"
2026-10-02 06:07,"20,0",62,"12,5","0,89","10,71"
2026-10-02 06:08,"20,1",61,"12,3","0,92","10,60"
2026-10-02 06:09,"20,2",61,"12,4","0,92","10,67"
2026-10-02 06:10,"20,3",61,"12,5","0,93","10,70"
2026-10-02 06:11,"20,3",61,"12,5","0,93","10,73"
2026-10-02 06:12,"20,3",61,"12,6","0,93","10,76"
2026-10-02 06:13,"20,4",61,"12,6","0,93","10,79"
2026-10-02 06:14,"20,5",61,"12,7","0,94","10,82"
2026-10-02 06:15,"20,5",61,"12,7","0,94","10,85"
2026-10-02 06:16,"20,5",60,"12,5","0,97","10,71"
2026-10-02 06:17,"20,6",60,"12,6","0,97","10,74"
2026-10-02 06:18,"20,7",60,"12,6","0,97","10,77"
2026-10-02 06:19,"20,7",60,"12,7","0,98","10,80"
2026-10-02 06:20,"20,8",60,"12,7","0,98","10,83"
2026-10-02 06:21,"20,8",60,"12,7","0,98","10,86"
2026-10-02 06:22,"20,8",60,"12,8","0,99","10,90"
2026-10-02 06:23,"20,9",61,"13,1","0,96","11,11"
2026-10-02 06:24,"20,9",61,"13,1","0,96","11,11"
2026-10-02 06:25,"20,9",61,"13,1","0,96","11,11"
2026-10-02 06:26,"21,0",61,"13,1","0,97","11,14"
2026-10-02 06:27,"21,0",61,"13,2","0,97","11,17"
2026-10-02 06:28,"21,0",61,"13,2","0,97","11,17"
2026-10-02 06:29,"21,0",61,"13,2","0,97","11,17"
2026-10-02 06:30,"21,0",61,"13,2","0,97","11,17"
2026-10-02 06:31,"21,0",61,"13,2","0,97","11,17"
2026-10-02 06:32,"21,0",61,"13,2","0,97","11,17"
2026-10-02 06:33,"21,0",61,"13,2","0,97","11,17"
2026-10-02 06:34,"21,0",61,"13,2","0,97","11,21"
2026-10-02 06:35,"21,1",61,"13,3","0,98","11,24"
2026-10-02 06:36,"21,1",60,"13,0","1,00","11,06"
2026-10-02 06:37,"21,1",60,"13,0","1,00","11,06"
2026-10-02 06:38,"21,1",60,"13,0","1,00","11,06"
2026-10-02 06:39,"21,1",61,"13,3","0,98","11,24"
2026-10-02 06:40,"21,2",61,"13,3","0,98","11,27"
2026-10-02 06:41,"21,2",61,"13,4","0,98","11,30"
2026-10-02 06:42,"21,2",61,"13,4","0,98","11,30"
2026-10-02 06:43,"21,2",61,"13,4","0,98","11,30"
2026-10-02 06:44,"21,2",61,"13,4","0,98","11,30"
2026-10-02 06:45,"21,2",61,"13,4","0,98","11,30"
2026-10-02 06:46,"21,2",61,"13,4","0,98","11,30"
2026-10-02 06:47,"21,2",61,"13,4","0,98","11,30"
2026-10-02 06:48,"21,2",61,"13,4","0,98","11,30"
2026-10-02 06:49,"21,2",61,"13,4","0,98","11,30"
2026-10-02 06:50,"21,2",61,"13,4","0,98","11,30"
2026-10-02 06:51,"21,2",61,"13,4","0,98","11,30"
2026-10-02 06:52,"21,2",61,"13,4","0,98","11,30"
2026-10-02 06:53,"21,2",61,"13,4","0,98","11,30"
2026-10-02 06:54,"21,2",61,"13,3","0,98","11,27"
2026-10-02 06:55,"21,1",61,"13,3","0,98","11,24"
2026-10-02 06:56,"21,1",61,"13,3","0,98","11,24"
2026-10-02 06:57,"21,1",61,"13,3","0,98","11,24"
2026-10-02 06:58,"21,1",62,"13,5","0,95","11,42"
2026-10-02 06:59,"21,1",64,"14,0","0,90","11,79"
2026-10-02 07:00,"21,1",64,"14,0","0,90","11,79"
2026-10-02 07:01,"21,1",64,"14,0","0,90","11,79"
2026-10-02 07:02,"21,2",64,"14,1","0,90","11,83"
2026-10-02 07:03,"21,2",64,"14,1","0,91","11,86"
2026-10-02 07:04,"21,2",64,"14,1","0,91","11,86"
2026-10-02 07:05,"21,2",64,"14,1","0,91","11,86"
2026-10-02 07:06,"21,2",64,"14,1","0,91","11,86"
2026-10-02 07:07,"21,2",64,"14,1","0,91","11,86"
2026-10-02 07:08,"21,2",64,"14,1","0,91","11,86"
2026-10-02 07:09,"21,2",64,"14,1","0,91","11,86"
2026-10-02 07:10,"21,3",64,"14,2","0,91","11,89"
2026-10-02 07:11,"21,3",64,"14,2","0,91","11,93"
2026-10-02 07:12,"21,3",63,"14,0","0,94","11,74"
2026-10-02 07:13,"21,3",63,"14,0","0,94","11,74"
2026-10-02 07:14,"21,3",63,"14,0","0,94","11,78"
2026-10-02 07:15,"21,4",63,"14,1","0,94","11,81"
2026-10-02 07:16,"21,4",62,"13,8","0,97","11,62"
2026-10-02 07:17,"21,4",62,"13,8","0,97","11,62"
2026-10-02 07:18,"21,4",62,"13,8","0,97","11,62"
2026-10-02 07:19,"21,4",62,"13,8","0,97","11,62"
2026-10-02 07:20,"21,4",62,"13,8","0,97","11,62"
2026-10-02 07:21,"21,4",62,"13,8","0,97","11,62"
2026-10-02 07:22,"21,4",61,"13,6","0,99","11,44"
2026-10-02 07:23,"21,4",61,"13,6","0,99","11,44"
2026-10-02 07:24,"21,4",61,"13,6","0,99","11,44"
2026-10-02 07:25,"21,4",61,"13,6","0,99","11,44"
2026-10-02 07:26,"21,5",58,"12,9","1,08","10,94"
2026-10-02 07:27,"21,6",56,"12,4","1,14","10,62"
2026-10-02 07:28,"21,7",57,"12,8","1,12","10,87"
2026-10-02 07:29,"21,8",59,"13,4","1,07","11,32"
2026-10-02 07:30,"21,8",57,"12,9","1,12","10,94"
2026-10-02 07:31,"21,8",56,"12,6","1,15","10,74"
2026-10-02 07:32,"21,7",55,"12,3","1,17","10,49"
2026-10-02 07:33,"21,6",55,"12,2","1,16","10,43"
2026-10-02 07:34,"21,5",55,"12,0","1,15","10,34"
2026-10-02 07:35,"21,3",55,"11,9","1,14","10,25"
2026-10-02 07:36,"21,3",55,"11,8","1,14","10,22"
2026-10-02 07:37,"21,2",55,"11,8","1,13","10,19"
2026-10-02 07:38,"21,2",55,"11,8","1,13","10,16"
2026-10-02 07:39,"21,1",55,"11,7","1,13","10,13"
2026-10-02 07:40,"21,0",55,"11,6","1,12","10,08"
2026-10-02 07:41,"20,9",55,"11,5","1,11","10,02"
2026-10-02 07:42,"20,7",53,"10,8","1,15","9,54"
2026-10-02 07:43,"20,5",52,"10,3","1,16","9,25"
2026-10-02 07:44,"20,5",52,"10,3","1,16","9,28"
2026-10-02 07:45,"20,6",52,"10,4","1,16","9,31"
2026-10-02 07:46,"20,6",52,"10,4","1,16","9,31"
2026-10-02 07:47,"20,6",52,"10,4","1,16","9,31"
2026-10-02 07:48,"20,5",52,"10,3","1,16","9,28"
2026-10-02 07:49,"20,5",52,"10,3","1,16","9,25"
2026-10-02 07:50,"20,5",52,"10,3","1,16","9,25"
2026-10-02 07:51,"20,5",52,"10,3","1,16","9,25"
2026-10-02 07:52,"20,5",52,"10,3","1,16","9,25"
2026-10-02 07:53,"20,5",52,"10,3","1,16","9,25"
2026-10-02 07:54,"20,5",52,"10,3","1,16","9,25"
2026-10-02 07:55,"20,5",53,"10,6","1,13","9,43"
2026-10-02 07:56,"20,5",53,"10,6","1,13","9,43"
2026-10-02 07:57,"20,5",53,"10,6","1,13","9,43"
2026-10-02 07:58,"20,5",53,"10,6","1,13","9,43"
2026-10-02 07:59,"20,5",53,"10,6","1,13","9,43"
2026-10-02 08:00,"20,5",53,"10,6","1,14","9,46"
2026-10-02 08:01,"20,6",53,"10,7","1,14","9,49"
2026-10-02 08:02,"20,6",53,"10,7","1,14","9,49"
2026-10-02 08:03,"20,6",53,"10,7","1,14","9,49"
2026-10-02 08:04,"20,6",53,"10,7","1,14","9,49"
2026-10-02 08:05,"20,6",53,"10,7","1,14","9,49"
2026-10-02 08:06,"20,6",53,"10,7","1,14","9,49"
2026-10-02 08:07,"20,6",53,"10,7","1,14","9,49"
2026-10-02 08:08,"20,7",53,"10,7","1,14","9,51"
2026-10-02 08:09,"20,7",54,"11,1","1,12","9,72"
2026-10-02 08:10,"20,7",54,"11,1","1,12","9,72"
2026-10-02 08:11,"20,7",54,"11,1","1,12","9,72"
2026-10-02 08:12,"20,7",54,"11,1","1,12","9,72"
2026-10-02 08:13,"20,7",54,"11,1","1,12","9,72"
2026-10-02 08:14,"20,7",54,"11,1","1,12","9,72"
2026-10-02 08:15,"20,7",54,"11,1","1,12","9,72"
2026-10-02 08:16,"20,7",54,"11,1","1,12","9,72"
2026-10-02 08:17,"20,7",54,"11,1","1,12","9,72"
2026-10-02 08:18,"20,7",54,"11,1","1,12","9,72"
2026-10-02 08:19,"20,7",54,"11,1","1,12","9,72"
2026-10-02 08:20,"20,7",54,"11,1","1,12","9,72"
2026-10-02 08:21,"20,7",54,"11,1","1,12","9,72"
2026-10-02 08:22,"20,7",54,"11,1","1,12","9,72"
2026-10-02 08:23,"20,7",54,"11,1","1,12","9,72"
2026-10-02 08:24,"20,7",54,"11,1","1,12","9,72"
2026-10-02 08:25,"20,7",54,"11,1","1,12","9,72"
2026-10-02 08:26,"20,7",54,"11,1","1,12","9,72"
2026-10-02 08:27,"20,7",55,"11,3","1,10","9,90"
2026-10-02 08:28,"20,7",55,"11,3","1,10","9,90"
2026-10-02 08:29,"20,7",55,"11,3","1,10","9,90"
2026-10-02 08:30,"20,7",55,"11,3","1,10","9,90"
2026-10-02 08:31,"20,7",55,"11,3","1,10","9,90"
2026-10-02 08:32,"20,7",55,"11,3","1,10","9,90"
2026-10-02 08:33,"20,7",55,"11,3","1,10","9,90"
2026-10-02 08:34,"20,7",55,"11,3","1,10","9,90"
2026-10-02 08:35,"20,7",55,"11,3","1,10","9,90"
2026-10-02 08:36,"20,7",55,"11,3","1,10","9,90"
2026-10-02 08:37,"20,7",55,"11,3","1,10","9,90"
2026-10-02 08:38,"20,7",55,"11,3","1,10","9,90"
2026-10-02 08:39,"20,7",55,"11,3","1,10","9,90"
2026-10-02 08:40,"20,7",55,"11,3","1,10","9,90"
2026-10-02 08:41,"20,7",55,"11,3","1,10","9,90"
2026-10-02 08:42,"20,7",55,"11,3","1,10","9,90"
2026-10-02 08:43,"20,7",55,"11,3","1,10","9,90"
2026-10-02 08:44,"20,7",55,"11,3","1,10","9,90"
2026-10-02 08:45,"20,7",56,"11,6","1,07","10,08"
2026-10-02 08:46,"20,7",56,"11,6","1,07","10,08"
2026-10-02 08:47,"20,7",56,"11,6","1,07","10,08"
2026-10-02 08:48,"20,7",56,"11,6","1,07","10,08"
2026-10-02 08:49,"20,7",56,"11,6","1,07","10,08"
2026-10-02 08:50,"20,7",56,"11,6","1,07","10,08"
2026-10-02 08:51,"20,7",56,"11,6","1,07","10,08"
2026-10-02 08:52,"20,7",56,"11,6","1,07","10,08"
2026-10-02 08:53,"20,7",56,"11,6","1,07","10,08"
2026-10-02 08:54,"20,7",56,"11,6","1,07","10,08"
2026-10-02 08:55,"20,7",56,"11,6","1,07","10,08"
2026-10-02 08:56,"20,7",56,"11,6","1,07","10,08"
2026-10-02 08:57,"20,7",56,"11,6","1,07","10,08"
2026-10-02 08:58,"20,7",56,"11,6","1,07","10,08"
2026-10-02 08:59,"20,7",56,"11,6","1,07","10,08"
2026-10-02 09:00,"20,7",56,"11,6","1,07","10,08"
2026-10-02 09:01,"20,7",56,"11,6","1,07","10,08"
2026-10-02 09:02,"20,7",56,"11,6","1,07","10,08"
2026-10-02 09:03,"20,7",56,"11,6","1,07","10,08"
2026-10-02 09:04,"20,7",56,"11,6","1,07","10,08"
2026-10-02 09:05,"20,7",56,"11,6","1,07","10,08"
2026-10-02 09:06,"20,7",56,"11,6","1,07","10,08"
2026-10-02 09:07,"20,7",56,"11,6","1,07","10,08"
2026-10-02 09:08,"20,7",56,"11,6","1,07","10,08"
2026-10-02 09:09,"20,7",57,"11,9","1,05","10,26"
2026-10-02 09:10,"20,7",57,"11,9","1,05","10,26"
2026-10-02 09:11,"20,7",57,"11,9","1,05","10,26"
2026-10-02 09:12,"20,7",57,"11,9","1,05","10,26"
2026-10-02 09:13,"20,7",57,"11,9","1,05","10,26"
2026-10-02 09:14,"20,7",57,"11,9","1,05","10,26"
2026-10-02 09:15,"20,7",57,"11,9","1,05","10,26"
2026-10-02 09:16,"20,7",57,"11,9","1,05","10,26"
2026-10-02 09:17,"20,7",57,"11,9","1,05","10,26"
2026-10-02 09:18,"20,7",57,"11,8","1,05","10,23"
2026-10-02 09:19,"20,6",57,"11,8","1,04","10,20"
2026-10-02 09:20,"20,6",57,"11,8","1,04","10,20"
2026-10-02 09:21,"20,6",57,"11,8","1,04","10,20"
2026-10-02 09:22,"20,6",57,"11,8","1,04","10,20"
2026-10-02 09:23,"20,6",57,"11,8","1,04","10,20"
2026-10-02 09:24,"20,6",57,"11,8","1,04","10,20"
2026-10-02 09:25,"20,6",57,"11,8","1,04","10,20"
2026-10-02 09:26,"20,6",57,"11,8","1,04","10,20"
2026-10-02 09:27,"20,6",57,"11,8","1,04","10,20"
2026-10-02 09:28,"20,6",57,"11,8","1,04","10,20"
2026-10-02 09:29,"20,6",57,"11,8","1,04","10,20"
2026-10-02 09:30,"20,6",57,"11,8","1,04","10,20"
2026-10-02 09:31,"20,6",57,"11,8","1,04","10,20"
2026-10-02 09:32,"20,6",57,"11,8","1,04","10,20"
2026-10-02 09:33,"20,6",57,"11,8","1,04","10,20"
2026-10-02 09:34,"20,6",57,"11,8","1,04","10,20"
2026-10-02 09:35,"20,6",57,"11,8","1,04","10,20"
2026-10-02 09:36,"20,6",57,"11,8","1,04","10,20"
2026-10-02 09:37,"20,6",57,"11,8","1,04","10,20"
2026-10-02 09:38,"20,6",57,"11,8","1,04","10,20"
2026-10-02 09:39,"20,6",57,"11,8","1,04","10,20"
2026-10-02 09:40,"20,6",57,"11,8","1,04","10,20"
2026-10-02 09:41,"20,6",57,"11,8","1,04","10,20"
2026-10-02 09:42,"20,6",57,"11,8","1,04","10,20"
2026-10-02 09:43,"20,6",58,"12,0","1,02","10,38"
2026-10-02 09:44,"20,6",58,"12,0","1,02","10,38"
2026-10-02 09:45,"20,6",58,"12,0","1,02","10,38"
2026-10-02 09:46,"20,6",58,"12,0","1,02","10,38"
2026-10-02 09:47,"20,6",58,"12,0","1,02","10,38"
2026-10-02 09:48,"20,6",58,"12,0","1,02","10,38"
2026-10-02 09:49,"20,6",58,"12,0","1,02","10,38"
2026-10-02 09:50,"20,6",58,"12,0","1,02","10,38"
2026-10-02 09:51,"20,6",58,"12,0","1,02","10,38"
2026-10-02 09:52,"20,6",58,"12,0","1,02","10,38"
2026-10-02 09:53,"20,6",58,"12,0","1,02","10,38"
2026-10-02 09:54,"20,6",58,"12,0","1,02","10,38"
2026-10-02 09:55,"20,6",58,"12,0","1,02","10,38"
2026-10-02 09:56,"20,6",58,"12,0","1,02","10,38"
2026-10-02 09:57,"20,6",58,"12,0","1,02","10,38"
2026-10-02 09:58,"20,6",58,"12,0","1,02","10,38"
2026-10-02 09:59,"20,6",58,"12,0","1,02","10,38"
2026-10-02 10:00,"20,6",58,"12,0","1,02","10,38"
2026-10-02 10:01,"20,6",58,"12,0","1,02","10,38"
2026-10-02 10:02,"20,6",58,"12,0","1,02","10,38"
2026-10-02 10:03,"20,6",58,"12,0","1,02","10,38"
2026-10-02 10:04,"20,6",58,"12,0","1,02","10,38"
2026-10-02 10:05,"20,6",58,"12,0","1,02","10,38"
2026-10-02 10:06,"20,6",58,"12,0","1,02","10,38"
2026-10-02 10:07,"20,6",58,"12,0","1,02","10,38"
2026-10-02 10:08,"20,5",58,"12,0","1,02","10,35"
2026-10-02 10:09,"20,5",58,"11,9","1,01","10,32"
2026-10-02 10:10,"20,5",58,"11,9","1,01","10,32"
2026-10-02 10:11,"20,5",58,"11,9","1,01","10,32"
2026-10-02 10:12,"20,5",58,"11,9","1,01","10,32"
2026-10-02 10:13,"20,5",58,"11,9","1,01","10,32"
2026-10-02 10:14,"20,5",58,"11,9","1,01","10,32"
2026-10-02 10:15,"20,5",58,"11,9","1,01","10,32"
2026-10-02 10:16,"20,5",58,"11,9","1,01","10,32"
2026-10-02 10:17,"20,5",58,"11,9","1,01","10,32"
2026-10-02 10:18,"20,5",58,"11,9","1,01","10,32"
2026-10-02 10:19,"20,5",58,"11,9","1,01","10,32"
2026-10-02 10:20,"20,5",57,"11,7","1,04","10,14"
2026-10-02 10:21,"20,5",57,"11,7","1,04","10,14"
2026-10-02 10:22,"20,5",57,"11,7","1,04","10,14"
2026-10-02 10:23,"20,5",57,"11,7","1,04","10,14"
2026-10-02 10:24,"20,5",57,"11,7","1,04","10,14"
2026-10-02 10:25,"20,5",57,"11,7","1,04","10,14"
2026-10-02 10:26,"20,5",57,"11,7","1,04","10,14"
2026-10-02 10:27,"20,5",57,"11,7","1,04","10,14"
2026-10-02 10:28,"20,5",57,"11,7","1,04","10,14"
2026-10-02 10:29,"20,5",57,"11,7","1,04","10,14"
2026-10-02 10:30,"20,5",57,"11,7","1,04","10,14"
2026-10-02 10:31,"20,5",57,"11,7","1,04","10,14"
2026-10-02 10:32,"20,5",57,"11,7","1,04","10,14"
2026-10-02 10:33,"20,5",57,"11,7","1,04","10,14"
2026-10-02 10:34,"20,5",57,"11,7","1,04","10,14"
2026-10-02 10:35,"20,5",57,"11,7","1,04","10,14"
2026-10-02 10:36,"20,5",57,"11,7","1,04","10,14"
2026-10-02 10:37,"20,5",57,"11,7","1,04","10,14"
2026-10-02 10:38,"20,5",57,"11,7","1,04","10,14"
2026-10-02 10:39,"20,5",57,"11,7","1,04","10,14"
2026-10-02 10:40,"20,5",57,"11,7","1,04","10,14"
2026-10-02 10:41,"20,5",57,"11,7","1,04","10,14"
2026-10-02 10:42,"20,5",57,"11,7","1,04","10,14"
2026-10-02 10:43,"20,5",57,"11,7","1,04","10,14"
2026-10-02 10:44,"20,5",57,"11,7","1,04","10,14"
2026-10-02 10:45,"20,5",57,"11,7","1,04","10,14"
2026-10-02 10:46,"20,5",57,"11,7","1,04","10,14"
2026-10-02 10:47,"20,5",57,"11,7","1,04","10,14"
2026-10-02 10:48,"20,5",57,"11,7","1,04","10,14"
2026-10-02 10:49,"20,5",57,"11,7","1,04","10,14"
2026-10-02 10:50,"20,5",57,"11,7","1,04","10,14"
2026-10-02 10:51,"20,5",57,"11,7","1,04","10,14"
2026-10-02 10:52,"20,5",57,"11,7","1,04","10,14"
2026-10-02 10:53,"20,5",57,"11,7","1,04","10,14"
2026-10-02 10:54,"20,5",57,"11,7","1,04","10,14"
2026-10-02 10:55,"20,5",57,"11,7","1,04","10,14"
2026-10-02 10:56,"20,5",56,"11,4","1,06","9,96"
2026-10-02 10:57,"20,5",56,"11,4","1,06","9,96"
2026-10-02 10:58,"20,5",56,"11,4","1,06","9,96"
2026-10-02 10:59,"20,5",56,"11,4","1,06","9,96"
2026-10-02 11:00,"20,5",56,"11,4","1,06","9,96"
2026-10-02 11:01,"20,5",56,"11,4","1,06","9,96"
2026-10-02 11:02,"20,5",56,"11,4","1,06","9,96"
2026-10-02 11:03,"20,5",56,"11,4","1,06","9,96"
2026-10-02 11:04,"20,5",56,"11,4","1,06","9,96"
2026-10-02 11:05,"20,5",56,"11,4","1,06","9,96"
2026-10-02 11:06,"20,5",56,"11,4","1,06","9,96"
2026-10-02 11:07,"20,5",56,"11,4","1,06","9,96"
2026-10-02 11:08,"20,5",56,"11,4","1,06","9,96"
2026-10-02 11:09,"20,5",56,"11,4","1,06","9,96"
2026-10-02 11:10,"20,5",56,"11,4","1,06","9,96"
2026-10-02 11:11,"20,5",56,"11,4","1,06","9,96"
2026-10-02 11:12,"20,5",56,"11,4","1,06","9,96"
2026-10-02 11:13,"20,5",56,"11,4","1,06","9,96"
2026-10-02 11:14,"20,5",56,"11,4","1,06","9,96"
2026-10-02 11:15,"20,5",56,"11,4","1,06","9,96"
2026-10-02 11:16,"20,5",56,"11,4","1,06","9,96"
2026-10-02 11:17,"20,5",56,"11,4","1,06","9,96"
2026-10-02 11:18,"20,5",56,"11,4","1,06","9,96"
2026-10-02 11:19,"20,5",56,"11,4","1,06","9,96"
2026-10-02 11:20,"20,5",56,"11,4","1,06","9,96"
2026-10-02 11:21,"20,5",56,"11,4","1,06","9,96"
2026-10-02 11:22,"20,5",56,"11,4","1,06","9,96"
2026-10-02 11:23,"20,5",56,"11,4","1,06","9,96"
2026-10-02 11:24,"20,5",56,"11,4","1,06","9,96"
2026-10-02 11:25,"20,5",56,"11,4","1,06","9,96"
2026-10-02 11:26,"20,5",56,"11,4","1,06","9,96"
2026-10-02 11:27,"20,5",56,"11,4","1,06","9,96"
2026-10-02 11:28,"20,5",56,"11,4","1,06","9,94"
2026-10-02 11:29,"20,4",56,"11,3","1,05","9,91"
2026-10-02 11:30,"20,4",56,"11,3","1,05","9,91"
2026-10-02 11:31,"20,4",56,"11,3","1,05","9,91"
2026-10-02 11:32,"20,4",56,"11,3","1,05","9,91"
2026-10-02 11:33,"20,4",56,"11,3","1,05","9,91"
2026-10-02 11:34,"20,4",56,"11,3","1,05","9,91"
2026-10-02 11:35,"20,4",56,"11,3","1,05","9,91"
2026-10-02 11:36,"20,4",56,"11,3","1,05","9,91"
2026-10-02 11:37,"20,4",56,"11,3","1,05","9,91"
2026-10-02 11:38,"20,4",56,"11,3","1,05","9,91"
2026-10-02 11:39,"20,4",56,"11,3","1,05","9,91"
2026-10-02 11:40,"20,4",56,"11,3","1,05","9,91"
2026-10-02 11:41,"20,4",57,"11,6","1,03","10,08"
2026-10-02 11:42,"20,4",57,"11,6","1,03","10,08"
2026-10-02 11:43,"20,4",57,"11,6","1,03","10,08"
2026-10-02 11:44,"20,4",57,"11,6","1,03","10,08"
2026-10-02 11:45,"20,4",57,"11,6","1,03","10,08"
2026-10-02 11:46,"20,4",57,"11,6","1,03","10,08"
2026-10-02 11:47,"20,4",57,"11,6","1,03","10,08"
2026-10-02 11:48,"20,4",57,"11,6","1,03","10,08"
2026-10-02 11:49,"20,4",57,"11,6","1,03","10,08"
2026-10-02 11:50,"20,4",57,"11,6","1,03","10,08"
2026-10-02 11:51,"20,4",57,"11,6","1,03","10,08"
2026-10-02 11:52,"20,4",57,"11,6","1,03","10,08"
2026-10-02 11:53,"20,4",57,"11,6","1,03","10,08"
2026-10-02 11:54,"20,3",57,"11,5","1,03","10,05"
2026-10-02 11:55,"20,3",57,"11,5","1,02","10,02"
2026-10-02 11:56,"20,3",57,"11,5","1,02","10,02"
2026-10-02 11:57,"20,3",57,"11,5","1,02","10,02"
2026-10-02 11:58,"20,3",57,"11,5","1,02","10,02"
2026-10-02 11:59,"20,3",57,"11,5","1,02","10,02"
2026-10-02 12:00,"20,3",57,"11,5","1,02","10,02"
2026-10-02 12:01,"20,3",57,"11,5","1,02","10,02"
2026-10-02 12:02,"20,3",57,"11,5","1,02","10,02"
2026-10-02 12:03,"20,3",57,"11,5","1,02","10,02"
2026-10-02 12:04,"20,3",57,"11,5","1,02","10,02"
2026-10-02 12:05,"20,3",57,"11,5","1,02","10,02"
2026-10-02 12:06,"20,3",57,"11,5","1,02","10,02"
2026-10-02 12:07,"20,3",57,"11,5","1,02","10,02"
2026-10-02 12:08,"20,3",57,"11,5","1,02","10,02"
2026-10-02 12:09,"20,3",57,"11,5","1,02","10,02"
2026-10-02 12:10,"20,3",57,"11,5","1,02","10,02"
2026-10-02 12:11,"20,3",57,"11,5","1,02","10,02"
2026-10-02 12:12,"20,3",57,"11,5","1,02","10,02"
2026-10-02 12:13,"20,3",57,"11,5","1,02","10,02"
2026-10-02 12:14,"20,3",57,"11,5","1,02","10,02"
2026-10-02 12:15,"20,3",57,"11,5","1,02","10,02"
2026-10-02 12:16,"20,3",57,"11,5","1,02","10,00"
2026-10-02 12:17,"20,2",57,"11,4","1,02","9,97"
2026-10-02 12:18,"20,2",57,"11,4","1,02","9,97"
2026-10-02 12:19,"20,2",57,"11,4","1,02","9,97"
2026-10-02 12:20,"20,2",57,"11,4","1,02","9,97"
2026-10-02 12:21,"20,2",57,"11,4","1,02","9,97"
2026-10-02 12:22,"20,2",57,"11,4","1,02","9,97"
2026-10-02 12:23,"20,2",57,"11,4","1,02","9,97"
2026-10-02 12:24,"20,2",57,"11,4","1,02","9,97"
2026-10-02 12:25,"20,2",57,"11,4","1,02","9,97"
2026-10-02 12:26,"20,2",57,"11,4","1,02","9,97"
2026-10-02 12:27,"20,2",57,"11,4","1,02","9,97"
2026-10-02 12:28,"20,2",57,"11,4","1,02","9,97"
2026-10-02 12:29,"20,2",57,"11,4","1,02","9,97"
2026-10-02 12:30,"20,2",57,"11,4","1,02","9,97"
2026-10-02 12:31,"20,2",57,"11,4","1,02","9,97"
2026-10-02 12:32,"20,2",57,"11,4","1,02","9,97"
2026-10-02 12:33,"20,2",57,"11,4","1,02","9,97"
2026-10-02 12:34,"20,2",57,"11,4","1,02","9,97"
2026-10-02 12:35,"20,2",57,"11,4","1,02","9,97"
2026-10-02 12:36,"20,2",57,"11,4","1,02","9,97"
2026-10-02 12:37,"20,2",57,"11,4","1,02","9,97"
2026-10-02 12:38,"20,2",57,"11,4","1,01","9,94"
2026-10-02 12:39,"20,1",57,"11,3","1,01","9,91"
2026-10-02 12:40,"20,1",57,"11,3","1,01","9,91"
2026-10-02 12:41,"20,1",57,"11,3","1,01","9,91"
2026-10-02 12:42,"20,1",57,"11,3","1,01","9,91"
2026-10-02 12:43,"20,1",57,"11,3","1,01","9,91"
2026-10-02 12:44,"20,1",57,"11,3","1,01","9,91"
2026-10-02 12:45,"20,1",57,"11,3","1,01","9,91"
2026-10-02 12:46,"20,1",57,"11,3","1,01","9,91"
2026-10-02 12:47,"20,1",57,"11,3","1,01","9,91"
2026-10-02 12:48,"20,1",57,"11,3","1,01","9,91"
2026-10-02 12:49,"20,1",57,"11,3","1,01","9,91"
2026-10-02 12:50,"20,1",57,"11,3","1,01","9,91"
2026-10-02 12:51,"20,1",57,"11,3","1,01","9,91"
2026-10-02 12:52,"20,1",57,"11,3","1,01","9,91"
2026-10-02 12:53,"20,1",57,"11,3","1,01","9,91"
2026-10-02 12:54,"20,1",57,"11,3","1,01","9,91"
2026-10-02 12:55,"20,1",57,"11,3","1,01","9,91"
2026-10-02 12:56,"20,1",57,"11,3","1,01","9,91"
2026-10-02 12:57,"20,1",57,"11,3","1,01","9,91"
2026-10-02 12:58,"20,1",57,"11,3","1,01","9,91"
2026-10-02 12:59,"20,1",57,"11,3","1,01","9,91"
2026-10-02 13:00,"20,1",57,"11,3","1,01","9,91"
2026-10-02 13:01,"20,1",57,"11,3","1,01","9,91"
2026-10-02 13:02,"20,1",57,"11,3","1,01","9,91"
2026-10-02 13:03,"20,1",57,"11,3","1,01","9,91"
2026-10-02 13:04,"20,1",57,"11,3","1,01","9,91"
2026-10-02 13:05,"20,1",57,"11,3","1,01","9,91"
2026-10-02 13:06,"20,1",57,"11,3","1,01","9,91"
2026-10-02 13:07,"20,1",57,"11,3","1,01","9,91"
2026-10-02 13:08,"20,1",57,"11,3","1,01","9,91"
2026-10-02 13:09,"20,1",57,"11,3","1,01","9,91"
2026-10-02 13:10,"20,1",57,"11,3","1,01","9,91"
2026-10-02 13:11,"20,1",57,"11,3","1,01","9,91"
2026-10-02 13:12,"20,1",57,"11,3","1,01","9,91"
2026-10-02 13:13,"20,1",57,"11,3","1,01","9,91"
2026-10-02 13:14,"20,1",57,"11,3","1,01","9,91"
2026-10-02 13:15,"20,1",57,"11,3","1,01","9,91"
2026-10-02 13:16,"20,1",57,"11,3","1,01","9,91"
2026-10-02 13:17,"20,1",57,"11,3","1,01","9,91"
2026-10-02 13:18,"20,1",57,"11,3","1,01","9,91"
2026-10-02 13:19,"20,1",57,"11,3","1,01","9,91"
2026-10-02 13:20,"20,1",57,"11,3","1,01","9,91"
2026-10-02 13:21,"20,1",57,"11,3","1,01","9,91"
2026-10-02 13:22,"20,1",57,"11,3","1,01","9,91"
2026-10-02 13:23,"20,1",57,"11,3","1,01","9,91"
2026-10-02 13:24,"20,1",57,"11,3","1,01","9,91"
2026-10-02 13:25,"20,1",57,"11,3","1,01","9,91"
2026-10-02 13:26,"20,2",56,"11,1","1,04","9,76"
2026-10-02 13:27,"20,2",56,"11,1","1,04","9,79"
2026-10-02 13:28,"20,2",55,"10,9","1,07","9,62"
2026-10-02 13:29,"20,2",54,"10,6","1,09","9,44"
2026-10-02 13:30,"20,2",54,"10,6","1,09","9,44"
2026-10-02 13:31,"20,2",54,"10,6","1,09","9,44"
2026-10-02 13:32,"20,3",53,"10,4","1,12","9,29"
2026-10-02 13:33,"20,3",52,"10,1","1,14","9,15"
2026-10-02 13:34,"20,3",52,"10,1","1,14","9,15"
2026-10-02 13:35,"20,3",52,"10,1","1,14","9,15"
2026-10-02 13:36,"20,3",52,"10,1","1,14","9,15"
2026-10-02 13:37,"20,3",52,"10,1","1,14","9,15"
2026-10-02 13:38,"20,3",51,"9,8","1,17","8,97"
2026-10-02 13:39,"20,3",51,"9,8","1,17","8,97"
2026-10-02 13:40,"20,3",51,"9,8","1,17","8,97"
2026-10-02 13:41,"20,3",51,"9,8","1,17","8,97"
2026-10-02 13:42,"20,3",50,"9,5","1,19","8,79"
2026-10-02 13:43,"20,3",50,"9,5","1,19","8,79"
2026-10-02 13:44,"20,3",50,"9,5","1,19","8,79"
2026-10-02 13:45,"20,3",50,"9,5","1,19","8,79"
2026-10-02 13:46,"20,3",50,"9,5","1,19","8,79"
2026-10-02 13:47,"20,3",50,"9,5","1,19","8,79"
2026-10-02 13:48,"20,3",50,"9,5","1,19","8,79"
2026-10-02 13:49,"20,3",51,"9,8","1,17","8,97"
2026-10-02 13:50,"20,3",51,"9,8","1,17","8,97"
2026-10-02 13:51,"20,3",51,"9,8","1,17","8,97"
2026-10-02 13:52,"20,3",51,"9,8","1,17","8,97"
2026-10-02 13:53,"20,3",51,"9,8","1,17","8,97"
2026-10-02 13:54,"20,3",51,"9,8","1,17","8,97"
2026-10-02 13:55,"20,3",51,"9,8","1,17","8,97"
2026-10-02 13:56,"20,3",51,"9,8","1,17","8,97"
2026-10-02 13:57,"20,3",51,"9,8","1,17","8,97"
2026-10-02 13:58,"20,3",51,"9,8","1,17","8,97"
2026-10-02 13:59,"20,3",51,"9,8","1,17","8,97"
2026-10-02 14:00,"20,3",51,"9,8","1,17","8,97"
2026-10-02 14:01,"20,3",51,"9,8","1,17","8,97"
2026-10-02 14:02,"20,3",51,"9,8","1,17","8,97"
2026-10-02 14:03,"20,3",52,"10,1","1,14","9,15"
2026-10-02 14:04,"20,3",52,"10,1","1,14","9,15"
2026-10-02 14:05,"20,3",52,"10,1","1,14","9,15"
2026-10-02 14:06,"20,3",52,"10,1","1,14","9,15"
2026-10-02 14:07,"20,3",52,"10,1","1,14","9,15"
2026-10-02 14:08,"20,3",52,"10,1","1,14","9,15"
2026-10-02 14:09,"20,3",52,"10,1","1,14","9,15"
2026-10-02 14:10,"20,3",52,"10,2","1,15","9,17"
2026-10-02 14:11,"20,4",52,"10,2","1,15","9,20"
2026-10-02 14:12,"20,4",52,"10,2","1,15","9,20"
2026-10-02 14:13,"20,4",52,"10,2","1,15","9,20"
2026-10-02 14:14,"20,4",52,"10,2","1,15","9,20"
2026-10-02 14:15,"20,4",52,"10,2","1,15","9,20"
2026-10-02 14:16,"20,4",52,"10,2","1,15","9,20"
2026-10-02 14:17,"20,4",52,"10,2","1,15","9,20"
2026-10-02 14:18,"20,4",52,"10,2","1,15","9,20"
2026-10-02 14:19,"20,4",52,"10,2","1,15","9,20"
2026-10-02 14:20,"20,4",52,"10,2","1,15","9,20"
2026-10-02 14:21,"20,4",52,"10,2","1,15","9,20"
2026-10-02 14:22,"20,4",52,"10,2","1,15","9,20"
2026-10-02 14:23,"20,4",52,"10,2","1,15","9,20"
2026-10-02 14:24,"20,4",52,"10,2","1,15","9,20"
2026-10-02 14:25,"20,4",52,"10,2","1,15","9,20"
2026-10-02 14:26,"20,5",52,"10,3","1,15","9,23"
2026-10-02 14:27,"20,5",52,"10,3","1,16","9,25"
2026-10-02 14:28,"20,5",52,"10,3","1,16","9,25"
2026-10-02 14:29,"20,5",52,"10,3","1,16","9,25"
2026-10-02 14:30,"20,5",52,"10,3","1,16","9,25"
2026-10-02 14:31,"20,5",52,"10,3","1,16","9,25"
2026-10-02 14:32,"20,5",52,"10,3","1,16","9,25"
2026-10-02 14:33,"20,5",53,"10,6","1,13","9,43"
2026-10-02 14:34,"20,5",53,"10,6","1,13","9,43"
2026-10-02 14:35,"20,5",53,"10,6","1,13","9,43"
2026-10-02 14:36,"20,5",52,"10,3","1,16","9,25"
2026-10-02 14:37,"20,5",52,"10,3","1,16","9,25"
2026-10-02 14:38,"20,5",52,"10,3","1,16","9,25"
2026-10-02 14:39,"20,5",52,"10,3","1,16","9,25"
2026-10-02 14:40,"20,5",52,"10,3","1,16","9,25"
2026-10-02 14:41,"20,5",52,"10,3","1,16","9,25"
2026-10-02 14:42,"20,5",52,"10,3","1,16","9,25"
2026-10-02 14:43,"20,5",52,"10,3","1,16","9,25"
2026-10-02 14:44,"20,5",52,"10,3","1,16","9,25"
2026-10-02 14:45,"20,5",52,"10,3","1,16","9,25"
2026-10-02 14:46,"20,5",52,"10,3","1,16","9,25"
2026-10-02 14:47,"20,5",52,"10,3","1,16","9,25"
2026-10-02 14:48,"20,5",52,"10,3","1,16","9,25"
2026-10-02 14:49,"20,5",52,"10,3","1,16","9,25"
2026-10-02 14:50,"20,5",51,"10,0","1,18","9,07"
2026-10-02 14:51,"20,5",51,"10,0","1,18","9,07"
2026-10-02 14:52,"20,5",51,"10,0","1,18","9,07"
2026-10-02 14:53,"20,5",51,"10,0","1,18","9,07"
2026-10-02 14:54,"20,5",50,"9,7","1,21","8,90"
2026-10-02 14:55,"20,5",50,"9,7","1,21","8,90"
2026-10-02 14:56,"20,5",50,"9,7","1,21","8,90"
2026-10-02 14:57,"20,5",51,"10,0","1,18","9,07"
2026-10-02 14:58,"20,5",50,"9,7","1,21","8,90"
2026-10-02 14:59,"20,5",50,"9,7","1,21","8,90"
2026-10-02 15:00,"20,5",50,"9,7","1,21","8,90"
2026-10-02 15:01,"20,5",50,"9,7","1,21","8,90"
2026-10-02 15:02,"20,5",50,"9,7","1,21","8,90"
2026-10-02 15:03,"20,5",50,"9,7","1,21","8,90"
2026-10-02 15:04,"20,5",50,"9,7","1,21","8,90"
2026-10-02 15:05,"20,5",51,"10,0","1,18","9,07"
2026-10-02 15:06,"20,5",51,"10,0","1,18","9,07"
2026-10-02 15:07,"20,5",51,"10,0","1,18","9,07"
2026-10-02 15:08,"20,5",51,"10,0","1,18","9,07"
2026-10-02 15:09,"20,5",51,"10,0","1,18","9,07"
2026-10-02 15:10,"20,5",51,"10,0","1,18","9,07"
2026-10-02 15:11,"20,5",51,"10,0","1,18","9,07"
2026-10-02 15:12,"21,2",55,"11,8","1,13","10,19"
2026-10-02 15:13,"21,9",59,"13,5","1,08","11,39"
2026-10-02 15:14,"21,8",54,"12,1","1,20","10,36"
2026-10-02 15:15,"21,7",49,"10,5","1,32","9,35"
2026-10-02 15:16,"21,4",50,"10,5","1,27","9,37"
2026-10-02 15:17,"21,1",51,"10,6","1,23","9,40"
2026-10-02 15:18,"20,8",52,"10,6","1,18","9,42"
2026-10-02 15:19,"20,5",54,"10,9","1,11","9,61"
2026-10-02 15:20,"20,3",54,"10,7","1,10","9,50"
2026-10-02 15:21,"20,1",54,"10,5","1,08","9,39"
2026-10-02 15:22,"19,9",54,"10,3","1,07","9,28"
2026-10-02 15:23,"19,7",54,"10,1","1,06","9,17"
2026-10-02 15:24,"19,6",54,"10,0","1,05","9,12"
2026-10-02 15:25,"19,5",54,"9,9","1,04","9,06"
2026-10-02 15:26,"19,4",54,"9,8","1,04","9,01"
2026-10-02 15:27,"19,3",54,"9,8","1,03","8,96"
2026-10-02 15:28,"19,2",54,"9,7","1,02","8,90"
2026-10-02 15:29,"19,1",55,"9,8","0,99","9,02"
2026-10-02 15:30,"19,0",55,"9,8","0,99","8,99"
2026-10-02 15:31,"19,0",55,"9,7","0,99","8,96"
2026-10-02 15:32,"18,9",55,"9,7","0,98","8,91"
2026-10-02 15:33,"18,8",55,"9,6","0,98","8,86"
2026-10-02 15:34,"18,8",55,"9,6","0,98","8,86"
2026-10-02 15:35,"18,8",56,"9,8","0,95","9,02"
2026-10-02 15:36,"18,8",56,"9,8","0,95","8,99"
2026-10-02 15:37,"18,7",56,"9,7","0,95","8,97"
2026-10-02 15:38,"18,7",56,"9,7","0,95","8,94"
2026-10-02 15:39,"18,6",56,"9,6","0,94","8,91"
2026-10-02 15:40,"18,6",56,"9,6","0,94","8,91"
2026-10-02 15:41,"18,6",56,"9,6","0,94","8,91"
2026-10-02 15:42,"18,5",56,"9,6","0,94","8,89"
2026-10-02 15:43,"18,5",56,"9,6","0,94","8,86"
2026-10-02 15:44,"18,5",56,"9,6","0,94","8,86"
2026-10-02 15:45,"18,5",56,"9,6","0,94","8,86"
2026-10-02 15:46,"18,5",56,"9,5","0,93","8,83"
2026-10-02 15:47,"18,4",56,"9,5","0,93","8,81"
2026-10-02 15:48,"18,4",56,"9,5","0,93","8,81"
2026-10-02 15:49,"18,4",56,"9,5","0,93","8,81"
2026-10-02 15:50,"18,4",56,"9,5","0,93","8,81"
2026-10-02 15:51,"18,4",57,"9,7","0,91","8,97"
2026-10-02 15:52,"18,3",57,"9,7","0,91","8,94"
2026-10-02 15:53,"18,3",57,"9,6","0,90","8,91"
2026-10-02 15:54,"18,3",57,"9,6","0,90","8,91"
2026-10-02 15:55,"18,3",57,"9,6","0,90","8,91"
2026-10-02 15:56,"18,3",57,"9,6","0,90","8,91"
2026-10-02 15:57,"18,3",57,"9,6","0,90","8,91"
2026-10-02 15:58,"18,3",57,"9,6","0,90","8,91"
2026-10-02 15:59,"18,3",57,"9,6","0,90","8,91"
2026-10-02 16:00,"18,3",57,"9,6","0,90","8,89"
2026-10-02 16:01,"18,2",57,"9,5","0,90","8,86"
2026-10-02 16:02,"18,2",57,"9,5","0,90","8,86"
2026-10-02 16:03,"18,2",57,"9,5","0,90","8,86"
2026-10-02 16:04,"18,2",57,"9,5","0,90","8,86"
2026-10-02 16:05,"18,2",57,"9,5","0,90","8,86"
2026-10-02 16:06,"18,2",57,"9,5","0,90","8,86"
2026-10-02 16:07,"18,2",57,"9,5","0,90","8,86"
2026-10-02 16:08,"18,2",57,"9,5","0,90","8,86"
2026-10-02 16:09,"18,2",57,"9,5","0,90","8,86"
2026-10-02 16:10,"18,2",57,"9,5","0,90","8,86"
2026-10-02 16:11,"18,2",57,"9,5","0,90","8,86"
2026-10-02 16:12,"18,2",57,"9,5","0,90","8,86"
2026-10-02 16:13,"18,2",57,"9,5","0,90","8,86"
2026-10-02 16:14,"18,2",57,"9,5","0,90","8,83"
2026-10-02 16:15,"18,1",57,"9,4","0,89","8,81"
2026-10-02 16:16,"18,1",57,"9,4","0,89","8,81"
2026-10-02 16:17,"18,1",57,"9,4","0,89","8,81"
2026-10-02 16:18,"18,1",57,"9,4","0,89","8,81"
2026-10-02 16:19,"18,1",58,"9,7","0,87","8,96"
2026-10-02 16:20,"18,1",58,"9,7","0,87","8,96"
2026-10-02 16:21,"18,1",58,"9,7","0,87","8,96"
2026-10-02 16:22,"18,1",58,"9,7","0,87","8,96"
2026-10-02 16:23,"18,1",58,"9,7","0,87","8,96"
2026-10-02 16:24,"18,1",58,"9,7","0,87","8,96"
2026-10-02 16:25,"18,1",58,"9,7","0,87","8,96"
2026-10-02 16:26,"18,1",58,"9,7","0,87","8,96"
2026-10-02 16:27,"18,1",58,"9,7","0,87","8,96"
2026-10-02 16:28,"18,1",58,"9,7","0,87","8,96"
2026-10-02 16:29,"18,1",58,"9,7","0,87","8,96"
2026-10-02 16:30,"18,1",58,"9,7","0,87","8,96"
2026-10-02 16:31,"18,1",58,"9,7","0,87","8,96"
2026-10-02 16:32,"18,1",58,"9,7","0,87","8,96"
2026-10-02 16:33,"18,1",58,"9,7","0,87","8,96"
2026-10-02 16:34,"18,1",58,"9,7","0,87","8,96"
2026-10-02 16:35,"18,1",58,"9,7","0,87","8,96"
2026-10-02 16:36,"18,1",58,"9,7","0,87","8,96"
2026-10-02 16:37,"18,1",58,"9,7","0,87","8,96"
2026-10-02 16:38,"18,1",58,"9,7","0,87","8,96"
2026-10-02 16:39,"18,1",58,"9,7","0,87","8,96"
2026-10-02 16:40,"18,1",58,"9,7","0,87","8,96"
2026-10-02 16:41,"18,1",58,"9,7","0,87","8,96"
2026-10-02 16:42,"18,0",58,"9,7","0,87","8,93"
2026-10-02 16:43,"18,0",58,"9,6","0,87","8,91"
2026-10-02 16:44,"18,0",58,"9,6","0,87","8,91"
2026-10-02 16:45,"18,0",58,"9,6","0,87","8,91"
2026-10-02 16:46,"18,0",58,"9,6","0,87","8,91"
2026-10-02 16:47,"18,0",58,"9,6","0,87","8,91"
2026-10-02 16:48,"18,0",58,"9,6","0,87","8,91"
2026-10-02 16:49,"18,0",58,"9,6","0,87","8,91"
2026-10-02 16:50,"18,0",58,"9,6","0,87","8,91"
2026-10-02 16:51,"18,0",58,"9,6","0,87","8,91"
2026-10-02 16:52,"18,0",58,"9,6","0,87","8,91"
2026-10-02 16:53,"18,0",58,"9,6","0,87","8,91"
2026-10-02 16:54,"18,0",58,"9,6","0,87","8,91"
2026-10-02 16:55,"18,0",58,"9,6","0,87","8,91"
2026-10-02 16:56,"18,0",58,"9,6","0,87","8,91"
2026-10-02 16:57,"18,0",58,"9,6","0,87","8,91"
2026-10-02 16:58,"18,0",58,"9,6","0,87","8,91"
2026-10-02 16:59,"18,0",58,"9,6","0,87","8,91"
2026-10-02 17:00,"18,1",56,"9,2","0,91","8,65"
2026-10-02 17:01,"18,2",55,"9,0","0,94","8,55"
2026-10-02 17:02,"18,3",55,"9,1","0,94","8,57"
2026-10-02 17:03,"18,3",56,"9,4","0,93","8,76"
2026-10-02 17:04,"18,3",56,"9,4","0,93","8,76"
2026-10-02 17:05,"18,3",57,"9,6","0,90","8,91"
2026-10-02 17:06,"18,3",57,"9,6","0,90","8,91"
2026-10-02 17:07,"18,3",57,"9,6","0,90","8,91"
2026-10-02 17:08,"18,3",57,"9,6","0,90","8,91"
2026-10-02 17:09,"18,3",57,"9,6","0,90","8,91"
2026-10-02 17:10,"18,3",57,"9,6","0,90","8,89"
2026-10-02 17:11,"18,2",57,"9,5","0,90","8,86"
2026-10-02 17:12,"18,2",57,"9,5","0,90","8,86"
2026-10-02 17:13,"18,2",57,"9,5","0,90","8,86"
2026-10-02 17:14,"18,2",57,"9,5","0,90","8,86"
2026-10-02 17:15,"18,2",57,"9,5","0,90","8,86"
2026-10-02 17:16,"18,2",57,"9,5","0,90","8,86"
2026-10-02 17:17,"18,2",57,"9,5","0,90","8,86"
2026-10-02 17:18,"18,2",57,"9,5","0,90","8,83"
2026-10-02 17:19,"18,1",57,"9,4","0,89","8,81"
2026-10-02 17:20,"18,1",57,"9,4","0,89","8,81"
2026-10-02 17:21,"18,1",57,"9,4","0,89","8,81"
2026-10-02 17:22,"18,1",57,"9,4","0,89","8,81"
2026-10-02 17:23,"18,1",57,"9,4","0,89","8,81"
2026-10-02 17:24,"18,1",57,"9,4","0,89","8,81"
2026-10-02 17:25,"18,1",57,"9,4","0,89","8,81"
2026-10-02 17:26,"18,1",57,"9,4","0,89","8,81"
2026-10-02 17:27,"18,1",58,"9,7","0,87","8,96"
2026-10-02 17:28,"18,1",58,"9,7","0,87","8,96"
2026-10-02 17:29,"18,1",58,"9,7","0,87","8,96"
2026-10-02 17:30,"18,1",58,"9,7","0,87","8,96"
2026-10-02 17:31,"18,1",58,"9,7","0,87","8,96"
2026-10-02 17:32,"18,1",58,"9,7","0,87","8,96"
2026-10-02 17:33,"18,1",58,"9,7","0,87","8,96"
2026-10-02 17:34,"18,1",58,"9,7","0,87","8,96"
2026-10-02 17:35,"18,1",58,"9,7","0,87","8,96"
2026-10-02 17:36,"18,0",58,"9,7","0,87","8,93"
2026-10-02 17:37,"18,0",58,"9,6","0,87","8,91"
2026-10-02 17:38,"18,0",58,"9,6","0,87","8,91"
2026-10-02 17:39,"18,0",58,"9,6","0,87","8,91"
2026-10-02 17:40,"18,0",58,"9,6","0,87","8,91"
2026-10-02 17:41,"18,0",58,"9,6","0,87","8,91"
2026-10-02 17:42,"18,0",58,"9,6","0,87","8,91"
2026-10-02 17:43,"18,0",58,"9,6","0,87","8,91"
2026-10-02 17:44,"18,0",58,"9,6","0,87","8,91"
2026-10-02 17:45,"18,0",58,"9,6","0,87","8,91"
2026-10-02 17:46,"18,0",58,"9,6","0,87","8,91"
2026-10-02 17:47,"18,0",58,"9,6","0,87","8,91"
2026-10-02 17:48,"18,0",58,"9,6","0,87","8,91"
2026-10-02 17:49,"18,0",58,"9,6","0,87","8,91"
2026-10-02 17:50,"18,0",58,"9,6","0,87","8,91"
2026-10-02 17:51,"18,0",58,"9,6","0,87","8,91"
2026-10-02 17:52,"18,0",58,"9,6","0,87","8,91"
2026-10-02 17:53,"18,0",58,"9,6","0,87","8,91"
2026-10-02 17:54,"18,0",58,"9,6","0,87","8,91"
2026-10-02 17:55,"18,0",58,"9,6","0,87","8,91"
2026-10-02 17:56,"18,0",58,"9,6","0,87","8,91"
2026-10-02 17:57,"18,0",58,"9,6","0,87","8,91"
2026-10-02 17:58,"18,0",58,"9,6","0,87","8,91"
2026-10-02 17:59,"18,0",58,"9,6","0,87","8,91"
2026-10-02 18:00,"18,0",58,"9,6","0,87","8,91"
2026-10-02 18:01,"18,0",58,"9,6","0,87","8,91"
2026-10-02 18:02,"18,0",58,"9,6","0,87","8,91"
2026-10-02 18:03,"18,0",58,"9,6","0,87","8,91"
2026-10-02 18:04,"18,0",58,"9,6","0,87","8,91"
2026-10-02 18:05,"18,0",58,"9,6","0,87","8,91"
2026-10-02 18:06,"18,0",58,"9,6","0,87","8,91"
2026-10-02 18:07,"18,0",58,"9,6","0,87","8,91"
2026-10-02 18:08,"18,0",58,"9,6","0,87","8,91"
2026-10-02 18:09,"18,0",58,"9,6","0,87","8,91"
2026-10-02 18:10,"18,0",58,"9,6","0,87","8,91"
2026-10-02 18:11,"18,0",58,"9,6","0,87","8,91"
2026-10-02 18:12,"18,0",58,"9,6","0,87","8,91"
2026-10-02 18:13,"18,0",58,"9,6","0,87","8,91"
2026-10-02 18:14,"18,0",58,"9,6","0,87","8,91"
2026-10-02 18:15,"18,0",58,"9,6","0,87","8,91"
2026-10-02 18:16,"18,0",58,"9,6","0,87","8,91"
2026-10-02 18:17,"18,0",58,"9,6","0,87","8,91"
2026-10-02 18:18,"18,0",58,"9,6","0,87","8,91"
2026-10-02 18:19,"18,0",58,"9,6","0,87","8,91"
2026-10-02 18:20,"18,0",58,"9,6","0,87","8,91"
2026-10-02 18:21,"18,0",58,"9,6","0,87","8,91"
2026-10-02 18:22,"18,0",58,"9,6","0,87","8,91"
2026-10-02 18:23,"18,0",58,"9,6","0,87","8,91"
2026-10-02 18:24,"18,0",58,"9,6","0,87","8,91"
2026-10-02 18:25,"18,0",59,"9,9","0,85","9,06"
2026-10-02 18:26,"18,0",59,"9,9","0,85","9,06"
2026-10-02 18:27,"18,0",59,"9,9","0,85","9,06"
2026-10-02 18:28,"18,0",59,"9,9","0,85","9,06"
2026-10-02 18:29,"18,0",59,"9,9","0,85","9,06"
2026-10-02 18:30,"18,0",59,"9,9","0,85","9,06"
2026-10-02 18:31,"18,0",59,"9,9","0,85","9,06"
2026-10-02 18:32,"18,0",59,"9,9","0,85","9,06"
2026-10-02 18:33,"18,0",59,"9,9","0,85","9,06"
2026-10-02 18:34,"18,0",59,"9,9","0,85","9,06"
2026-10-02 18:35,"18,0",59,"9,9","0,85","9,06"
2026-10-02 18:36,"18,0",59,"9,9","0,85","9,06"
2026-10-02 18:37,"18,0",59,"9,9","0,85","9,06"
2026-10-02 18:38,"18,0",59,"9,9","0,85","9,06"
2026-10-02 18:39,"18,0",59,"9,9","0,85","9,06"
2026-10-02 18:40,"18,0",59,"9,9","0,85","9,06"
2026-10-02 18:41,"18,0",59,"9,9","0,85","9,06"
2026-10-02 18:42,"18,0",59,"9,9","0,85","9,06"
2026-10-02 18:43,"18,0",59,"9,9","0,85","9,06"
2026-10-02 18:44,"18,0",59,"9,8","0,84","9,04"
2026-10-02 18:45,"17,9",59,"9,8","0,84","9,01"
2026-10-02 18:46,"17,9",59,"9,8","0,84","9,01"
2026-10-02 18:47,"17,9",59,"9,8","0,84","9,01"
2026-10-02 18:48,"17,9",59,"9,8","0,84","9,01"
2026-10-02 18:49,"17,9",59,"9,8","0,84","9,01"
2026-10-02 18:50,"17,9",59,"9,8","0,84","9,01"
2026-10-02 18:51,"17,9",59,"9,8","0,84","9,01"
2026-10-02 18:52,"17,9",59,"9,8","0,84","9,01"
2026-10-02 18:53,"17,9",59,"9,8","0,84","9,01"
2026-10-02 18:54,"17,9",59,"9,8","0,84","9,01"
2026-10-02 18:55,"17,9",59,"9,8","0,84","9,01"
2026-10-02 18:56,"17,9",59,"9,8","0,84","9,01"
2026-10-02 18:57,"17,9",59,"9,8","0,84","9,01"
2026-10-02 18:58,"17,9",59,"9,8","0,84","9,01"
2026-10-02 18:59,"17,9",59,"9,8","0,84","9,01"
2026-10-02 19:00,"17,9",59,"9,8","0,84","9,01"
2026-10-02 19:01,"17,9",59,"9,8","0,84","9,01"
2026-10-02 19:02,"17,9",59,"9,8","0,84","9,01"
2026-10-02 19:03,"17,9",59,"9,8","0,84","9,01"
2026-10-02 19:04,"17,9",59,"9,8","0,84","9,01"
2026-10-02 19:05,"17,9",59,"9,8","0,84","9,01"
2026-10-02 19:06,"17,9",59,"9,8","0,84","9,01"
2026-10-02 19:07,"17,9",59,"9,8","0,84","9,01"
2026-10-02 19:08,"17,9",59,"9,8","0,84","9,01"
2026-10-02 19:09,"17,9",59,"9,8","0,84","9,01"
2026-10-02 19:10,"17,9",59,"9,8","0,84","9,01"
2026-10-02 19:11,"17,9",59,"9,8","0,84","9,01"
2026-10-02 19:12,"17,9",59,"9,8","0,84","9,01"
2026-10-02 19:13,"17,9",59,"9,8","0,84","9,01"
2026-10-02 19:14,"17,9",59,"9,8","0,84","9,01"
2026-10-02 19:15,"17,9",59,"9,8","0,84","9,01"
2026-10-02 19:16,"17,9",59,"9,8","0,84","9,01"
2026-10-02 19:17,"17,9",59,"9,8","0,84","9,01"
2026-10-02 19:18,"17,9",59,"9,8","0,84","9,01"
2026-10-02 19:19,"17,9",59,"9,8","0,84","9,01"
2026-10-02 19:20,"17,9",59,"9,8","0,84","9,01"
2026-10-02 19:21,"17,9",59,"9,8","0,84","9,01"
2026-10-02 19:22,"17,9",59,"9,8","0,84","9,01"
2026-10-02 19:23,"17,9",59,"9,8","0,84","9,01"
2026-10-02 19:24,"17,9",59,"9,8","0,84","9,01"
2026-10-02 19:25,"17,9",59,"9,8","0,84","9,01"
2026-10-02 19:26,"17,9",59,"9,8","0,84","9,01"
2026-10-02 19:27,"17,9",60,"10,0","0,82","9,16"
2026-10-02 19:28,"17,9",60,"10,0","0,82","9,16"
2026-10-02 19:29,"17,9",60,"10,0","0,82","9,16"
2026-10-02 19:30,"17,9",60,"10,0","0,82","9,16"
2026-10-02 19:31,"17,9",60,"10,0","0,82","9,16"
2026-10-02 19:32,"17,9",60,"10,0","0,82","9,16"
2026-10-02 19:33,"17,9",60,"10,0","0,82","9,16"
2026-10-02 19:34,"17,9",60,"10,0","0,82","9,16"
2026-10-02 19:35,"17,9",60,"10,0","0,82","9,16"
2026-10-02 19:36,"17,9",60,"10,0","0,82","9,16"
2026-10-02 19:37,"17,9",60,"10,0","0,82","9,16"
2026-10-02 19:38,"17,9",60,"10,0","0,82","9,16"
2026-10-02 19:39,"17,9",60,"10,0","0,82","9,16"
2026-10-02 19:40,"17,9",60,"10,0","0,82","9,16"
2026-10-02 19:41,"17,9",60,"10,0","0,82","9,16"
2026-10-02 19:42,"17,9",60,"10,0","0,82","9,16"
2026-10-02 19:43,"17,9",60,"10,0","0,82","9,16"
2026-10-02 19:44,"17,9",60,"10,0","0,82","9,16"
2026-10-02 19:45,"17,9",60,"10,0","0,82","9,16"
2026-10-02 19:46,"17,9",60,"10,0","0,82","9,16"
2026-10-02 19:47,"17,9",60,"10,0","0,82","9,16"
2026-10-02 19:48,"17,9",60,"10,0","0,82","9,16"
2026-10-02 19:49,"17,9",60,"10,0","0,82","9,16"
2026-10-02 19:50,"17,9",60,"10,0","0,82","9,16"
2026-10-02 19:51,"17,9",60,"10,0","0,82","9,16"
2026-10-02 19:52,"17,9",60,"10,0","0,82","9,16"
2026-10-02 19:53,"17,9",60,"10,0","0,82","9,16"
2026-10-02 19:54,"17,9",60,"10,0","0,82","9,16"
2026-10-02 19:55,"17,9",60,"10,0","0,82","9,16"
2026-10-02 19:56,"17,9",60,"10,0","0,82","9,16"
2026-10-02 19:57,"17,9",60,"10,0","0,82","9,16"
2026-10-02 19:58,"17,9",60,"10,0","0,82","9,16"
2026-10-02 19:59,"17,9",60,"10,0","0,82","9,16"
2026-10-02 20:00,"17,9",60,"10,0","0,82","9,16"
2026-10-02 20:01,"17,9",60,"10,0","0,82","9,16"
2026-10-02 20:02,"17,9",60,"10,0","0,82","9,16"
2026-10-02 20:03,"17,9",60,"10,0","0,82","9,16"
2026-10-02 20:04,"17,9",60,"10,0","0,82","9,16"
2026-10-02 20:05,"17,9",60,"10,0","0,82","9,16"
2026-10-02 20:06,"17,9",60,"10,0","0,82","9,16"
2026-10-02 20:07,"17,9",60,"10,0","0,82","9,16"
2026-10-02 20:08,"17,9",60,"10,0","0,82","9,16"
2026-10-02 20:09,"17,9",60,"10,0","0,82","9,16"
2026-10-02 20:10,"17,9",60,"10,0","0,82","9,16"
2026-10-02 20:11,"17,9",60,"10,0","0,82","9,16"
2026-10-02 20:12,"17,9",60,"10,0","0,82","9,16"
2026-10-02 20:13,"17,9",60,"10,0","0,82","9,16"
2026-10-02 20:14,"17,9",60,"10,0","0,82","9,16"
2026-10-02 20:15,"17,9",60,"10,0","0,82","9,16"
2026-10-02 20:16,"17,9",60,"10,0","0,82","9,16"
2026-10-02 20:17,"17,9",60,"10,0","0,82","9,16"
2026-10-02 20:18,"17,9",60,"10,0","0,82","9,16"
2026-10-02 20:19,"17,9",60,"10,0","0,82","9,16"
2026-10-02 20:20,"17,9",60,"10,0","0,82","9,16"
2026-10-02 20:21,"17,9",60,"10,0","0,82","9,16"
2026-10-02 20:22,"17,9",60,"10,0","0,82","9,16"
2026-10-02 20:23,"17,9",60,"10,0","0,82","9,16"
2026-10-02 20:24,"17,9",60,"10,0","0,82","9,16"
2026-10-02 20:25,"17,9",60,"10,0","0,82","9,16"
2026-10-02 20:26,"17,9",60,"10,0","0,82","9,16"
2026-10-02 20:27,"17,9",60,"10,0","0,82","9,16"
2026-10-02 20:28,"17,9",60,"10,0","0,82","9,16"
2026-10-02 20:29,"17,9",60,"10,0","0,82","9,16"
2026-10-02 20:30,"17,9",60,"10,0","0,82","9,16"
2026-10-02 20:31,"17,9",60,"10,0","0,82","9,16"
2026-10-02 20:32,"17,9",60,"10,0","0,82","9,16"
2026-10-02 20:33,"17,9",60,"10,0","0,82","9,16"
2026-10-02 20:34,"17,9",60,"10,0","0,82","9,16"
2026-10-02 20:35,"17,9",60,"10,0","0,82","9,16"
2026-10-02 20:36,"17,9",60,"10,0","0,82","9,16"
2026-10-02 20:37,"17,9",60,"10,0","0,82","9,16"
2026-10-02 20:38,"17,9",60,"10,0","0,82","9,16"
2026-10-02 20:39,"17,9",60,"10,0","0,82","9,16"
2026-10-02 20:40,"17,9",60,"10,0","0,82","9,16"
2026-10-02 20:41,"17,9",60,"10,0","0,82","9,16"
2026-10-02 20:42,"17,9",60,"10,0","0,82","9,16"
2026-10-02 20:43,"17,9",60,"10,0","0,82","9,16"
2026-10-02 20:44,"17,9",60,"10,0","0,82","9,16"
2026-10-02 20:45,"17,9",60,"10,0","0,82","9,16"
2026-10-02 20:46,"17,9",60,"10,0","0,82","9,16"
2026-10-02 20:47,"17,9",60,"10,0","0,82","9,16"
2026-10-02 20:48,"17,9",60,"10,0","0,82","9,16"
2026-10-02 20:49,"17,9",60,"10,0","0,82","9,16"
2026-10-02 20:50,"17,9",60,"10,0","0,82","9,16"
2026-10-02 20:51,"17,9",60,"10,0","0,82","9,16"
2026-10-02 20:52,"17,9",60,"10,0","0,82","9,16"
2026-10-02 20:53,"17,9",60,"10,0","0,82","9,16"
2026-10-02 20:54,"17,9",60,"10,0","0,82","9,16"
2026-10-02 20:55,"17,9",60,"10,0","0,82","9,16"
2026-10-02 20:56,"17,9",60,"10,0","0,82","9,16"
2026-10-02 20:57,"17,9",60,"10,0","0,82","9,16"
2026-10-02 20:58,"17,9",60,"10,0","0,82","9,16"
2026-10-02 20:59,"17,9",60,"10,0","0,82","9,16"
2026-10-02 21:00,"17,9",60,"10,0","0,82","9,16"
2026-10-02 21:01,"17,9",60,"10,0","0,82","9,16"
2026-10-02 21:02,"17,9",60,"10,0","0,82","9,16"
2026-10-02 21:03,"17,9",60,"10,0","0,82","9,16"
2026-10-02 21:04,"17,9",60,"10,0","0,82","9,16"
2026-10-02 21:05,"17,9",60,"10,0","0,82","9,16"
2026-10-02 21:06,"17,9",60,"10,0","0,82","9,16"
2026-10-02 21:07,"17,9",60,"10,0","0,82","9,16"
2026-10-02 21:08,"17,9",60,"10,0","0,82","9,16"
2026-10-02 21:09,"17,9",60,"10,0","0,82","9,16"
2026-10-02 21:10,"17,9",60,"10,0","0,82","9,16"
2026-10-02 21:11,"17,9",61,"10,3","0,80","9,31"
2026-10-02 21:12,"17,9",61,"10,3","0,80","9,31"
2026-10-02 21:13,"17,9",61,"10,3","0,80","9,31"
2026-10-02 21:14,"17,9",61,"10,3","0,80","9,31"
2026-10-02 21:15,"17,9",61,"10,3","0,80","9,31"
2026-10-02 21:16,"17,9",61,"10,3","0,80","9,31"
2026-10-02 21:17,"17,9",61,"10,3","0,80","9,31"
2026-10-02 21:18,"17,9",61,"10,3","0,80","9,31"
2026-10-02 21:19,"17,9",61,"10,3","0,80","9,31"
2026-10-02 21:20,"17,9",61,"10,3","0,80","9,31"
2026-10-02 21:21,"17,9",61,"10,3","0,80","9,31"
2026-10-02 21:22,"17,9",61,"10,3","0,80","9,31"
2026-10-02 21:23,"17,9",61,"10,3","0,80","9,31"
2026-10-02 21:24,"17,9",61,"10,3","0,80","9,31"
2026-10-02 21:25,"17,9",61,"10,3","0,80","9,31"
2026-10-02 21:26,"17,9",61,"10,3","0,80","9,31"
2026-10-02 21:27,"17,9",61,"10,3","0,80","9,31"
2026-10-02 21:28,"17,9",61,"10,3","0,80","9,31"
2026-10-02 21:29,"17,9",61,"10,3","0,80","9,31"
2026-10-02 21:30,"17,9",61,"10,3","0,80","9,31"
2026-10-02 21:31,"17,9",61,"10,3","0,80","9,31"
2026-10-02 21:32,"17,9",61,"10,3","0,80","9,31"
2026-10-02 21:33,"17,9",61,"10,3","0,80","9,31"
2026-10-02 21:34,"17,9",61,"10,3","0,80","9,31"
2026-10-02 21:35,"17,9",61,"10,3","0,80","9,31"
2026-10-02 21:36,"17,9",61,"10,3","0,80","9,31"
2026-10-02 21:37,"17,9",61,"10,3","0,80","9,31"
2026-10-02 21:38,"17,9",61,"10,3","0,80","9,31"
2026-10-02 21:39,"17,9",61,"10,3","0,80","9,31"
2026-10-02 21:40,"17,9",61,"10,3","0,80","9,31"
2026-10-02 21:41,"17,9",61,"10,3","0,80","9,31"
2026-10-02 21:42,"17,9",61,"10,3","0,80","9,31"
2026-10-02 21:43,"17,9",61,"10,3","0,80","9,31"
2026-10-02 21:44,"17,9",61,"10,3","0,80","9,31"
2026-10-02 21:45,"17,9",61,"10,3","0,80","9,31"
2026-10-02 21:46,"17,9",61,"10,3","0,80","9,31"
2026-10-02 21:47,"17,9",61,"10,3","0,80","9,31"
2026-10-02 21:48,"17,9",61,"10,3","0,80","9,31"
2026-10-02 21:49,"17,9",61,"10,3","0,80","9,31"
2026-10-02 21:50,"17,9",61,"10,3","0,80","9,31"
2026-10-02 21:51,"17,9",61,"10,3","0,80","9,31"
2026-10-02 21:52,"17,9",61,"10,3","0,80","9,31"
2026-10-02 21:53,"17,9",61,"10,3","0,80","9,31"
2026-10-02 21:54,"17,9",61,"10,3","0,80","9,31"
2026-10-02 21:55,"17,9",61,"10,3","0,80","9,31"
2026-10-02 21:56,"17,9",61,"10,3","0,80","9,31"
2026-10-02 21:57,"17,9",61,"10,3","0,80","9,31"
2026-10-02 21:58,"17,9",61,"10,3","0,80","9,31"
2026-10-02 21:59,"17,9",61,"10,3","0,80","9,31"
2026-10-02 22:00,"17,9",61,"10,3","0,80","9,31"
2026-10-02 22:01,"17,9",61,"10,3","0,80","9,31"
2026-10-02 22:02,"17,9",61,"10,3","0,80","9,31"
2026-10-02 22:03,"17,9",61,"10,3","0,80","9,31"
2026-10-02 22:04,"17,9",61,"10,3","0,80","9,31"
2026-10-02 22:05,"17,9",61,"10,3","0,80","9,31"
2026-10-02 22:06,"17,9",61,"10,3","0,80","9,31"
2026-10-02 22:07,"17,9",61,"10,3","0,80","9,31"
2026-10-02 22:08,"17,9",61,"10,3","0,80","9,31"
2026-10-02 22:09,"17,9",61,"10,3","0,80","9,31"
2026-10-02 22:10,"17,9",61,"10,3","0,80","9,31"
2026-10-02 22:11,"17,9",61,"10,3","0,80","9,31"
2026-10-02 22:12,"17,9",61,"10,3","0,80","9,31"
2026-10-02 22:13,"17,9",61,"10,3","0,80","9,31"
2026-10-02 22:14,"17,9",61,"10,3","0,80","9,31"
2026-10-02 22:15,"17,9",61,"10,3","0,80","9,31"
2026-10-02 22:16,"17,9",61,"10,3","0,80","9,31"
2026-10-02 22:17,"17,9",61,"10,3","0,80","9,31"
2026-10-02 22:18,"17,9",61,"10,3","0,80","9,31"
2026-10-02 22:19,"17,9",61,"10,3","0,80","9,31"
2026-10-02 22:20,"17,9",61,"10,3","0,80","9,31"
2026-10-02 22:21,"17,9",61,"10,3","0,80","9,31"
2026-10-02 22:22,"17,9",61,"10,3","0,80","9,31"
2026-10-02 22:23,"17,9",61,"10,3","0,80","9,31"
2026-10-02 22:24,"17,9",61,"10,3","0,80","9,31"
2026-10-02 22:25,"17,9",61,"10,3","0,80","9,31"
2026-10-02 22:26,"17,9",61,"10,3","0,80","9,31"
2026-10-02 22:27,"17,9",61,"10,3","0,80","9,31"
2026-10-02 22:28,"17,9",61,"10,3","0,80","9,31"
2026-10-02 22:29,"17,9",61,"10,3","0,80","9,31"
2026-10-02 22:30,"17,9",61,"10,3","0,80","9,31"
2026-10-02 22:31,"17,9",61,"10,3","0,80","9,31"
2026-10-02 22:32,"17,9",61,"10,3","0,80","9,31"
2026-10-02 22:33,"17,9",61,"10,3","0,80","9,31"
2026-10-02 22:34,"17,9",61,"10,3","0,80","9,31"
2026-10-02 22:35,"17,9",61,"10,3","0,80","9,31"
2026-10-02 22:36,"17,9",61,"10,3","0,80","9,31"
2026-10-02 22:37,"17,9",61,"10,3","0,80","9,31"
2026-10-02 22:38,"17,9",61,"10,3","0,80","9,31"
2026-10-02 22:39,"17,9",61,"10,3","0,80","9,31"
2026-10-02 22:40,"17,9",61,"10,3","0,80","9,31"
2026-10-02 22:41,"17,9",61,"10,3","0,80","9,31"
2026-10-02 22:42,"17,9",61,"10,3","0,80","9,31"
2026-10-02 22:43,"17,9",61,"10,3","0,80","9,31"
2026-10-02 22:44,"17,9",61,"10,3","0,80","9,31"
2026-10-02 22:45,"17,9",61,"10,3","0,80","9,31"
2026-10-02 22:46,"17,9",61,"10,3","0,80","9,31"
2026-10-02 22:47,"17,9",61,"10,3","0,80","9,31"
2026-10-02 22:48,"17,9",61,"10,3","0,80","9,31"
2026-10-02 22:49,"17,9",61,"10,3","0,80","9,31"
2026-10-02 22:50,"17,9",61,"10,3","0,80","9,31"
2026-10-02 22:51,"17,9",61,"10,3","0,80","9,31"
2026-10-02 22:52,"17,9",61,"10,3","0,80","9,31"
2026-10-02 22:53,"17,9",61,"10,3","0,80","9,31"
2026-10-02 22:54,"17,9",61,"10,3","0,80","9,31"
2026-10-02 22:55,"17,9",61,"10,3","0,80","9,31"
2026-10-02 22:56,"17,9",61,"10,3","0,80","9,31"
2026-10-02 22:57,"17,9",61,"10,3","0,80","9,31"
2026-10-02 22:58,"17,8",61,"10,2","0,80","9,29"
2026-10-02 22:59,"17,8",61,"10,2","0,79","9,26"
2026-10-02 23:00,"17,8",61,"10,2","0,79","9,26"
2026-10-02 23:01,"17,8",61,"10,2","0,79","9,26"
2026-10-02 23:02,"17,8",61,"10,2","0,79","9,26"
2026-10-02 23:03,"17,8",61,"10,2","0,79","9,26"
2026-10-02 23:04,"17,8",61,"10,2","0,79","9,26"
2026-10-02 23:05,"17,8",61,"10,2","0,79","9,26"
2026-10-02 23:06,"17,8",61,"10,2","0,79","9,26"
2026-10-02 23:07,"17,8",61,"10,2","0,79","9,26"
2026-10-02 23:08,"17,8",61,"10,2","0,79","9,26"
2026-10-02 23:09,"17,8",61,"10,2","0,79","9,26"
2026-10-02 23:10,"17,8",61,"10,2","0,79","9,26"
2026-10-02 23:11,"17,8",61,"10,2","0,79","9,26"
2026-10-02 23:12,"17,8",61,"10,2","0,79","9,26"
2026-10-02 23:13,"17,8",61,"10,2","0,79","9,26"
2026-10-02 23:14,"17,8",61,"10,2","0,79","9,26"
2026-10-02 23:15,"17,8",61,"10,2","0,79","9,26"
2026-10-02 23:16,"17,8",61,"10,2","0,79","9,26"
2026-10-02 23:17,"17,8",61,"10,2","0,79","9,26"
2026-10-02 23:18,"17,8",61,"10,2","0,79","9,26"
2026-10-02 23:19,"17,8",61,"10,2","0,79","9,26"
2026-10-02 23:20,"17,8",61,"10,2","0,79","9,26"
2026-10-02 23:21,"17,8",61,"10,2","0,79","9,26"
2026-10-02 23:22,"17,8",61,"10,2","0,79","9,26"
2026-10-02 23:23,"17,8",61,"10,2","0,79","9,26"
2026-10-02 23:24,"17,8",61,"10,2","0,79","9,26"
2026-10-02 23:25,"17,8",61,"10,2","0,79","9,26"
2026-10-02 23:26,"17,8",61,"10,2","0,79","9,26"
2026-10-02 23:27,"17,8",61,"10,2","0,79","9,26"
2026-10-02 23:28,"17,8",61,"10,2","0,79","9,26"
2026-10-02 23:29,"17,8",61,"10,2","0,79","9,26"
2026-10-02 23:30,"17,8",61,"10,2","0,79","9,26"
2026-10-02 23:31,"17,8",61,"10,2","0,79","9,26"
2026-10-02 23:32,"17,8",61,"10,2","0,79","9,26"
2026-10-02 23:33,"17,8",61,"10,2","0,79","9,26"
2026-10-02 23:34,"17,8",61,"10,2","0,79","9,26"
2026-10-02 23:35,"17,8",61,"10,2","0,79","9,26"
2026-10-02 23:36,"17,8",61,"10,2","0,79","9,26"
2026-10-02 23:37,"17,8",61,"10,2","0,79","9,26"
2026-10-02 23:38,"17,8",61,"10,2","0,79","9,26"
2026-10-02 23:39,"17,8",61,"10,2","0,79","9,26"
2026-10-02 23:40,"17,8",61,"10,2","0,79","9,26"
2026-10-02 23:41,"17,8",61,"10,2","0,79","9,26"
2026-10-02 23:42,"17,8",61,"10,2","0,79","9,26"
2026-10-02 23:43,"17,8",61,"10,2","0,79","9,26"
2026-10-02 23:44,"17,8",61,"10,2","0,79","9,26"
2026-10-02 23:45,"17,8",61,"10,2","0,79","9,26"
2026-10-02 23:46,"17,8",61,"10,2","0,79","9,26"
2026-10-02 23:47,"17,8",61,"10,2","0,79","9,26"
2026-10-02 23:48,"17,8",61,"10,2","0,79","9,26"
2026-10-02 23:49,"17,8",62,"10,4","0,77","9,41"
2026-10-02 23:50,"17,8",62,"10,4","0,77","9,41"
2026-10-02 23:51,"17,8",62,"10,4","0,77","9,41"
2026-10-02 23:52,"17,8",62,"10,4","0,77","9,41"
2026-10-02 23:53,"17,8",62,"10,4","0,77","9,41"
2026-10-02 23:54,"17,8",62,"10,4","0,77","9,41"
2026-10-02 23:55,"17,8",62,"10,4","0,77","9,41"
2026-10-02 23:56,"17,8",62,"10,4","0,77","9,41"
2026-10-02 23:57,"17,8",62,"10,4","0,77","9,41"
2026-10-02 23:58,"17,8",62,"10,4","0,77","9,41"
2026-10-02 23:59,"17,8",62,"10,4","0,77","9,41"
2026-10-03 00:00,"17,8",62,"10,4","0,77","9,41"
2026-10-03 00:01,"17,8",62,"10,4","0,77","9,41"
2026-10-03 00:02,"17,8",62,"10,4","0,77","9,41"
2026-10-03 00:03,"17,8",62,"10,4","0,77","9,41"
2026-10-03 00:04,"17,8",62,"10,4","0,77","9,41"
2026-10-03 00:05,"17,8",62,"10,4","0,77","9,41"
2026-10-03 00:06,"17,8",62,"10,4","0,77","9,41"
2026-10-03 00:07,"17,8",62,"10,4","0,77","9,41"
2026-10-03 00:08,"17,8",62,"10,4","0,77","9,41"
2026-10-03 00:09,"17,8",62,"10,4","0,77","9,41"
2026-10-03 00:10,"17,8",62,"10,4","0,77","9,41"
2026-10-03 00:11,"17,8",62,"10,4","0,77","9,41"
2026-10-03 00:12,"17,8",62,"10,4","0,77","9,41"
2026-10-03 00:13,"17,8",62,"10,4","0,77","9,41"
2026-10-03 00:14,"17,8",62,"10,4","0,77","9,41"
2026-10-03 00:15,"17,8",62,"10,4","0,77","9,41"
2026-10-03 00:16,"17,8",62,"10,4","0,77","9,41"
2026-10-03 00:17,"17,8",62,"10,4","0,77","9,41"
2026-10-03 00:18,"17,8",62,"10,4","0,77","9,41"
2026-10-03 00:19,"17,8",62,"10,4","0,77","9,41"
2026-10-03 00:20,"17,8",62,"10,4","0,77","9,41"
2026-10-03 00:21,"17,8",62,"10,4","0,77","9,41"
2026-10-03 00:22,"17,8",62,"10,4","0,77","9,41"
2026-10-03 00:23,"17,8",62,"10,4","0,77","9,41"
2026-10-03 00:24,"17,8",62,"10,4","0,77","9,41"
2026-10-03 00:25,"17,8",62,"10,4","0,77","9,41"
2026-10-03 00:26,"17,8",62,"10,4","0,77","9,41"
2026-10-03 00:27,"17,8",62,"10,4","0,77","9,41"
2026-10-03 00:28,"17,8",62,"10,4","0,77","9,41"
2026-10-03 00:29,"17,8",62,"10,4","0,77","9,41"
2026-10-03 00:30,"17,8",62,"10,4","0,77","9,41"
2026-10-03 00:31,"17,8",62,"10,4","0,77","9,41"
2026-10-03 00:32,"17,8",62,"10,4","0,77","9,41"
2026-10-03 00:33,"17,8",62,"10,4","0,77","9,41"
2026-10-03 00:34,"17,8",62,"10,4","0,77","9,41"
2026-10-03 00:35,"17,8",62,"10,4","0,77","9,41"
2026-10-03 00:36,"17,8",62,"10,4","0,77","9,41"
2026-10-03 00:37,"17,8",62,"10,4","0,77","9,41"
2026-10-03 00:38,"17,8",62,"10,4","0,77","9,41"
2026-10-03 00:39,"17,8",62,"10,4","0,77","9,41"
2026-10-03 00:40,"17,8",62,"10,4","0,77","9,41"
2026-10-03 00:41,"17,8",62,"10,4","0,77","9,41"
2026-10-03 00:42,"17,8",62,"10,4","0,77","9,41"
2026-10-03 00:43,"17,8",62,"10,4","0,77","9,41"
2026-10-03 00:44,"17,8",62,"10,4","0,77","9,41"
2026-10-03 00:45,"17,8",62,"10,4","0,77","9,41"
2026-10-03 00:46,"17,8",62,"10,4","0,77","9,41"
2026-10-03 00:47,"17,8",62,"10,4","0,77","9,41"
2026-10-03 00:48,"17,8",62,"10,4","0,77","9,41"
2026-10-03 00:49,"17,8",62,"10,4","0,77","9,41"
2026-10-03 00:50,"17,8",62,"10,4","0,77","9,41"
2026-10-03 00:51,"17,8",62,"10,4","0,77","9,41"
2026-10-03 00:52,"17,8",62,"10,4","0,77","9,41"
2026-10-03 00:53,"17,8",62,"10,4","0,77","9,41"
2026-10-03 00:54,"17,8",62,"10,4","0,77","9,41"
2026-10-03 00:55,"17,8",62,"10,4","0,77","9,41"
2026-10-03 00:56,"17,8",62,"10,4","0,77","9,41"
2026-10-03 00:57,"17,8",62,"10,4","0,77","9,41"
2026-10-03 00:58,"17,8",62,"10,4","0,77","9,41"
2026-10-03 00:59,"17,8",62,"10,4","0,77","9,41"
2026-10-03 01:00,"17,8",62,"10,4","0,77","9,41"
2026-10-03 01:01,"17,8",62,"10,4","0,77","9,41"
2026-10-03 01:02,"17,8",62,"10,4","0,77","9,41"
2026-10-03 01:03,"17,8",62,"10,4","0,77","9,41"
2026-10-03 01:04,"17,8",62,"10,4","0,77","9,41"
2026-10-03 01:05,"17,8",62,"10,4","0,77","9,41"
2026-10-03 01:06,"17,8",62,"10,4","0,77","9,41"
2026-10-03 01:07,"17,8",62,"10,4","0,77","9,41"
2026-10-03 01:08,"17,8",62,"10,4","0,77","9,41"
2026-10-03 01:09,"17,8",62,"10,4","0,77","9,41"
2026-10-03 01:10,"17,8",62,"10,4","0,77","9,41"
2026-10-03 01:11,"17,8",62,"10,4","0,77","9,41"
2026-10-03 01:12,"17,8",62,"10,4","0,77","9,41"
2026-10-03 01:13,"17,8",62,"10,4","0,77","9,41"
2026-10-03 01:14,"17,8",62,"10,4","0,77","9,41"
2026-10-03 01:15,"17,8",62,"10,4","0,77","9,41"
2026-10-03 01:16,"17,8",62,"10,4","0,77","9,41"
2026-10-03 01:17,"17,8",62,"10,4","0,77","9,41"
2026-10-03 01:18,"17,8",62,"10,4","0,77","9,41"
2026-10-03 01:19,"17,8",62,"10,4","0,77","9,41"
2026-10-03 01:20,"17,8",62,"10,4","0,77","9,41"
2026-10-03 01:21,"17,8",62,"10,4","0,77","9,41"
2026-10-03 01:22,"17,8",62,"10,4","0,77","9,41"
2026-10-03 01:23,"17,8",62,"10,4","0,77","9,41"
2026-10-03 01:24,"17,8",62,"10,4","0,77","9,41"
2026-10-03 01:25,"17,8",62,"10,4","0,77","9,41"
2026-10-03 01:26,"17,8",62,"10,4","0,77","9,41"
2026-10-03 01:27,"17,8",62,"10,4","0,77","9,41"
2026-10-03 01:28,"17,8",62,"10,4","0,77","9,41"
2026-10-03 01:29,"17,8",62,"10,4","0,77","9,41"
2026-10-03 01:30,"17,8",62,"10,4","0,77","9,41"
2026-10-03 01:31,"17,8",62,"10,4","0,77","9,41"
2026-10-03 01:32,"17,8",62,"10,4","0,77","9,41"
2026-10-03 01:33,"17,8",62,"10,4","0,77","9,41"
2026-10-03 01:34,"17,8",62,"10,4","0,77","9,41"
2026-10-03 01:35,"17,8",62,"10,4","0,77","9,41"
2026-10-03 01:36,"17,8",62,"10,4","0,77","9,41"
2026-10-03 01:37,"17,8",62,"10,4","0,77","9,41"
2026-10-03 01:38,"17,8",62,"10,4","0,77","9,38"
2026-10-03 01:39,"17,7",62,"10,3","0,77","9,35"
2026-10-03 01:40,"17,7",62,"10,3","0,77","9,35"
2026-10-03 01:41,"17,7",62,"10,3","0,77","9,35"
2026-10-03 01:42,"17,7",62,"10,3","0,77","9,35"
2026-10-03 01:43,"17,7",62,"10,3","0,77","9,35"
2026-10-03 01:44,"17,7",62,"10,3","0,77","9,35"
2026-10-03 01:45,"17,7",62,"10,3","0,77","9,35"
2026-10-03 01:46,"17,7",62,"10,3","0,77","9,35"
2026-10-03 01:47,"17,7",62,"10,3","0,77","9,35"
2026-10-03 01:48,"17,7",62,"10,3","0,77","9,35"
2026-10-03 01:49,"17,7",62,"10,3","0,77","9,35"
2026-10-03 01:50,"17,7",62,"10,3","0,77","9,35"
2026-10-03 01:51,"17,7",62,"10,3","0,77","9,35"
2026-10-03 01:52,"17,7",62,"10,3","0,77","9,35"
2026-10-03 01:53,"17,7",62,"10,3","0,77","9,35"
2026-10-03 01:54,"17,7",62,"10,3","0,77","9,35"
2026-10-03 01:55,"17,7",62,"10,3","0,77","9,35"
2026-10-03 01:56,"17,7",62,"10,3","0,77","9,35"
2026-10-03 01:57,"17,7",62,"10,3","0,77","9,35"
2026-10-03 01:58,"17,7",62,"10,3","0,77","9,35"
2026-10-03 01:59,"17,7",62,"10,3","0,77","9,35"
2026-10-03 02:00,"17,7",62,"10,3","0,77","9,35"
2026-10-03 02:01,"17,7",62,"10,3","0,77","9,35"
2026-10-03 02:02,"17,7",62,"10,3","0,77","9,35"
2026-10-03 02:03,"17,7",62,"10,3","0,77","9,35"
2026-10-03 02:04,"17,7",62,"10,3","0,77","9,35"
2026-10-03 02:05,"17,7",62,"10,3","0,77","9,35"
2026-10-03 02:06,"17,7",62,"10,3","0,77","9,35"
2026-10-03 02:07,"17,7",62,"10,3","0,77","9,35"
2026-10-03 02:08,"17,7",62,"10,3","0,77","9,35"
2026-10-03 02:09,"17,7",62,"10,3","0,77","9,35"
2026-10-03 02:10,"17,7",62,"10,3","0,77","9,35"
2026-10-03 02:11,"17,7",62,"10,3","0,77","9,35"
2026-10-03 02:12,"17,7",62,"10,3","0,77","9,35"
2026-10-03 02:13,"17,7",62,"10,3","0,77","9,35"
2026-10-03 02:14,"17,7",62,"10,3","0,77","9,35"
2026-10-03 02:15,"17,7",62,"10,3","0,77","9,35"
2026-10-03 02:16,"17,7",62,"10,3","0,77","9,35"
2026-10-03 02:17,"17,7",62,"10,3","0,77","9,35"
2026-10-03 02:18,"17,7",62,"10,3","0,77","9,35"
2026-10-03 02:19,"17,7",62,"10,3","0,77","9,35"
2026-10-03 02:20,"17,7",62,"10,3","0,77","9,35"
2026-10-03 02:21,"17,7",62,"10,3","0,77","9,35"
2026-10-03 02:22,"17,7",62,"10,3","0,77","9,35"
2026-10-03 02:23,"17,7",62,"10,3","0,77","9,35"
2026-10-03 02:24,"17,7",62,"10,3","0,77","9,35"
2026-10-03 02:25,"17,7",62,"10,3","0,77","9,35"
2026-10-03 02:26,"17,7",62,"10,3","0,77","9,35"
2026-10-03 02:27,"17,7",62,"10,3","0,77","9,35"
2026-10-03 02:28,"17,7",62,"10,3","0,77","9,35"
2026-10-03 02:29,"17,7",62,"10,3","0,77","9,35"
2026-10-03 02:30,"17,7",62,"10,3","0,77","9,35"
2026-10-03 02:31,"17,7",62,"10,3","0,77","9,35"
2026-10-03 02:32,"17,7",62,"10,3","0,77","9,35"
2026-10-03 02:33,"17,7",62,"10,3","0,77","9,35"
2026-10-03 02:34,"17,7",62,"10,3","0,77","9,35"
2026-10-03 02:35,"17,7",62,"10,3","0,77","9,35"
2026-10-03 02:36,"17,7",62,"10,3","0,77","9,35"
2026-10-03 02:37,"17,7",62,"10,3","0,77","9,35"
2026-10-03 02:38,"17,7",62,"10,3","0,77","9,35"
2026-10-03 02:39,"17,7",62,"10,3","0,77","9,35"
2026-10-03 02:40,"17,7",62,"10,3","0,77","9,35"
2026-10-03 02:41,"17,7",62,"10,3","0,77","9,35"
2026-10-03 02:42,"17,7",62,"10,3","0,77","9,35"
2026-10-03 02:43,"17,7",62,"10,3","0,77","9,35"
2026-10-03 02:44,"17,7",62,"10,3","0,77","9,35"
2026-10-03 02:45,"17,7",62,"10,3","0,77","9,35"
2026-10-03 02:46,"17,7",62,"10,3","0,77","9,35"
2026-10-03 02:47,"17,7",62,"10,3","0,77","9,35"
2026-10-03 02:48,"17,7",62,"10,3","0,77","9,35"
2026-10-03 02:49,"17,7",62,"10,3","0,77","9,35"
2026-10-03 02:50,"17,7",62,"10,3","0,77","9,35"
2026-10-03 02:51,"17,7",62,"10,3","0,77","9,35"
2026-10-03 02:52,"17,7",62,"10,3","0,77","9,35"
2026-10-03 02:53,"17,7",62,"10,3","0,77","9,35"
2026-10-03 02:54,"17,7",62,"10,3","0,77","9,35"
2026-10-03 02:55,"17,7",62,"10,3","0,77","9,35"
2026-10-03 02:56,"17,7",62,"10,3","0,77","9,35"
2026-10-03 02:57,"17,7",62,"10,3","0,77","9,35"
2026-10-03 02:58,"17,7",62,"10,3","0,77","9,35"
2026-10-03 02:59,"17,7",62,"10,3","0,77","9,35"
2026-10-03 03:00,"17,7",62,"10,3","0,77","9,35"
2026-10-03 03:01,"17,7",62,"10,3","0,77","9,35"
2026-10-03 03:02,"17,7",62,"10,3","0,77","9,35"
2026-10-03 03:03,"17,7",62,"10,3","0,77","9,35"
2026-10-03 03:04,"17,7",62,"10,3","0,77","9,35"
2026-10-03 03:05,"17,7",62,"10,3","0,77","9,35"
2026-10-03 03:06,"17,7",62,"10,3","0,77","9,35"
2026-10-03 03:07,"17,7",62,"10,3","0,77","9,35"
2026-10-03 03:08,"17,7",62,"10,3","0,77","9,35"
2026-10-03 03:09,"17,7",62,"10,3","0,77","9,35"
2026-10-03 03:10,"17,7",62,"10,3","0,77","9,35"
2026-10-03 03:11,"17,7",62,"10,3","0,77","9,35"
2026-10-03 03:12,"17,7",62,"10,3","0,77","9,35"
2026-10-03 03:13,"17,7",62,"10,3","0,77","9,35"
2026-10-03 03:14,"17,7",62,"10,3","0,77","9,35"
2026-10-03 03:15,"17,7",62,"10,3","0,77","9,35"
2026-10-03 03:16,"17,7",62,"10,3","0,77","9,35"
2026-10-03 03:17,"17,7",62,"10,3","0,77","9,35"
2026-10-03 03:18,"17,7",62,"10,3","0,77","9,35"
2026-10-03 03:19,"17,7",62,"10,3","0,77","9,35"
2026-10-03 03:20,"17,7",62,"10,3","0,77","9,35"
2026-10-03 03:21,"17,7",62,"10,3","0,77","9,35"
2026-10-03 03:22,"17,7",62,"10,3","0,77","9,35"
2026-10-03 03:23,"17,7",62,"10,3","0,77","9,35"
2026-10-03 03:24,"17,7",62,"10,3","0,77","9,35"
2026-10-03 03:25,"17,7",62,"10,3","0,77","9,35"
2026-10-03 03:26,"17,7",62,"10,3","0,77","9,35"
2026-10-03 03:27,"17,7",62,"10,3","0,77","9,35"
2026-10-03 03:28,"17,7",62,"10,3","0,77","9,35"
2026-10-03 03:29,"17,7",62,"10,3","0,77","9,35"
2026-10-03 03:30,"17,7",62,"10,3","0,77","9,35"
2026-10-03 03:31,"17,7",62,"10,3","0,77","9,35"
2026-10-03 03:32,"17,7",62,"10,3","0,77","9,35"
2026-10-03 03:33,"17,7",62,"10,3","0,77","9,35"
2026-10-03 03:34,"17,7",62,"10,3","0,77","9,35"
2026-10-03 03:35,"17,7",62,"10,3","0,77","9,35"
2026-10-03 03:36,"17,7",62,"10,3","0,77","9,35"
2026-10-03 03:37,"17,7",62,"10,3","0,77","9,35"
2026-10-03 03:38,"17,7",62,"10,3","0,77","9,35"
2026-10-03 03:39,"17,7",62,"10,3","0,77","9,35"
2026-10-03 03:40,"17,7",62,"10,3","0,77","9,35"
2026-10-03 03:41,"17,7",62,"10,3","0,77","9,35"
2026-10-03 03:42,"17,7",62,"10,3","0,77","9,35"
2026-10-03 03:43,"17,7",62,"10,3","0,77","9,35"
2026-10-03 03:44,"17,7",62,"10,3","0,77","9,33"
2026-10-03 03:45,"17,6",62,"10,2","0,76","9,30"
2026-10-03 03:46,"17,6",62,"10,2","0,76","9,30"
2026-10-03 03:47,"17,6",62,"10,2","0,76","9,30"
2026-10-03 03:48,"17,6",62,"10,2","0,76","9,30"
2026-10-03 03:49,"17,6",62,"10,2","0,76","9,30"
2026-10-03 03:50,"17,6",62,"10,2","0,76","9,30"
2026-10-03 03:51,"17,6",62,"10,2","0,76","9,30"
2026-10-03 03:52,"17,6",62,"10,2","0,76","9,30"
2026-10-03 03:53,"17,6",62,"10,2","0,76","9,30"
2026-10-03 03:54,"17,6",62,"10,2","0,76","9,30"
2026-10-03 03:55,"17,6",62,"10,2","0,76","9,30"
2026-10-03 03:56,"17,6",62,"10,2","0,76","9,30"
2026-10-03 03:57,"17,6",62,"10,2","0,76","9,30"
2026-10-03 03:58,"17,6",62,"10,2","0,76","9,30"
2026-10-03 03:59,"17,6",62,"10,2","0,76","9,30"
2026-10-03 04:00,"17,6",62,"10,2","0,76","9,30"
2026-10-03 04:01,"17,6",62,"10,2","0,76","9,30"
2026-10-03 04:02,"17,6",62,"10,2","0,76","9,30"
2026-10-03 04:03,"17,6",62,"10,2","0,76","9,30"
2026-10-03 04:04,"17,6",62,"10,2","0,76","9,30"
2026-10-03 04:05,"17,6",62,"10,2","0,76","9,30"
2026-10-03 04:06,"17,6",62,"10,2","0,76","9,30"
2026-10-03 04:07,"17,6",62,"10,2","0,76","9,30"
2026-10-03 04:08,"17,6",62,"10,2","0,76","9,30"
2026-10-03 04:09,"17,6",62,"10,2","0,76","9,30"
2026-10-03 04:10,"17,6",62,"10,2","0,76","9,30"
2026-10-03 04:11,"17,6",62,"10,2","0,76","9,30"
2026-10-03 04:12,"17,6",62,"10,2","0,76","9,30"
2026-10-03 04:13,"17,6",62,"10,2","0,76","9,30"
2026-10-03 04:14,"17,6",62,"10,2","0,76","9,30"
2026-10-03 04:15,"17,6",62,"10,2","0,76","9,30"
2026-10-03 04:16,"17,6",62,"10,2","0,76","9,30"
2026-10-03 04:17,"17,6",62,"10,2","0,76","9,30"
2026-10-03 04:18,"17,6",62,"10,2","0,76","9,30"
2026-10-03 04:19,"17,6",62,"10,2","0,76","9,30"
2026-10-03 04:20,"17,6",62,"10,2","0,76","9,30"
2026-10-03 04:21,"17,6",62,"10,2","0,76","9,30"
2026-10-03 04:22,"17,6",62,"10,2","0,76","9,30"
2026-10-03 04:23,"17,6",62,"10,2","0,76","9,30"
2026-10-03 04:24,"17,6",62,"10,2","0,76","9,30"
2026-10-03 04:25,"17,6",62,"10,2","0,76","9,30"
2026-10-03 04:26,"17,6",62,"10,2","0,76","9,30"
2026-10-03 04:27,"17,6",62,"10,2","0,76","9,30"
2026-10-03 04:28,"17,6",62,"10,2","0,76","9,30"
2026-10-03 04:29,"17,6",62,"10,2","0,76","9,30"
2026-10-03 04:30,"17,6",62,"10,2","0,76","9,30"
2026-10-03 04:31,"17,6",62,"10,2","0,76","9,30"
2026-10-03 04:32,"17,6",62,"10,2","0,76","9,30"
2026-10-03 04:33,"17,6",62,"10,2","0,76","9,30"
2026-10-03 04:34,"17,6",62,"10,2","0,76","9,30"
2026-10-03 04:35,"17,6",62,"10,2","0,76","9,30"
2026-10-03 04:36,"17,6",62,"10,2","0,76","9,30"
2026-10-03 04:37,"17,6",62,"10,2","0,76","9,30"
2026-10-03 04:38,"17,6",62,"10,2","0,76","9,30"
2026-10-03 04:39,"17,6",62,"10,2","0,76","9,30"
2026-10-03 04:40,"17,6",62,"10,2","0,76","9,30"
2026-10-03 04:41,"17,6",62,"10,2","0,76","9,30"
2026-10-03 04:42,"17,6",62,"10,2","0,76","9,30"
2026-10-03 04:43,"17,6",62,"10,2","0,76","9,30"
2026-10-03 04:44,"17,6",62,"10,2","0,76","9,30"
2026-10-03 04:45,"17,6",62,"10,2","0,76","9,30"
2026-10-03 04:46,"17,6",62,"10,2","0,76","9,30"
2026-10-03 04:47,"17,6",62,"10,2","0,76","9,30"
2026-10-03 04:48,"17,6",62,"10,2","0,76","9,30"
2026-10-03 04:49,"17,6",62,"10,2","0,76","9,30"
2026-10-03 04:50,"17,6",62,"10,2","0,76","9,30"
2026-10-03 04:51,"17,6",62,"10,2","0,76","9,30"
2026-10-03 04:52,"17,6",62,"10,2","0,76","9,30"
2026-10-03 04:53,"17,6",62,"10,2","0,76","9,30"
2026-10-03 04:54,"17,6",62,"10,2","0,76","9,30"
2026-10-03 04:55,"17,6",62,"10,2","0,76","9,30"
2026-10-03 04:56,"17,6",62,"10,2","0,76","9,30"
2026-10-03 04:57,"17,6",62,"10,2","0,76","9,30"
2026-10-03 04:58,"17,6",62,"10,2","0,76","9,30"
2026-10-03 04:59,"17,6",62,"10,2","0,76","9,30"
2026-10-03 05:00,"17,6",62,"10,2","0,76","9,30"
2026-10-03 05:01,"17,6",62,"10,2","0,76","9,30"
2026-10-03 05:02,"17,6",62,"10,2","0,76","9,30"
2026-10-03 05:03,"17,6",62,"10,2","0,76","9,30"
2026-10-03 05:04,"17,6",62,"10,2","0,76","9,30"
2026-10-03 05:05,"17,6",62,"10,2","0,76","9,30"
2026-10-03 05:06,"17,6",62,"10,2","0,76","9,30"
2026-10-03 05:07,"17,6",62,"10,2","0,76","9,30"
2026-10-03 05:08,"17,6",62,"10,2","0,76","9,30"
2026-10-03 05:09,"17,6",62,"10,2","0,76","9,30"
2026-10-03 05:10,"17,6",62,"10,2","0,76","9,30"
2026-10-03 05:11,"17,6",62,"10,2","0,76","9,30"
2026-10-03 05:12,"17,6",62,"10,2","0,76","9,30"
2026-10-03 05:13,"17,6",62,"10,2","0,76","9,30"
2026-10-03 05:14,"17,6",62,"10,2","0,76","9,30"
2026-10-03 05:15,"17,6",62,"10,2","0,76","9,30"
2026-10-03 05:16,"17,6",62,"10,2","0,76","9,30"
2026-10-03 05:17,"17,6",62,"10,2","0,76","9,30"
2026-10-03 05:18,"17,6",62,"10,2","0,76","9,30"
2026-10-03 05:19,"17,6",62,"10,2","0,76","9,30"
2026-10-03 05:20,"17,6",62,"10,2","0,76","9,30"
2026-10-03 05:21,"17,6",62,"10,2","0,76","9,30"
2026-10-03 05:22,"17,6",62,"10,2","0,76","9,30"
2026-10-03 05:23,"17,6",62,"10,2","0,76","9,30"
2026-10-03 05:24,"17,6",62,"10,2","0,76","9,30"
2026-10-03 05:25,"17,6",62,"10,2","0,76","9,30"
2026-10-03 05:26,"17,6",62,"10,2","0,76","9,30"
2026-10-03 05:27,"17,6",62,"10,2","0,76","9,30"
2026-10-03 05:28,"17,6",62,"10,2","0,76","9,30"
2026-10-03 05:29,"17,6",62,"10,2","0,76","9,30"
2026-10-03 05:30,"17,6",62,"10,2","0,76","9,30"
2026-10-03 05:31,"17,6",62,"10,2","0,76","9,30"
2026-10-03 05:32,"17,6",62,"10,2","0,76","9,30"
2026-10-03 05:33,"17,6",62,"10,2","0,76","9,30"
2026-10-03 05:34,"17,6",62,"10,2","0,76","9,30"
2026-10-03 05:35,"17,6",62,"10,2","0,76","9,30"
2026-10-03 05:36,"17,6",62,"10,2","0,76","9,30"
2026-10-03 05:37,"17,6",62,"10,2","0,76","9,30"
2026-10-03 05:38,"17,5",62,"10,2","0,76","9,27"
2026-10-03 05:39,"17,5",62,"10,1","0,76","9,24"
2026-10-03 05:40,"17,5",62,"10,1","0,76","9,24"
2026-10-03 05:41,"17,5",62,"10,1","0,76","9,24"
2026-10-03 05:42,"17,5",62,"10,1","0,76","9,24"
2026-10-03 05:43,"17,5",62,"10,1","0,76","9,24"
2026-10-03 05:44,"17,5",62,"10,1","0,76","9,24"
2026-10-03 05:45,"17,5",62,"10,1","0,76","9,24"
2026-10-03 05:46,"17,5",62,"10,1","0,76","9,24"
2026-10-03 05:47,"17,5",62,"10,1","0,76","9,24"
2026-10-03 05:48,"17,5",62,"10,1","0,76","9,24"
2026-10-03 05:49,"17,5",62,"10,1","0,76","9,24"
2026-10-03 05:50,"17,5",62,"10,1","0,76","9,24"
2026-10-03 05:51,"17,5",62,"10,1","0,76","9,24"
2026-10-03 05:52,"17,5",62,"10,1","0,76","9,24"
2026-10-03 05:53,"17,5",62,"10,1","0,76","9,24"
2026-10-03 05:54,"17,5",62,"10,1","0,76","9,24"
2026-10-03 05:55,"17,5",62,"10,1","0,76","9,24"
2026-10-03 05:56,"17,5",62,"10,1","0,76","9,24"
2026-10-03 05:57,"17,5",62,"10,1","0,76","9,24"
2026-10-03 05:58,"17,5",62,"10,1","0,76","9,24"
2026-10-03 05:59,"17,5",62,"10,1","0,76","9,24"
2026-10-03 06:00,"17,5",62,"10,1","0,76","9,24"
2026-10-03 06:01,"17,5",62,"10,1","0,76","9,24"
2026-10-03 06:02,"17,5",62,"10,1","0,76","9,24"
2026-10-03 06:03,"17,5",62,"10,1","0,76","9,24"
2026-10-03 06:04,"17,5",62,"10,1","0,76","9,24"
2026-10-03 06:05,"17,5",62,"10,1","0,76","9,24"
2026-10-03 06:06,"17,5",62,"10,1","0,76","9,24"
2026-10-03 06:07,"17,5",62,"10,1","0,76","9,24"
2026-10-03 06:08,"17,5",62,"10,1","0,76","9,24"
2026-10-03 06:09,"17,5",62,"10,1","0,76","9,24"
2026-10-03 06:10,"17,5",62,"10,1","0,76","9,24"
2026-10-03 06:11,"17,5",62,"10,1","0,76","9,24"
2026-10-03 06:12,"17,5",62,"10,1","0,76","9,24"
2026-10-03 06:13,"17,5",62,"10,1","0,76","9,24"
2026-10-03 06:14,"17,5",62,"10,1","0,76","9,24"
2026-10-03 06:15,"17,5",62,"10,1","0,76","9,24"
2026-10-03 06:16,"17,5",62,"10,1","0,76","9,24"
2026-10-03 06:17,"17,5",62,"10,1","0,76","9,24"
2026-10-03 06:18,"17,5",62,"10,1","0,76","9,24"
2026-10-03 06:19,"17,5",62,"10,1","0,76","9,24"
2026-10-03 06:20,"17,5",62,"10,1","0,76","9,24"
2026-10-03 06:21,"17,5",62,"10,1","0,76","9,24"
2026-10-03 06:22,"17,5",62,"10,1","0,76","9,24"
2026-10-03 06:23,"17,5",62,"10,1","0,76","9,24"
2026-10-03 06:24,"17,5",62,"10,1","0,76","9,24"
2026-10-03 06:25,"17,5",62,"10,1","0,76","9,24"
2026-10-03 06:26,"17,5",62,"10,1","0,76","9,24"
2026-10-03 06:27,"17,5",62,"10,1","0,76","9,24"
2026-10-03 06:28,"17,5",62,"10,1","0,76","9,24"
2026-10-03 06:29,"17,5",62,"10,1","0,76","9,24"
2026-10-03 06:30,"17,5",62,"10,1","0,76","9,24"
2026-10-03 06:31,"17,5",62,"10,1","0,76","9,24"
2026-10-03 06:32,"17,5",62,"10,1","0,76","9,24"
2026-10-03 06:33,"17,5",62,"10,1","0,76","9,24"
2026-10-03 06:34,"17,5",62,"10,1","0,76","9,24"
2026-10-03 06:35,"17,5",62,"10,1","0,76","9,24"
2026-10-03 06:36,"17,5",62,"10,1","0,76","9,24"
2026-10-03 06:37,"17,5",62,"10,1","0,76","9,24"
2026-10-03 06:38,"17,5",62,"10,1","0,76","9,24"
2026-10-03 06:39,"17,5",62,"10,1","0,76","9,24"
2026-10-03 06:40,"17,5",62,"10,1","0,76","9,24"
2026-10-03 06:41,"17,5",62,"10,1","0,76","9,24"
2026-10-03 06:42,"17,5",62,"10,1","0,76","9,24"
2026-10-03 06:43,"17,5",62,"10,1","0,76","9,24"
2026-10-03 06:44,"17,5",62,"10,1","0,76","9,24"
2026-10-03 06:45,"17,5",62,"10,1","0,76","9,24"
2026-10-03 06:46,"17,5",62,"10,1","0,76","9,24"
2026-10-03 06:47,"17,5",62,"10,1","0,76","9,24"
2026-10-03 06:48,"17,5",62,"10,1","0,76","9,24"
2026-10-03 06:49,"17,5",62,"10,1","0,76","9,24"
2026-10-03 06:50,"17,5",62,"10,1","0,76","9,24"
2026-10-03 06:51,"17,5",62,"10,1","0,76","9,24"
2026-10-03 06:52,"17,5",62,"10,1","0,76","9,24"
2026-10-03 06:53,"17,5",62,"10,1","0,76","9,24"
2026-10-03 06:54,"17,5",62,"10,1","0,76","9,24"
2026-10-03 06:55,"17,5",62,"10,1","0,76","9,24"
2026-10-03 06:56,"17,5",62,"10,1","0,76","9,24"
2026-10-03 06:57,"17,5",62,"10,1","0,76","9,24"
2026-10-03 06:58,"17,5",62,"10,1","0,76","9,24"
2026-10-03 06:59,"17,5",62,"10,1","0,76","9,24"
2026-10-03 07:00,"17,5",62,"10,1","0,76","9,24"
2026-10-03 07:01,"17,5",62,"10,1","0,76","9,24"
2026-10-03 07:02,"17,5",62,"10,1","0,76","9,24"
2026-10-03 07:03,"17,5",62,"10,1","0,76","9,24"
2026-10-03 07:04,"17,5",62,"10,1","0,76","9,24"
2026-10-03 07:05,"17,5",62,"10,1","0,76","9,24"
2026-10-03 07:06,"17,5",62,"10,1","0,76","9,24"
2026-10-03 07:07,"17,5",62,"10,1","0,76","9,24"
2026-10-03 07:08,"17,5",62,"10,1","0,76","9,24"
2026-10-03 07:09,"17,5",62,"10,1","0,76","9,24"
2026-10-03 07:10,"17,5",62,"10,1","0,76","9,24"
2026-10-03 07:11,"17,5",62,"10,1","0,76","9,24"
2026-10-03 07:12,"17,5",62,"10,1","0,76","9,24"
2026-10-03 07:13,"17,5",62,"10,1","0,76","9,24"
2026-10-03 07:14,"17,5",62,"10,1","0,76","9,24"
2026-10-03 07:15,"17,5",62,"10,1","0,76","9,24"
2026-10-03 07:16,"17,5",62,"10,1","0,76","9,24"
2026-10-03 07:17,"17,5",62,"10,1","0,76","9,24"
2026-10-03 07:18,"17,5",62,"10,1","0,76","9,24"
2026-10-03 07:19,"17,5",62,"10,1","0,76","9,24"
2026-10-03 07:20,"17,5",62,"10,1","0,76","9,24"
2026-10-03 07:21,"17,5",62,"10,1","0,76","9,24"
2026-10-03 07:22,"17,5",62,"10,1","0,76","9,24"
2026-10-03 07:23,"17,5",62,"10,1","0,76","9,24"
2026-10-03 07:24,"17,5",62,"10,1","0,76","9,24"
2026-10-03 07:25,"17,5",62,"10,1","0,76","9,24"
2026-10-03 07:26,"17,5",62,"10,1","0,76","9,24"
2026-10-03 07:27,"17,5",62,"10,1","0,76","9,24"
2026-10-03 07:28,"17,5",62,"10,1","0,76","9,24"
2026-10-03 07:29,"17,5",62,"10,1","0,76","9,24"
2026-10-03 07:30,"17,5",61,"9,9","0,78","9,09"
2026-10-03 07:31,"17,5",61,"9,9","0,78","9,09"
2026-10-03 07:32,"17,5",61,"9,9","0,78","9,09"
2026-10-03 07:33,"17,5",61,"9,9","0,78","9,09"
2026-10-03 07:34,"17,5",61,"9,9","0,78","9,09"
2026-10-03 07:35,"17,5",61,"9,9","0,78","9,09"
2026-10-03 07:36,"17,5",61,"9,9","0,78","9,09"
2026-10-03 07:37,"17,5",61,"9,9","0,78","9,09"
2026-10-03 07:38,"17,5",61,"9,9","0,78","9,09"
2026-10-03 07:39,"17,5",61,"9,9","0,78","9,09"
2026-10-03 07:40,"17,5",61,"9,9","0,78","9,09"
2026-10-03 07:41,"17,5",61,"9,9","0,78","9,09"
2026-10-03 07:42,"17,5",61,"9,9","0,78","9,09"
2026-10-03 07:43,"17,5",61,"9,9","0,78","9,09"
2026-10-03 07:44,"17,5",61,"9,9","0,78","9,09"
2026-10-03 07:45,"17,5",61,"9,9","0,78","9,09"
2026-10-03 07:46,"17,5",61,"9,9","0,78","9,09"
2026-10-03 07:47,"17,5",62,"10,1","0,76","9,24"
2026-10-03 07:48,"17,5",62,"10,1","0,76","9,24"
2026-10-03 07:49,"17,5",62,"10,1","0,76","9,24"
2026-10-03 07:50,"17,5",62,"10,1","0,76","9,24"
2026-10-03 07:51,"17,5",62,"10,1","0,76","9,24"
2026-10-03 07:52,"17,5",62,"10,1","0,76","9,24"
2026-10-03 07:53,"17,5",62,"10,1","0,76","9,24"
2026-10-03 07:54,"17,5",62,"10,1","0,76","9,24"
2026-10-03 07:55,"17,5",62,"10,1","0,76","9,24"
2026-10-03 07:56,"17,5",62,"10,1","0,76","9,24"
2026-10-03 07:57,"17,5",62,"10,1","0,76","9,24"
2026-10-03 07:58,"17,5",62,"10,1","0,76","9,24"
2026-10-03 07:59,"17,5",62,"10,1","0,76","9,24"
2026-10-03 08:00,"17,5",62,"10,1","0,76","9,24"
2026-10-03 08:01,"17,5",62,"10,1","0,76","9,24"
2026-10-03 08:02,"17,5",62,"10,1","0,76","9,24"
2026-10-03 08:03,"17,5",62,"10,1","0,76","9,24"
2026-10-03 08:04,"17,5",62,"10,1","0,76","9,24"
2026-10-03 08:05,"17,5",62,"10,1","0,76","9,24"
2026-10-03 08:06,"17,5",62,"10,1","0,76","9,24"
2026-10-03 08:07,"17,5",62,"10,1","0,76","9,24"
2026-10-03 08:08,"17,5",62,"10,1","0,76","9,24"
2026-10-03 08:09,"17,5",62,"10,1","0,76","9,24"
2026-10-03 08:10,"17,5",62,"10,1","0,76","9,24"
2026-10-03 08:11,"17,5",62,"10,1","0,76","9,24"
2026-10-03 08:12,"17,5",62,"10,1","0,76","9,24"
2026-10-03 08:13,"17,5",62,"10,1","0,76","9,24"
2026-10-03 08:14,"17,5",62,"10,1","0,76","9,24"
2026-10-03 08:15,"17,5",62,"10,1","0,76","9,24"
2026-10-03 08:16,"17,5",62,"10,1","0,76","9,24"
2026-10-03 08:17,"17,5",62,"10,1","0,76","9,24"
2026-10-03 08:18,"17,5",62,"10,1","0,76","9,24"
2026-10-03 08:19,"17,5",62,"10,1","0,76","9,24"
2026-10-03 08:20,"17,5",62,"10,1","0,76","9,24"
2026-10-03 08:21,"17,5",62,"10,1","0,76","9,24"
2026-10-03 08:22,"17,5",62,"10,1","0,76","9,24"
2026-10-03 08:23,"17,5",62,"10,1","0,76","9,24"
2026-10-03 08:24,"17,5",62,"10,1","0,76","9,24"
2026-10-03 08:25,"17,5",62,"10,1","0,76","9,24"
2026-10-03 08:26,"17,5",62,"10,1","0,76","9,24"
2026-10-03 08:27,"17,5",62,"10,1","0,76","9,24"
2026-10-03 08:28,"17,5",62,"10,2","0,76","9,27"
2026-10-03 08:29,"17,6",63,"10,5","0,74","9,45"
2026-10-03 08:30,"17,6",63,"10,5","0,74","9,45"
2026-10-03 08:31,"17,6",63,"10,5","0,74","9,45"
2026-10-03 08:32,"17,7",63,"10,5","0,75","9,48"
2026-10-03 08:33,"17,7",63,"10,6","0,75","9,51"
2026-10-03 08:34,"17,7",63,"10,6","0,75","9,51"
2026-10-03 08:35,"17,7",63,"10,6","0,75","9,51"
2026-10-03 08:36,"17,7",63,"10,6","0,75","9,51"
2026-10-03 08:37,"17,7",63,"10,6","0,75","9,51"
2026-10-03 08:38,"17,7",63,"10,6","0,75","9,51"
2026-10-03 08:39,"17,7",63,"10,6","0,75","9,51"
2026-10-03 08:40,"17,8",63,"10,7","0,75","9,56"
2026-10-03 08:41,"17,9",63,"10,8","0,76","9,62"
2026-10-03 08:42,"18,1",63,"10,9","0,77","9,73"
2026-10-03 08:43,"18,3",64,"11,4","0,76","10,01"
2026-10-03 08:44,"18,3",63,"11,2","0,78","9,88"
2026-10-03 08:45,"18,4",63,"11,2","0,78","9,91"
2026-10-03 08:46,"18,4",63,"11,2","0,78","9,91"
2026-10-03 08:47,"18,4",63,"11,2","0,78","9,91"
2026-10-03 08:48,"18,4",62,"11,0","0,80","9,75"
2026-10-03 08:49,"18,4",62,"11,0","0,80","9,75"
2026-10-03 08:50,"18,3",62,"10,9","0,80","9,72"
2026-10-03 08:51,"18,3",62,"10,9","0,80","9,69"
2026-10-03 08:52,"18,3",62,"10,8","0,80","9,67"
2026-10-03 08:53,"18,2",62,"10,8","0,79","9,64"
2026-10-03 08:54,"18,2",62,"10,7","0,79","9,61"
2026-10-03 08:55,"18,1",62,"10,7","0,79","9,58"
2026-10-03 08:56,"18,1",62,"10,7","0,79","9,58"
2026-10-03 08:57,"18,1",62,"10,7","0,79","9,58"
2026-10-03 08:58,"18,0",62,"10,7","0,79","9,55"
2026-10-03 08:59,"18,0",63,"10,8","0,76","9,68"
2026-10-03 09:00,"18,0",63,"10,8","0,76","9,68"
2026-10-03 09:01,"18,0",63,"10,8","0,76","9,68"
2026-10-03 09:02,"18,0",63,"10,8","0,76","9,65"
2026-10-03 09:03,"17,9",63,"10,8","0,76","9,62"
2026-10-03 09:04,"17,9",63,"10,8","0,76","9,62"
2026-10-03 09:05,"17,9",63,"10,8","0,76","9,62"
2026-10-03 09:06,"17,9",63,"10,8","0,76","9,62"
2026-10-03 09:07,"17,9",63,"10,8","0,76","9,62"
2026-10-03 09:08,"17,9",63,"10,8","0,76","9,62"
2026-10-03 09:09,"17,9",63,"10,8","0,76","9,62"
2026-10-03 09:10,"17,8",63,"10,7","0,76","9,59"
2026-10-03 09:11,"17,8",63,"10,7","0,75","9,56"
2026-10-03 09:12,"17,8",63,"10,7","0,75","9,56"
2026-10-03 09:13,"17,8",63,"10,7","0,75","9,56"
2026-10-03 09:14,"17,8",63,"10,7","0,75","9,56"
2026-10-03 09:15,"17,8",63,"10,7","0,75","9,56"
2026-10-03 09:16,"17,8",63,"10,7","0,75","9,56"
2026-10-03 09:17,"17,8",63,"10,7","0,75","9,56"
2026-10-03 09:18,"17,8",63,"10,7","0,75","9,56"
2026-10-03 09:19,"17,8",63,"10,7","0,75","9,56"
2026-10-03 09:20,"17,8",63,"10,7","0,75","9,56"
2026-10-03 09:21,"17,8",63,"10,7","0,75","9,56"
2026-10-03 09:22,"17,8",63,"10,6","0,75","9,53"
2026-10-03 09:23,"17,7",63,"10,6","0,75","9,51"
2026-10-03 09:24,"17,7",63,"10,6","0,75","9,51"
2026-10-03 09:25,"17,7",63,"10,6","0,75","9,51"
2026-10-03 09:26,"17,7",63,"10,6","0,75","9,51"
2026-10-03 09:27,"17,7",63,"10,6","0,75","9,51"
2026-10-03 09:28,"17,7",63,"10,6","0,75","9,51"
2026-10-03 09:29,"17,7",63,"10,6","0,75","9,51"
2026-10-03 09:30,"17,7",63,"10,6","0,75","9,51"
2026-10-03 09:31,"17,7",63,"10,6","0,75","9,51"
2026-10-03 09:32,"17,7",63,"10,6","0,75","9,51"
2026-10-03 09:33,"17,7",63,"10,6","0,75","9,51"
2026-10-03 09:34,"17,7",63,"10,6","0,75","9,51"
2026-10-03 09:35,"17,7",63,"10,6","0,75","9,51"
2026-10-03 09:36,"17,7",63,"10,6","0,75","9,51"
2026-10-03 09:37,"17,7",63,"10,6","0,75","9,51"
2026-10-03 09:38,"17,7",63,"10,6","0,75","9,51"
2026-10-03 09:39,"17,7",63,"10,6","0,75","9,51"
2026-10-03 09:40,"17,7",63,"10,6","0,75","9,51"
2026-10-03 09:41,"17,7",63,"10,6","0,75","9,51"
2026-10-03 09:42,"17,7",63,"10,6","0,75","9,51"
2026-10-03 09:43,"17,7",63,"10,6","0,75","9,51"
2026-10-03 09:44,"17,7",63,"10,5","0,75","9,48"
2026-10-03 09:45,"17,6",63,"10,5","0,74","9,45"
2026-10-03 09:46,"17,7",63,"10,5","0,75","9,48"
2026-10-03 09:47,"17,7",63,"10,6","0,75","9,51"
2026-10-03 09:48,"17,8",63,"10,6","0,75","9,53"
2026-10-03 09:49,"17,8",63,"10,7","0,75","9,56"
2026-10-03 09:50,"17,8",63,"10,7","0,75","9,56"
2026-10-03 09:51,"17,8",63,"10,7","0,75","9,56"
2026-10-03 09:52,"17,8",62,"10,4","0,77","9,41"
2026-10-03 09:53,"17,8",62,"10,4","0,77","9,41"
2026-10-03 09:54,"17,8",62,"10,4","0,77","9,41"
2026-10-03 09:55,"17,8",62,"10,4","0,77","9,41"
2026-10-03 09:56,"17,8",62,"10,4","0,77","9,41"
2026-10-03 09:57,"17,8",62,"10,4","0,77","9,41"
2026-10-03 09:58,"17,8",62,"10,4","0,77","9,38"
2026-10-03 09:59,"17,7",62,"10,3","0,77","9,35"
2026-10-03 10:00,"17,7",62,"10,3","0,77","9,35"
2026-10-03 10:01,"17,7",62,"10,3","0,77","9,35"
2026-10-03 10:02,"17,7",62,"10,3","0,77","9,35"
2026-10-03 10:03,"17,7",63,"10,6","0,75","9,51"
2026-10-03 10:04,"17,7",63,"10,6","0,75","9,51"
2026-10-03 10:05,"17,7",63,"10,6","0,75","9,51"
2026-10-03 10:06,"17,7",63,"10,6","0,75","9,51"
2026-10-03 10:07,"17,7",63,"10,6","0,75","9,51"
2026-10-03 10:08,"17,7",63,"10,6","0,75","9,51"
2026-10-03 10:09,"17,7",63,"10,6","0,75","9,51"
2026-10-03 10:10,"17,7",63,"10,6","0,75","9,51"
2026-10-03 10:11,"17,7",63,"10,6","0,75","9,51"
2026-10-03 10:12,"17,7",63,"10,5","0,75","9,48"
2026-10-03 10:13,"17,6",63,"10,5","0,74","9,45"
2026-10-03 10:14,"17,6",63,"10,5","0,74","9,45"
2026-10-03 10:15,"17,6",63,"10,5","0,74","9,45"
2026-10-03 10:16,"17,6",63,"10,5","0,74","9,45"
2026-10-03 10:17,"17,6",63,"10,5","0,74","9,45"
2026-10-03 10:18,"17,6",63,"10,5","0,74","9,45"
2026-10-03 10:19,"17,6",63,"10,5","0,74","9,45"
2026-10-03 10:20,"17,6",63,"10,5","0,74","9,45"
2026-10-03 10:21,"17,6",63,"10,5","0,74","9,45"
2026-10-03 10:22,"17,6",63,"10,5","0,74","9,45"
2026-10-03 10:23,"17,6",63,"10,5","0,74","9,45"
2026-10-03 10:24,"17,6",63,"10,5","0,74","9,45"
2026-10-03 10:25,"17,6",63,"10,5","0,74","9,45"
2026-10-03 10:26,"17,6",63,"10,5","0,74","9,45"
2026-10-03 10:27,"17,6",63,"10,5","0,74","9,45"
2026-10-03 10:28,"17,6",63,"10,5","0,74","9,45"
2026-10-03 10:29,"17,6",63,"10,5","0,74","9,45"
2026-10-03 10:30,"17,6",63,"10,5","0,74","9,45"
2026-10-03 10:31,"17,6",63,"10,5","0,74","9,45"
2026-10-03 10:32,"17,6",63,"10,5","0,74","9,45"
2026-10-03 10:33,"17,6",63,"10,5","0,74","9,45"
2026-10-03 10:34,"17,6",63,"10,5","0,74","9,45"
2026-10-03 10:35,"17,6",63,"10,5","0,74","9,45"
2026-10-03 10:36,"17,6",63,"10,5","0,74","9,45"
2026-10-03 10:37,"17,6",63,"10,5","0,74","9,45"
2026-10-03 10:38,"17,6",63,"10,5","0,74","9,45"
2026-10-03 10:39,"17,6",63,"10,5","0,74","9,45"
2026-10-03 10:40,"17,6",63,"10,5","0,74","9,45"
2026-10-03 10:41,"17,6",63,"10,5","0,74","9,45"
2026-10-03 10:42,"17,6",63,"10,5","0,74","9,45"
2026-10-03 10:43,"17,6",63,"10,5","0,74","9,45"
2026-10-03 10:44,"17,6",63,"10,5","0,74","9,45"
2026-10-03 10:45,"17,6",63,"10,5","0,74","9,45"
2026-10-03 10:46,"17,6",63,"10,5","0,74","9,45"
2026-10-03 10:47,"17,6",63,"10,5","0,74","9,45"
2026-10-03 10:48,"17,6",63,"10,5","0,74","9,45"
2026-10-03 10:49,"17,6",63,"10,5","0,74","9,45"
2026-10-03 10:50,"17,6",63,"10,5","0,74","9,45"
2026-10-03 10:51,"17,6",63,"10,5","0,74","9,45"
2026-10-03 10:52,"17,6",63,"10,5","0,74","9,45"
2026-10-03 10:53,"17,6",63,"10,5","0,74","9,45"
2026-10-03 10:54,"17,6",63,"10,5","0,74","9,45"
2026-10-03 10:55,"17,6",63,"10,5","0,74","9,45"
2026-10-03 10:56,"17,5",62,"10,2","0,76","9,27"
2026-10-03 10:57,"17,5",62,"10,1","0,76","9,24"
2026-10-03 10:58,"17,5",62,"10,1","0,76","9,24"
2026-10-03 10:59,"17,5",62,"10,1","0,76","9,24"
2026-10-03 11:00,"17,5",62,"10,1","0,76","9,24"
2026-10-03 11:01,"17,5",62,"10,1","0,76","9,24"
2026-10-03 11:02,"17,5",62,"10,1","0,76","9,24"
2026-10-03 11:03,"17,5",62,"10,1","0,76","9,24"
2026-10-03 11:04,"17,5",62,"10,1","0,76","9,24"
2026-10-03 11:05,"17,5",62,"10,1","0,76","9,24"
2026-10-03 11:06,"17,5",62,"10,1","0,76","9,24"
2026-10-03 11:07,"17,5",62,"10,1","0,76","9,24"
2026-10-03 11:08,"17,5",62,"10,1","0,76","9,24"
2026-10-03 11:09,"17,5",62,"10,1","0,76","9,24"
2026-10-03 11:10,"17,5",62,"10,1","0,76","9,24"
2026-10-03 11:11,"17,5",62,"10,1","0,76","9,24"
2026-10-03 11:12,"17,5",62,"10,1","0,76","9,24"
2026-10-03 11:13,"17,5",62,"10,1","0,76","9,24"
2026-10-03 11:14,"17,5",62,"10,1","0,76","9,24"
2026-10-03 11:15,"17,5",62,"10,1","0,76","9,24"
2026-10-03 11:16,"17,5",62,"10,1","0,76","9,24"
2026-10-03 11:17,"17,5",62,"10,1","0,76","9,24"
2026-10-03 11:18,"17,5",62,"10,1","0,76","9,24"
2026-10-03 11:19,"17,5",62,"10,1","0,76","9,24"
2026-10-03 11:20,"17,5",62,"10,1","0,76","9,24"
2026-10-03 11:21,"17,5",62,"10,1","0,76","9,24"
2026-10-03 11:22,"17,5",62,"10,1","0,76","9,24"
2026-10-03 11:23,"17,5",62,"10,1","0,76","9,24"
2026-10-03 11:24,"17,5",62,"10,1","0,76","9,24"
2026-10-03 11:25,"17,5",62,"10,1","0,76","9,24"
2026-10-03 11:26,"17,5",62,"10,1","0,76","9,24"
2026-10-03 11:27,"17,5",62,"10,1","0,76","9,24"
2026-10-03 11:28,"17,5",62,"10,1","0,76","9,24"
2026-10-03 11:29,"17,5",62,"10,1","0,76","9,24"
2026-10-03 11:30,"17,5",62,"10,1","0,76","9,24"
2026-10-03 11:31,"17,5",62,"10,1","0,76","9,24"
2026-10-03 11:32,"17,5",62,"10,1","0,76","9,24"
2026-10-03 11:33,"17,5",62,"10,1","0,76","9,24"
2026-10-03 11:34,"17,5",62,"10,1","0,76","9,24"
2026-10-03 11:35,"17,5",62,"10,1","0,76","9,24"
2026-10-03 11:36,"17,5",62,"10,1","0,76","9,24"
2026-10-03 11:37,"17,5",62,"10,1","0,76","9,24"
2026-10-03 11:38,"17,5",62,"10,1","0,76","9,24"
2026-10-03 11:39,"17,5",62,"10,1","0,76","9,24"
2026-10-03 11:40,"17,5",62,"10,1","0,76","9,24"
2026-10-03 11:41,"17,5",62,"10,1","0,76","9,24"
2026-10-03 11:42,"17,5",62,"10,1","0,76","9,24"
2026-10-03 11:43,"17,5",62,"10,1","0,76","9,24"
2026-10-03 11:44,"17,5",62,"10,1","0,76","9,24"
2026-10-03 11:45,"17,5",62,"10,1","0,76","9,24"
2026-10-03 11:46,"17,5",62,"10,1","0,76","9,24"
2026-10-03 11:47,"17,5",62,"10,1","0,76","9,24"
2026-10-03 11:48,"17,5",62,"10,1","0,76","9,24"
2026-10-03 11:49,"17,5",62,"10,1","0,76","9,24"
2026-10-03 11:50,"17,5",62,"10,1","0,76","9,24"
2026-10-03 11:51,"17,5",62,"10,1","0,76","9,24"
2026-10-03 11:52,"17,5",62,"10,1","0,76","9,24"
2026-10-03 11:53,"17,5",62,"10,1","0,76","9,24"
2026-10-03 11:54,"17,5",62,"10,1","0,76","9,24"
2026-10-03 11:55,"17,5",62,"10,1","0,76","9,24"
2026-10-03 11:56,"17,5",62,"10,1","0,76","9,24"
2026-10-03 11:57,"17,5",62,"10,1","0,76","9,24"
2026-10-03 11:58,"17,5",62,"10,1","0,76","9,24"
2026-10-03 11:59,"17,5",62,"10,1","0,76","9,24"
2026-10-03 12:00,"17,5",62,"10,1","0,76","9,24"
2026-10-03 12:01,"17,5",62,"10,1","0,76","9,24"
2026-10-03 12:02,"17,5",62,"10,1","0,76","9,24"
2026-10-03 12:03,"17,5",62,"10,1","0,76","9,24"
2026-10-03 12:04,"17,5",62,"10,1","0,76","9,24"
2026-10-03 12:05,"17,5",62,"10,1","0,76","9,24"
2026-10-03 12:06,"17,5",62,"10,1","0,76","9,24"
2026-10-03 12:07,"17,5",62,"10,1","0,76","9,24"
2026-10-03 12:08,"17,5",62,"10,1","0,76","9,24"
2026-10-03 12:09,"17,5",62,"10,1","0,76","9,24"
2026-10-03 12:10,"17,5",62,"10,1","0,76","9,24"
2026-10-03 12:11,"17,5",62,"10,1","0,76","9,24"
2026-10-03 12:12,"17,5",62,"10,1","0,76","9,24"
2026-10-03 12:13,"17,5",62,"10,1","0,76","9,24"
2026-10-03 12:14,"17,5",62,"10,1","0,76","9,24"
2026-10-03 12:15,"17,5",62,"10,1","0,76","9,24"
2026-10-03 12:16,"17,5",62,"10,1","0,76","9,24"
2026-10-03 12:17,"17,5",62,"10,1","0,76","9,24"
2026-10-03 12:18,"17,5",62,"10,1","0,76","9,24"
2026-10-03 12:19,"17,5",62,"10,1","0,76","9,24"
2026-10-03 12:20,"17,5",62,"10,1","0,76","9,24"
2026-10-03 12:21,"17,5",62,"10,1","0,76","9,24"
2026-10-03 12:22,"17,5",62,"10,1","0,76","9,22"
2026-10-03 12:23,"17,4",62,"10,0","0,76","9,19"
2026-10-03 12:24,"17,4",62,"10,0","0,76","9,19"
2026-10-03 12:25,"17,4",62,"10,0","0,76","9,19"
2026-10-03 12:26,"17,4",62,"10,0","0,76","9,19"
2026-10-03 12:27,"17,4",62,"10,0","0,76","9,19"
2026-10-03 12:28,"17,4",62,"10,0","0,76","9,19"
2026-10-03 12:29,"17,4",62,"10,0","0,76","9,19"
2026-10-03 12:30,"17,4",62,"10,0","0,76","9,19"
2026-10-03 12:31,"17,4",62,"10,0","0,76","9,19"
2026-10-03 12:32,"17,4",62,"10,0","0,76","9,19"
2026-10-03 12:33,"17,4",62,"10,0","0,76","9,19"
2026-10-03 12:34,"17,4",62,"10,0","0,76","9,19"
2026-10-03 12:35,"17,4",62,"10,0","0,76","9,19"
2026-10-03 12:36,"17,4",62,"10,0","0,76","9,19"
2026-10-03 12:37,"17,4",62,"10,0","0,76","9,19"
2026-10-03 12:38,"17,4",62,"10,0","0,76","9,19"
2026-10-03 12:39,"17,4",62,"10,0","0,76","9,19"
2026-10-03 12:40,"17,4",62,"10,0","0,76","9,19"
2026-10-03 12:41,"17,4",62,"10,0","0,76","9,19"
2026-10-03 12:42,"17,4",62,"10,0","0,76","9,19"
2026-10-03 12:43,"17,4",62,"10,0","0,76","9,19"
2026-10-03 12:44,"17,4",62,"10,0","0,76","9,19"
2026-10-03 12:45,"17,4",62,"10,0","0,76","9,19"
2026-10-03 12:46,"17,4",62,"10,0","0,76","9,19"
2026-10-03 12:47,"17,4",62,"10,0","0,76","9,19"
2026-10-03 12:48,"17,4",62,"10,0","0,76","9,19"
2026-10-03 12:49,"17,4",62,"10,0","0,76","9,19"
2026-10-03 12:50,"17,4",62,"10,0","0,76","9,19"
2026-10-03 12:51,"17,4",62,"10,0","0,76","9,19"
2026-10-03 12:52,"17,4",62,"10,0","0,76","9,19"
2026-10-03 12:53,"17,4",62,"10,0","0,76","9,19"
2026-10-03 12:54,"17,4",62,"10,0","0,76","9,19"
2026-10-03 12:55,"17,4",62,"10,0","0,76","9,19"
2026-10-03 12:56,"17,4",62,"10,0","0,76","9,19"
2026-10-03 12:57,"17,4",62,"10,0","0,76","9,19"
2026-10-03 12:58,"17,5",62,"10,1","0,76","9,22"
2026-10-03 12:59,"17,5",62,"10,1","0,76","9,24"
2026-10-03 13:00,"17,5",62,"10,1","0,76","9,24"
2026-10-03 13:01,"17,5",62,"10,1","0,76","9,24"
2026-10-03 13:02,"17,5",62,"10,1","0,76","9,24"
2026-10-03 13:03,"17,5",62,"10,1","0,76","9,24"
2026-10-03 13:04,"17,5",62,"10,1","0,76","9,24"
2026-10-03 13:05,"17,5",62,"10,1","0,76","9,24"
2026-10-03 13:06,"17,5",62,"10,1","0,76","9,24"
2026-10-03 13:07,"17,5",62,"10,1","0,76","9,24"
2026-10-03 13:08,"17,5",62,"10,1","0,76","9,24"
2026-10-03 13:09,"17,5",62,"10,1","0,76","9,24"
2026-10-03 13:10,"17,5",62,"10,1","0,76","9,24"
2026-10-03 13:11,"17,5",62,"10,1","0,76","9,24"
2026-10-03 13:12,"17,5",62,"10,1","0,76","9,24"
2026-10-03 13:13,"17,5",62,"10,1","0,76","9,24"
2026-10-03 13:14,"17,5",62,"10,1","0,76","9,24"
2026-10-03 13:15,"17,5",62,"10,1","0,76","9,24"
2026-10-03 13:16,"17,5",62,"10,1","0,76","9,24"
2026-10-03 13:17,"17,5",62,"10,1","0,76","9,24"
2026-10-03 13:18,"17,5",62,"10,1","0,76","9,24"
2026-10-03 13:19,"17,5",62,"10,1","0,76","9,24"
2026-10-03 13:20,"17,5",62,"10,1","0,76","9,24"
2026-10-03 13:21,"17,5",62,"10,1","0,76","9,24"
2026-10-03 13:22,"17,6",62,"10,2","0,76","9,30"
2026-10-03 13:23,"17,7",62,"10,3","0,77","9,35"
2026-10-03 13:24,"17,9",62,"10,5","0,78","9,47"
2026-10-03 13:25,"18,1",62,"10,7","0,79","9,58"
2026-10-03 13:26,"18,2",61,"10,6","0,82","9,48"
2026-10-03 13:27,"18,3",61,"10,6","0,82","9,54"
2026-10-03 13:28,"18,3",61,"10,6","0,82","9,54"
2026-10-03 13:29,"18,3",61,"10,6","0,82","9,54"
2026-10-03 13:30,"18,3",61,"10,6","0,82","9,51"
2026-10-03 13:31,"18,2",61,"10,6","0,82","9,48"
2026-10-03 13:32,"18,2",61,"10,5","0,81","9,45"
2026-10-03 13:33,"18,1",61,"10,5","0,81","9,43"
2026-10-03 13:34,"18,0",60,"10,2","0,83","9,24"
2026-10-03 13:35,"18,0",60,"10,1","0,83","9,22"
2026-10-03 13:36,"18,0",60,"10,1","0,82","9,19"
2026-10-03 13:37,"17,9",60,"10,0","0,82","9,16"
2026-10-03 13:38,"17,9",60,"10,0","0,82","9,16"
2026-10-03 13:39,"17,9",60,"10,0","0,82","9,16"
2026-10-03 13:40,"17,8",60,"10,0","0,82","9,13"
2026-10-03 13:41,"17,8",60,"9,9","0,82","9,11"
2026-10-03 13:42,"17,8",60,"9,9","0,82","9,11"
2026-10-03 13:43,"17,8",61,"10,2","0,79","9,26"
2026-10-03 13:44,"17,8",61,"10,2","0,79","9,26"
2026-10-03 13:45,"17,8",61,"10,2","0,79","9,26"
2026-10-03 13:46,"17,8",61,"10,2","0,79","9,26"
2026-10-03 13:47,"17,8",61,"10,2","0,79","9,26"
2026-10-03 13:48,"17,8",61,"10,2","0,79","9,26"
2026-10-03 13:49,"17,8",61,"10,2","0,79","9,26"
2026-10-03 13:50,"17,8",61,"10,1","0,79","9,23"
2026-10-03 13:51,"17,7",61,"10,1","0,79","9,20"
2026-10-03 13:52,"17,7",61,"10,1","0,79","9,20"
2026-10-03 13:53,"17,7",61,"10,1","0,79","9,20"
2026-10-03 13:54,"17,7",61,"10,1","0,79","9,20"
2026-10-03 13:55,"17,7",61,"10,1","0,79","9,20"
2026-10-03 13:56,"17,7",61,"10,0","0,79","9,18"
2026-10-03 13:57,"17,6",61,"10,0","0,78","9,15"
2026-10-03 13:58,"17,6",61,"10,0","0,78","9,15"
2026-10-03 13:59,"17,6",61,"10,0","0,78","9,15"
2026-10-03 14:00,"17,6",61,"10,0","0,78","9,15"
2026-10-03 14:01,"17,6",61,"10,0","0,78","9,15"
2026-10-03 14:02,"17,6",61,"10,0","0,78","9,15"
2026-10-03 14:03,"17,6",61,"10,0","0,78","9,15"
2026-10-03 14:04,"17,6",61,"10,0","0,78","9,15"
2026-10-03 14:05,"17,6",61,"10,0","0,78","9,15"
2026-10-03 14:06,"17,5",61,"9,9","0,78","9,12"
2026-10-03 14:07,"17,5",61,"9,9","0,78","9,09"
2026-10-03 14:08,"17,5",61,"9,9","0,78","9,09"
2026-10-03 14:09,"17,5",61,"9,9","0,78","9,09"
2026-10-03 14:10,"17,5",60,"9,6","0,80","8,95"
2026-10-03 14:11,"17,5",60,"9,6","0,80","8,95"
2026-10-03 14:12,"17,5",60,"9,6","0,80","8,95"
2026-10-03 14:13,"17,5",60,"9,6","0,80","8,95"
2026-10-03 14:14,"17,5",60,"9,6","0,80","8,95"
2026-10-03 14:15,"17,5",60,"9,6","0,80","8,95"
2026-10-03 14:16,"17,5",60,"9,6","0,80","8,95"
2026-10-03 14:17,"17,5",60,"9,6","0,80","8,95"
2026-10-03 14:18,"17,5",60,"9,6","0,80","8,95"
2026-10-03 14:19,"17,5",60,"9,6","0,80","8,95"
2026-10-03 14:20,"17,5",60,"9,6","0,80","8,95"
2026-10-03 14:21,"17,5",60,"9,6","0,80","8,95"
2026-10-03 14:22,"17,5",60,"9,6","0,80","8,92"
2026-10-03 14:23,"17,4",61,"9,8","0,78","9,04"
2026-10-03 14:24,"17,4",61,"9,8","0,78","9,04"
2026-10-03 14:25,"17,4",61,"9,8","0,78","9,04"
2026-10-03 14:26,"17,4",61,"9,8","0,78","9,04"
2026-10-03 14:27,"17,4",61,"9,8","0,78","9,04"
2026-10-03 14:28,"17,4",61,"9,8","0,78","9,04"
2026-10-03 14:29,"17,4",61,"9,8","0,78","9,04"
2026-10-03 14:30,"17,4",61,"9,8","0,78","9,04"
2026-10-03 14:31,"17,4",61,"9,8","0,78","9,04"
2026-10-03 14:32,"17,4",61,"9,8","0,78","9,04"
2026-10-03 14:33,"17,4",62,"10,0","0,76","9,19"
2026-10-03 14:34,"17,4",62,"10,0","0,76","9,19"
2026-10-03 14:35,"17,4",62,"10,0","0,76","9,19"
2026-10-03 14:36,"17,4",62,"10,0","0,76","9,19"
2026-10-03 14:37,"17,4",62,"10,0","0,76","9,19"
2026-10-03 14:38,"17,4",62,"10,0","0,76","9,19"
2026-10-03 14:39,"17,4",62,"10,0","0,76","9,19"
2026-10-03 14:40,"17,4",62,"10,0","0,76","9,19"
2026-10-03 14:41,"17,4",62,"10,0","0,76","9,19"
2026-10-03 14:42,"17,4",62,"10,0","0,76","9,19"
2026-10-03 14:43,"17,4",62,"10,0","0,76","9,19"
2026-10-03 14:44,"17,4",62,"10,0","0,76","9,19"
2026-10-03 14:45,"17,4",63,"10,3","0,74","9,34"
2026-10-03 14:46,"17,4",63,"10,3","0,74","9,34"
2026-10-03 14:47,"17,4",63,"10,3","0,74","9,34"
2026-10-03 14:48,"17,4",62,"10,0","0,76","9,19"
2026-10-03 14:49,"17,4",62,"10,0","0,76","9,19"
2026-10-03 14:50,"17,4",62,"10,0","0,76","9,19"
2026-10-03 14:51,"17,4",62,"10,0","0,76","9,19"
2026-10-03 14:52,"17,4",62,"10,0","0,76","9,19"
2026-10-03 14:53,"17,4",62,"10,0","0,76","9,19"
2026-10-03 14:54,"17,4",62,"10,0","0,76","9,19"
2026-10-03 14:55,"17,4",62,"10,0","0,76","9,19"
2026-10-03 14:56,"17,4",62,"10,0","0,76","9,19"
2026-10-03 14:57,"17,4",62,"10,0","0,76","9,19"
2026-10-03 14:58,"17,4",62,"10,0","0,76","9,19"
2026-10-03 14:59,"17,4",62,"10,0","0,76","9,19"
2026-10-03 15:00,"17,4",62,"10,0","0,76","9,19"
2026-10-03 15:01,"17,4",62,"10,0","0,76","9,19"
2026-10-03 15:02,"17,4",62,"10,0","0,76","9,19"
2026-10-03 15:03,"17,4",62,"10,0","0,76","9,19"
2026-10-03 15:04,"17,4",62,"10,0","0,76","9,19"
2026-10-03 15:05,"17,4",62,"10,0","0,76","9,19"
2026-10-03 15:06,"17,4",62,"10,0","0,76","9,19"
2026-10-03 15:07,"17,4",62,"10,0","0,76","9,19"
2026-10-03 15:08,"17,4",62,"10,0","0,76","9,19"
2026-10-03 15:09,"17,4",62,"10,0","0,76","9,19"
2026-10-03 15:10,"17,4",62,"10,0","0,76","9,19"
2026-10-03 15:11,"17,4",62,"10,0","0,76","9,19"
2026-10-03 15:12,"17,4",62,"10,0","0,76","9,19"
2026-10-03 15:13,"17,4",62,"10,0","0,76","9,19"
2026-10-03 15:14,"17,4",62,"10,0","0,76","9,19"
2026-10-03 15:15,"17,4",62,"10,0","0,76","9,19"
2026-10-03 15:16,"17,4",62,"10,0","0,76","9,19"
2026-10-03 15:17,"17,4",62,"10,0","0,76","9,19"
2026-10-03 15:18,"17,4",62,"10,0","0,76","9,19"
2026-10-03 15:19,"17,4",62,"10,0","0,76","9,19"
2026-10-03 15:20,"17,4",61,"9,8","0,78","9,04"
2026-10-03 15:21,"17,4",61,"9,8","0,78","9,04"
2026-10-03 15:22,"17,4",61,"9,8","0,78","9,04"
2026-10-03 15:23,"17,4",61,"9,8","0,78","9,04"
2026-10-03 15:24,"17,4",61,"9,8","0,78","9,04"
2026-10-03 15:25,"17,4",62,"10,0","0,76","9,19"
2026-10-03 15:26,"17,4",62,"10,0","0,76","9,19"
2026-10-03 15:27,"17,4",62,"10,0","0,76","9,19"
2026-10-03 15:28,"17,5",62,"10,1","0,76","9,22"
2026-10-03 15:29,"17,5",62,"10,1","0,76","9,24"
2026-10-03 15:30,"17,5",62,"10,1","0,76","9,24"
2026-10-03 15:31,"17,5",62,"10,1","0,76","9,24"
2026-10-03 15:32,"17,5",62,"10,1","0,76","9,24"
2026-10-03 15:33,"17,5",62,"10,1","0,76","9,24"
2026-10-03 15:34,"17,5",62,"10,1","0,76","9,24"
2026-10-03 15:35,"17,5",62,"10,1","0,76","9,24"
2026-10-03 15:36,"17,5",62,"10,1","0,76","9,24"
2026-10-03 15:37,"17,5",62,"10,1","0,76","9,24"
2026-10-03 15:38,"17,5",62,"10,1","0,76","9,24"
2026-10-03 15:39,"17,5",62,"10,1","0,76","9,24"
2026-10-03 15:40,"17,5",62,"10,1","0,76","9,24"
2026-10-03 15:41,"17,5",62,"10,1","0,76","9,24"
2026-10-03 15:42,"17,5",62,"10,1","0,76","9,24"
2026-10-03 15:43,"17,5",62,"10,1","0,76","9,24"
2026-10-03 15:44,"17,5",62,"10,1","0,76","9,24"
2026-10-03 15:45,"17,5",62,"10,1","0,76","9,24"
2026-10-03 15:46,"17,5",62,"10,1","0,76","9,22"
2026-10-03 15:47,"17,4",62,"10,0","0,76","9,19"
2026-10-03 15:48,"17,4",62,"10,0","0,76","9,19"
2026-10-03 15:49,"17,4",62,"10,0","0,76","9,19"
2026-10-03 15:50,"17,4",62,"10,0","0,76","9,19"
2026-10-03 15:51,"17,4",62,"10,0","0,76","9,19"
2026-10-03 15:52,"17,4",62,"10,0","0,76","9,19"
2026-10-03 15:53,"17,4",62,"10,0","0,76","9,19"
2026-10-03 15:54,"17,4",62,"10,0","0,76","9,19"
2026-10-03 15:55,"17,4",62,"10,0","0,76","9,19"
2026-10-03 15:56,"17,4",61,"9,8","0,78","9,04"
2026-10-03 15:57,"17,4",61,"9,8","0,78","9,04"
2026-10-03 15:58,"17,4",61,"9,8","0,78","9,04"
2026-10-03 15:59,"17,4",61,"9,8","0,78","9,04"
2026-10-03 16:00,"17,4",61,"9,8","0,78","9,04"
2026-10-03 16:01,"17,4",61,"9,8","0,78","9,04"
2026-10-03 16:02,"17,4",61,"9,8","0,78","9,04"
2026-10-03 16:03,"17,4",61,"9,8","0,78","9,04"
2026-10-03 16:04,"17,4",61,"9,8","0,78","9,04"
2026-10-03 16:05,"17,4",61,"9,8","0,78","9,04"
2026-10-03 16:06,"17,4",61,"9,8","0,78","9,04"
2026-10-03 16:07,"17,4",61,"9,8","0,78","9,04"
2026-10-03 16:08,"17,4",61,"9,8","0,78","9,04"
2026-10-03 16:09,"17,4",61,"9,8","0,78","9,04"
2026-10-03 16:10,"17,4",61,"9,8","0,78","9,04"
2026-10-03 16:11,"17,4",61,"9,8","0,78","9,04"
2026-10-03 16:12,"17,4",61,"9,8","0,78","9,04"
2026-10-03 16:13,"17,4",61,"9,8","0,78","9,04"
2026-10-03 16:14,"17,4",61,"9,8","0,78","9,04"
2026-10-03 16:15,"17,4",61,"9,8","0,78","9,04"
2026-10-03 16:16,"17,4",61,"9,8","0,78","9,04"
2026-10-03 16:17,"17,4",61,"9,8","0,78","9,04"
2026-10-03 16:18,"17,4",61,"9,8","0,78","9,04"
2026-10-03 16:19,"17,4",61,"9,8","0,78","9,04"
2026-10-03 16:20,"17,4",61,"9,8","0,78","9,04"
2026-10-03 16:21,"17,4",61,"9,8","0,78","9,04"
2026-10-03 16:22,"17,4",61,"9,8","0,78","9,04"
2026-10-03 16:23,"17,4",62,"10,0","0,76","9,19"
2026-10-03 16:24,"17,4",61,"9,8","0,78","9,04"
2026-10-03 16:25,"17,4",61,"9,8","0,78","9,04"
2026-10-03 16:26,"17,4",61,"9,8","0,78","9,04"
2026-10-03 16:27,"17,4",61,"9,8","0,78","9,04"
2026-10-03 16:28,"17,4",61,"9,8","0,78","9,04"
2026-10-03 16:29,"17,4",61,"9,8","0,78","9,04"
2026-10-03 16:30,"17,4",61,"9,8","0,78","9,04"
2026-10-03 16:31,"17,4",61,"9,8","0,78","9,04"
2026-10-03 16:32,"17,4",61,"9,8","0,78","9,04"
2026-10-03 16:33,"17,4",61,"9,8","0,78","9,04"
2026-10-03 16:34,"17,4",61,"9,8","0,78","9,04"
2026-10-03 16:35,"17,4",61,"9,8","0,78","9,04"
2026-10-03 16:36,"17,4",61,"9,8","0,78","9,04"
2026-10-03 16:37,"17,4",61,"9,8","0,78","9,04"
2026-10-03 16:38,"17,4",61,"9,8","0,78","9,04"
2026-10-03 16:39,"17,4",61,"9,8","0,78","9,04"
2026-10-03 16:40,"17,4",61,"9,8","0,78","9,04"
2026-10-03 16:41,"17,4",61,"9,8","0,78","9,04"
2026-10-03 16:42,"17,4",61,"9,8","0,78","9,04"
2026-10-03 16:43,"17,4",61,"9,8","0,78","9,04"
2026-10-03 16:44,"17,4",61,"9,8","0,78","9,04"
2026-10-03 16:45,"17,4",61,"9,8","0,78","9,04"
2026-10-03 16:46,"17,4",61,"9,8","0,78","9,04"
2026-10-03 16:47,"17,4",61,"9,8","0,78","9,04"
2026-10-03 16:48,"17,4",61,"9,8","0,78","9,04"
2026-10-03 16:49,"17,4",61,"9,8","0,78","9,04"
2026-10-03 16:50,"17,4",61,"9,8","0,78","9,04"
2026-10-03 16:51,"17,4",61,"9,8","0,78","9,04"
2026-10-03 16:52,"17,4",61,"9,8","0,78","9,04"
2026-10-03 16:53,"17,4",61,"9,8","0,78","9,04"
2026-10-03 16:54,"17,4",61,"9,8","0,78","9,04"
2026-10-03 16:55,"17,4",61,"9,8","0,78","9,04"
2026-10-03 16:56,"17,4",61,"9,8","0,78","9,04"
2026-10-03 16:57,"17,4",61,"9,8","0,78","9,04"
2026-10-03 16:58,"17,4",61,"9,8","0,78","9,04"
2026-10-03 16:59,"17,4",61,"9,8","0,78","9,04"
2026-10-03 17:00,"17,4",61,"9,8","0,78","9,04"
2026-10-03 17:01,"17,4",61,"9,8","0,78","9,04"
2026-10-03 17:02,"17,4",61,"9,8","0,78","9,04"
2026-10-03 17:03,"17,4",61,"9,8","0,78","9,04"
2026-10-03 17:04,"17,4",61,"9,8","0,78","9,04"
2026-10-03 17:05,"17,4",61,"9,8","0,78","9,04"
2026-10-03 17:06,"17,4",61,"9,8","0,78","9,04"
2026-10-03 17:07,"17,4",61,"9,8","0,78","9,04"
2026-10-03 17:08,"17,4",61,"9,8","0,78","9,04"
2026-10-03 17:09,"17,4",61,"9,8","0,78","9,04"
2026-10-03 17:10,"17,4",61,"9,8","0,78","9,04"
2026-10-03 17:11,"17,4",61,"9,8","0,78","9,04"
2026-10-03 17:12,"17,4",61,"9,8","0,78","9,04"
2026-10-03 17:13,"17,4",61,"9,8","0,78","9,04"
2026-10-03 17:14,"17,4",61,"9,8","0,78","9,04"
2026-10-03 17:15,"17,4",61,"9,8","0,78","9,04"
2026-10-03 17:16,"17,4",61,"9,8","0,78","9,04"
2026-10-03 17:17,"17,4",61,"9,8","0,78","9,04"
2026-10-03 17:18,"17,4",61,"9,8","0,78","9,04"
2026-10-03 17:19,"17,4",61,"9,8","0,78","9,04"
2026-10-03 17:20,"17,4",61,"9,8","0,78","9,04"
2026-10-03 17:21,"17,4",61,"9,8","0,78","9,04"
2026-10-03 17:22,"17,4",61,"9,8","0,78","9,04"
2026-10-03 17:23,"17,4",61,"9,8","0,78","9,04"
2026-10-03 17:24,"17,4",61,"9,8","0,78","9,04"
2026-10-03 17:25,"17,4",61,"9,8","0,78","9,04"
2026-10-03 17:26,"17,4",61,"9,8","0,78","9,04"
2026-10-03 17:27,"17,4",61,"9,8","0,78","9,04"
2026-10-03 17:28,"17,4",61,"9,8","0,78","9,04"
2026-10-03 17:29,"17,4",61,"9,8","0,78","9,04"
2026-10-03 17:30,"17,4",61,"9,8","0,78","9,04"
2026-10-03 17:31,"17,4",61,"9,8","0,78","9,04"
2026-10-03 17:32,"17,4",61,"9,8","0,78","9,04"
2026-10-03 17:33,"17,4",61,"9,8","0,78","9,04"
2026-10-03 17:34,"17,4",61,"9,8","0,78","9,04"
2026-10-03 17:35,"17,4",61,"9,8","0,78","9,04"
2026-10-03 17:36,"17,4",61,"9,8","0,78","9,04"
2026-10-03 17:37,"17,4",61,"9,8","0,78","9,04"
2026-10-03 17:38,"17,4",61,"9,8","0,78","9,04"
2026-10-03 17:39,"17,4",61,"9,8","0,78","9,04"
2026-10-03 17:40,"17,4",61,"9,8","0,78","9,04"
2026-10-03 17:41,"17,4",61,"9,8","0,78","9,04"
2026-10-03 17:42,"17,4",61,"9,8","0,78","9,04"
2026-10-03 17:43,"17,4",61,"9,8","0,78","9,04"
2026-10-03 17:44,"17,4",61,"9,8","0,78","9,04"
2026-10-03 17:45,"17,4",61,"9,8","0,78","9,04"
2026-10-03 17:46,"17,4",61,"9,8","0,78","9,04"
2026-10-03 17:47,"17,4",61,"9,8","0,78","9,04"
2026-10-03 17:48,"17,4",61,"9,8","0,78","9,04"
2026-10-03 17:49,"17,4",61,"9,8","0,78","9,04"
2026-10-03 17:50,"17,4",61,"9,8","0,78","9,04"
2026-10-03 17:51,"17,4",61,"9,8","0,78","9,04"
2026-10-03 17:52,"17,4",61,"9,8","0,78","9,04"
2026-10-03 17:53,"17,4",61,"9,8","0,78","9,04"
2026-10-03 17:54,"17,4",61,"9,8","0,78","9,04"
2026-10-03 17:55,"17,4",61,"9,8","0,78","9,04"
2026-10-03 17:56,"17,4",61,"9,8","0,78","9,04"
2026-10-03 17:57,"17,4",61,"9,8","0,78","9,04"
2026-10-03 17:58,"17,4",61,"9,8","0,78","9,04"
2026-10-03 17:59,"17,4",61,"9,8","0,78","9,04"
2026-10-03 18:00,"17,4",61,"9,8","0,78","9,04"
2026-10-03 18:01,"17,4",61,"9,8","0,78","9,04"
2026-10-03 18:02,"17,5",61,"9,8","0,78","9,07"
2026-10-03 18:03,"17,5",61,"9,9","0,78","9,09"
2026-10-03 18:04,"17,5",61,"9,9","0,78","9,12"
2026-10-03 18:05,"17,6",61,"10,0","0,78","9,15"
2026-10-03 18:06,"17,6",61,"10,0","0,78","9,15"
2026-10-03 18:07,"17,6",61,"10,0","0,78","9,15"
2026-10-03 18:08,"17,6",61,"10,0","0,78","9,15"
2026-10-03 18:09,"17,6",61,"10,0","0,78","9,15"
2026-10-03 18:10,"17,7",61,"10,0","0,79","9,18"
2026-10-03 18:11,"17,7",61,"10,1","0,79","9,20"
2026-10-03 18:12,"17,7",61,"10,1","0,79","9,20"
2026-10-03 18:13,"17,7",61,"10,1","0,79","9,20"
2026-10-03 18:14,"17,7",61,"10,1","0,79","9,20"
2026-10-03 18:15,"17,7",61,"10,1","0,79","9,20"
2026-10-03 18:16,"17,7",61,"10,1","0,79","9,20"
2026-10-03 18:17,"17,7",61,"10,1","0,79","9,20"
2026-10-03 18:18,"17,7",61,"10,1","0,79","9,20"
2026-10-03 18:19,"17,7",61,"10,1","0,79","9,20"
2026-10-03 18:20,"17,7",61,"10,1","0,79","9,20"
2026-10-03 18:21,"17,7",61,"10,1","0,79","9,20"
2026-10-03 18:22,"17,7",61,"10,0","0,79","9,18"
2026-10-03 18:23,"17,6",61,"10,0","0,78","9,15"
2026-10-03 18:24,"17,6",61,"10,0","0,78","9,15"
2026-10-03 18:25,"17,6",61,"10,0","0,78","9,15"
2026-10-03 18:26,"17,6",61,"10,0","0,78","9,15"
2026-10-03 18:27,"17,6",61,"10,0","0,78","9,15"
2026-10-03 18:28,"17,6",61,"10,0","0,78","9,15"
2026-10-03 18:29,"17,6",61,"10,0","0,78","9,15"
2026-10-03 18:30,"17,6",61,"10,0","0,78","9,15"
2026-10-03 18:31,"17,6",61,"10,0","0,78","9,15"
2026-10-03 18:32,"17,6",61,"10,0","0,78","9,15"
2026-10-03 18:33,"17,6",61,"10,0","0,78","9,15"
2026-10-03 18:34,"17,6",61,"10,0","0,78","9,15"
2026-10-03 18:35,"17,6",61,"10,0","0,78","9,15"
2026-10-03 18:36,"17,6",61,"10,0","0,78","9,15"
2026-10-03 18:37,"17,6",61,"10,0","0,78","9,15"
2026-10-03 18:38,"17,6",61,"10,0","0,78","9,15"
2026-10-03 18:39,"17,6",61,"10,0","0,78","9,15"
2026-10-03 18:40,"17,6",61,"10,0","0,78","9,15"
2026-10-03 18:41,"17,6",61,"10,0","0,78","9,15"
2026-10-03 18:42,"17,6",61,"10,0","0,78","9,15"
2026-10-03 18:43,"17,6",61,"10,0","0,78","9,15"
2026-10-03 18:44,"17,7",61,"10,0","0,79","9,18"
2026-10-03 18:45,"17,7",61,"10,1","0,79","9,20"
2026-10-03 18:46,"17,7",61,"10,1","0,79","9,20"
2026-10-03 18:47,"17,7",61,"10,1","0,79","9,20"
2026-10-03 18:48,"17,7",60,"9,8","0,81","9,05"
2026-10-03 18:49,"17,7",60,"9,8","0,81","9,05"
2026-10-03 18:50,"17,7",60,"9,8","0,81","9,03"
2026-10-03 18:51,"17,6",60,"9,7","0,81","9,00"
2026-10-03 18:52,"17,6",60,"9,7","0,81","9,00"
2026-10-03 18:53,"17,6",60,"9,7","0,81","9,00"
2026-10-03 18:54,"17,6",60,"9,7","0,81","9,00"
2026-10-03 18:55,"17,6",61,"10,0","0,78","9,15"
2026-10-03 18:56,"17,6",61,"10,0","0,78","9,15"
2026-10-03 18:57,"17,6",61,"10,0","0,78","9,15"
2026-10-03 18:58,"17,6",61,"10,0","0,78","9,15"
2026-10-03 18:59,"17,6",61,"10,0","0,78","9,15"
2026-10-03 19:00,"17,6",61,"10,0","0,78","9,15"
2026-10-03 19:01,"17,6",61,"10,0","0,78","9,15"
2026-10-03 19:02,"17,6",61,"10,0","0,78","9,15"
2026-10-03 19:03,"17,6",61,"10,0","0,78","9,15"
2026-10-03 19:04,"17,6",61,"10,0","0,78","9,15"
2026-10-03 19:05,"17,6",61,"10,0","0,78","9,15"
2026-10-03 19:06,"17,6",61,"10,0","0,78","9,15"
2026-10-03 19:07,"17,6",61,"10,0","0,78","9,15"
2026-10-03 19:08,"17,6",61,"10,0","0,78","9,15"
2026-10-03 19:09,"17,6",61,"10,0","0,78","9,15"
2026-10-03 19:10,"17,6",61,"10,0","0,78","9,15"
2026-10-03 19:11,"17,6",61,"10,0","0,78","9,15"
2026-10-03 19:12,"17,6",61,"10,0","0,78","9,15"
2026-10-03 19:13,"17,6",61,"10,0","0,78","9,15"
2026-10-03 19:14,"17,6",61,"10,0","0,78","9,15"
2026-10-03 19:15,"17,6",61,"10,0","0,78","9,15"
2026-10-03 19:16,"17,6",61,"10,0","0,78","9,15"
2026-10-03 19:17,"17,6",61,"10,0","0,78","9,15"
2026-10-03 19:18,"17,6",61,"10,0","0,78","9,15"
2026-10-03 19:19,"17,6",61,"10,0","0,78","9,15"
2026-10-03 19:20,"17,6",61,"10,0","0,78","9,15"
2026-10-03 19:21,"17,6",61,"10,0","0,78","9,15"
2026-10-03 19:22,"17,6",61,"10,0","0,78","9,15"
2026-10-03 19:23,"17,6",61,"10,0","0,78","9,15"
2026-10-03 19:24,"17,6",61,"10,0","0,78","9,15"
2026-10-03 19:25,"17,6",61,"10,0","0,78","9,15"
2026-10-03 19:26,"17,6",61,"10,0","0,78","9,15"
2026-10-03 19:27,"17,6",61,"10,0","0,78","9,15"
2026-10-03 19:28,"17,6",61,"10,0","0,78","9,15"
2026-10-03 19:29,"17,6",61,"10,0","0,78","9,15"
2026-10-03 19:30,"17,6",61,"10,0","0,78","9,15"
2026-10-03 19:31,"17,6",61,"10,0","0,78","9,15"
2026-10-03 19:32,"17,6",61,"10,0","0,78","9,15"
2026-10-03 19:33,"17,6",61,"10,0","0,78","9,15"
2026-10-03 19:34,"17,6",61,"10,0","0,78","9,15"
2026-10-03 19:35,"17,6",61,"10,0","0,78","9,15"
2026-10-03 19:36,"17,6",61,"10,0","0,78","9,15"
2026-10-03 19:37,"17,6",61,"10,0","0,78","9,15"
2026-10-03 19:38,"17,6",61,"10,0","0,78","9,15"
2026-10-03 19:39,"17,6",61,"10,0","0,78","9,15"
2026-10-03 19:40,"17,6",61,"10,0","0,78","9,15"
2026-10-03 19:41,"17,6",61,"10,0","0,78","9,15"
2026-10-03 19:42,"17,6",61,"10,0","0,78","9,15"
2026-10-03 19:43,"17,6",61,"10,0","0,78","9,15"
2026-10-03 19:44,"17,6",61,"10,0","0,78","9,15"
2026-10-03 19:45,"17,6",61,"10,0","0,78","9,15"
2026-10-03 19:46,"17,6",61,"10,0","0,78","9,15"
2026-10-03 19:47,"17,6",61,"10,0","0,78","9,15"
2026-10-03 19:48,"17,6",61,"10,0","0,78","9,15"
2026-10-03 19:49,"17,6",62,"10,2","0,76","9,30"
2026-10-03 19:50,"17,6",62,"10,2","0,76","9,30"
2026-10-03 19:51,"17,6",62,"10,2","0,76","9,30"
2026-10-03 19:52,"17,6",62,"10,2","0,76","9,30"
2026-10-03 19:53,"17,6",62,"10,2","0,76","9,30"
2026-10-03 19:54,"17,6",62,"10,2","0,76","9,30"
2026-10-03 19:55,"17,6",62,"10,2","0,76","9,30"
2026-10-03 19:56,"17,6",62,"10,2","0,76","9,30"
2026-10-03 19:57,"17,6",62,"10,2","0,76","9,30"
2026-10-03 19:58,"17,6",62,"10,2","0,76","9,30"
2026-10-03 19:59,"17,6",62,"10,2","0,76","9,30"
2026-10-03 20:00,"17,6",62,"10,2","0,76","9,30"
2026-10-03 20:01,"17,6",62,"10,2","0,76","9,30"
2026-10-03 20:02,"17,6",62,"10,2","0,76","9,30"
2026-10-03 20:03,"17,6",62,"10,2","0,76","9,30"
2026-10-03 20:04,"17,6",62,"10,2","0,76","9,30"
2026-10-03 20:05,"17,6",62,"10,2","0,76","9,30"
2026-10-03 20:06,"17,6",62,"10,2","0,76","9,30"
2026-10-03 20:07,"17,6",62,"10,2","0,76","9,30"
2026-10-03 20:08,"17,6",62,"10,2","0,76","9,30"
2026-10-03 20:09,"17,6",62,"10,2","0,76","9,30"
2026-10-03 20:10,"17,6",62,"10,2","0,76","9,30"
2026-10-03 20:11,"17,6",62,"10,2","0,76","9,30"
2026-10-03 20:12,"17,6",62,"10,2","0,76","9,30"
2026-10-03 20:13,"17,6",62,"10,2","0,76","9,30"
2026-10-03 20:14,"17,6",62,"10,2","0,76","9,30"
2026-10-03 20:15,"17,6",62,"10,2","0,76","9,30"
2026-10-03 20:16,"17,6",62,"10,2","0,76","9,30"
2026-10-03 20:17,"17,6",62,"10,2","0,76","9,30"
2026-10-03 20:18,"17,6",62,"10,2","0,76","9,30"
2026-10-03 20:19,"17,6",62,"10,2","0,76","9,30"
2026-10-03 20:20,"17,6",62,"10,2","0,76","9,30"
2026-10-03 20:21,"17,6",62,"10,2","0,76","9,30"
2026-10-03 20:22,"17,6",62,"10,2","0,76","9,30"
2026-10-03 20:23,"17,6",62,"10,2","0,76","9,30"
2026-10-03 20:24,"17,6",62,"10,2","0,76","9,30"
2026-10-03 20:25,"17,6",62,"10,2","0,76","9,30"
2026-10-03 20:26,"17,6",62,"10,2","0,76","9,30"
2026-10-03 20:27,"17,6",62,"10,2","0,76","9,30"
2026-10-03 20:28,"17,6",62,"10,2","0,76","9,30"
2026-10-03 20:29,"17,6",62,"10,2","0,76","9,30"
2026-10-03 20:30,"17,6",62,"10,2","0,76","9,30"
2026-10-03 20:31,"17,6",62,"10,2","0,76","9,30"
2026-10-03 20:32,"17,6",62,"10,2","0,76","9,30"
2026-10-03 20:33,"17,6",62,"10,2","0,76","9,30"
2026-10-03 20:34,"17,6",62,"10,2","0,76","9,30"
2026-10-03 20:35,"17,6",62,"10,2","0,76","9,30"
2026-10-03 20:36,"17,6",62,"10,2","0,76","9,30"
2026-10-03 20:37,"17,6",63,"10,5","0,74","9,45"
2026-10-03 20:38,"17,6",63,"10,5","0,74","9,45"
2026-10-03 20:39,"17,6",63,"10,5","0,74","9,45"
2026-10-03 20:40,"17,6",63,"10,5","0,74","9,45"
2026-10-03 20:41,"17,6",63,"10,5","0,74","9,45"
2026-10-03 20:42,"17,6",63,"10,5","0,74","9,45"
2026-10-03 20:43,"17,6",63,"10,5","0,74","9,45"
2026-10-03 20:44,"17,6",63,"10,5","0,74","9,45"
2026-10-03 20:45,"17,6",63,"10,5","0,74","9,45"
2026-10-03 20:46,"17,6",63,"10,5","0,74","9,45"
2026-10-03 20:47,"17,6",63,"10,5","0,74","9,45"
2026-10-03 20:48,"17,6",63,"10,5","0,74","9,45"
2026-10-03 20:49,"17,6",63,"10,5","0,74","9,45"
2026-10-03 20:50,"17,6",63,"10,5","0,74","9,45"
2026-10-03 20:51,"17,6",63,"10,5","0,74","9,45"
2026-10-03 20:52,"17,7",63,"10,5","0,75","9,48"
2026-10-03 20:53,"17,7",64,"10,8","0,73","9,66"
2026-10-03 20:54,"17,7",64,"10,8","0,73","9,66"
2026-10-03 20:55,"17,7",64,"10,8","0,73","9,66"
2026-10-03 20:56,"17,7",64,"10,8","0,73","9,66"
2026-10-03 20:57,"17,7",64,"10,8","0,73","9,66"
2026-10-03 20:58,"17,7",64,"10,8","0,73","9,66"
2026-10-03 20:59,"17,7",64,"10,8","0,73","9,66"
2026-10-03 21:00,"17,7",64,"10,8","0,73","9,66"
2026-10-03 21:01,"17,7",64,"10,8","0,73","9,66"
2026-10-03 21:02,"17,7",64,"10,8","0,73","9,66"
2026-10-03 21:03,"17,7",64,"10,8","0,73","9,66"
2026-10-03 21:04,"17,7",64,"10,8","0,73","9,66"
2026-10-03 21:05,"17,7",64,"10,8","0,73","9,66"
2026-10-03 21:06,"17,7",64,"10,8","0,73","9,66"
2026-10-03 21:07,"17,7",64,"10,8","0,73","9,66"
2026-10-03 21:08,"17,7",64,"10,8","0,73","9,66"
2026-10-03 21:09,"17,7",64,"10,8","0,73","9,66"
2026-10-03 21:10,"17,7",64,"10,8","0,73","9,66"
2026-10-03 21:11,"17,7",64,"10,8","0,73","9,66"
2026-10-03 21:12,"17,7",64,"10,8","0,73","9,66"
2026-10-03 21:13,"17,7",64,"10,8","0,73","9,66"
2026-10-03 21:14,"17,7",64,"10,8","0,73","9,66"
2026-10-03 21:15,"17,7",64,"10,8","0,73","9,66"
2026-10-03 21:16,"17,7",64,"10,8","0,73","9,66"
2026-10-03 21:17,"17,7",64,"10,8","0,73","9,66"
2026-10-03 21:18,"17,7",64,"10,8","0,73","9,66"
2026-10-03 21:19,"17,7",64,"10,8","0,73","9,66"
2026-10-03 21:20,"17,7",64,"10,8","0,73","9,66"
2026-10-03 21:21,"17,7",64,"10,8","0,73","9,66"
2026-10-03 21:22,"17,7",64,"10,8","0,73","9,66"
2026-10-03 21:23,"17,7",64,"10,8","0,73","9,66"
2026-10-03 21:24,"17,7",64,"10,8","0,73","9,66"
2026-10-03 21:25,"17,7",64,"10,8","0,73","9,66"
2026-10-03 21:26,"17,7",64,"10,8","0,73","9,66"
2026-10-03 21:27,"17,7",64,"10,8","0,73","9,66"
2026-10-03 21:28,"17,7",63,"10,6","0,75","9,51"
2026-10-03 21:29,"17,7",63,"10,6","0,75","9,51"
2026-10-03 21:30,"17,7",63,"10,6","0,75","9,51"
2026-10-03 21:31,"17,7",63,"10,6","0,75","9,51"
2026-10-03 21:32,"17,7",63,"10,6","0,75","9,51"
2026-10-03 21:33,"17,7",63,"10,6","0,75","9,51"
2026-10-03 21:34,"17,7",63,"10,6","0,75","9,51"
2026-10-03 21:35,"17,7",63,"10,6","0,75","9,51"
2026-10-03 21:36,"17,7",63,"10,6","0,75","9,51"
2026-10-03 21:37,"17,7",63,"10,6","0,75","9,51"
2026-10-03 21:38,"17,7",63,"10,6","0,75","9,51"
2026-10-03 21:39,"17,7",63,"10,6","0,75","9,51"
2026-10-03 21:40,"17,7",63,"10,5","0,75","9,48"
2026-10-03 21:41,"17,6",63,"10,5","0,74","9,45"
2026-10-03 21:42,"17,6",63,"10,5","0,74","9,45"
2026-10-03 21:43,"17,6",63,"10,5","0,74","9,45"
2026-10-03 21:44,"17,6",63,"10,5","0,74","9,45"
2026-10-03 21:45,"17,6",63,"10,5","0,74","9,45"
2026-10-03 21:46,"17,6",63,"10,5","0,74","9,45"
2026-10-03 21:47,"17,6",63,"10,5","0,74","9,45"
2026-10-03 21:48,"17,6",63,"10,5","0,74","9,45"
2026-10-03 21:49,"17,6",63,"10,5","0,74","9,45"
2026-10-03 21:50,"17,6",63,"10,5","0,74","9,45"
2026-10-03 21:51,"17,6",63,"10,5","0,74","9,45"
2026-10-03 21:52,"17,6",63,"10,5","0,74","9,45"
2026-10-03 21:53,"17,6",63,"10,5","0,74","9,45"
2026-10-03 21:54,"17,6",63,"10,5","0,74","9,45"
2026-10-03 21:55,"17,6",63,"10,5","0,74","9,45"
2026-10-03 21:56,"17,6",63,"10,5","0,74","9,45"
2026-10-03 21:57,"17,6",63,"10,5","0,74","9,45"
2026-10-03 21:58,"17,6",63,"10,5","0,74","9,45"
2026-10-03 21:59,"17,6",63,"10,5","0,74","9,45"
2026-10-03 22:00,"17,6",63,"10,5","0,74","9,45"
2026-10-03 22:01,"17,6",63,"10,5","0,74","9,45"
2026-10-03 22:02,"17,6",63,"10,5","0,74","9,45"
2026-10-03 22:03,"17,6",63,"10,5","0,74","9,45"
2026-10-03 22:04,"17,6",63,"10,5","0,74","9,45"
2026-10-03 22:05,"17,6",63,"10,5","0,74","9,45"
2026-10-03 22:06,"17,6",63,"10,5","0,74","9,45"
2026-10-03 22:07,"17,6",63,"10,5","0,74","9,45"
2026-10-03 22:08,"17,6",63,"10,5","0,74","9,45"
2026-10-03 22:09,"17,6",63,"10,5","0,74","9,45"
2026-10-03 22:10,"17,6",63,"10,5","0,74","9,45"
2026-10-03 22:11,"17,6",63,"10,5","0,74","9,45"
2026-10-03 22:12,"17,6",63,"10,5","0,74","9,45"
2026-10-03 22:13,"17,6",63,"10,5","0,74","9,45"
2026-10-03 22:14,"17,7",63,"10,5","0,75","9,48"
2026-10-03 22:15,"17,7",63,"10,6","0,75","9,51"
2026-10-03 22:16,"17,7",63,"10,6","0,75","9,51"
2026-10-03 22:17,"17,7",63,"10,6","0,75","9,51"
2026-10-03 22:18,"17,7",63,"10,6","0,75","9,51"
2026-10-03 22:19,"17,7",63,"10,6","0,75","9,51"
2026-10-03 22:20,"17,7",63,"10,6","0,75","9,51"
2026-10-03 22:21,"17,7",63,"10,6","0,75","9,51"
2026-10-03 22:22,"17,7",63,"10,6","0,75","9,51"
2026-10-03 22:23,"17,7",63,"10,6","0,75","9,51"
2026-10-03 22:24,"17,7",63,"10,6","0,75","9,51"
2026-10-03 22:25,"17,7",63,"10,6","0,75","9,51"
2026-10-03 22:26,"17,7",63,"10,6","0,75","9,51"
2026-10-03 22:27,"17,7",63,"10,6","0,75","9,51"
2026-10-03 22:28,"17,7",63,"10,6","0,75","9,51"
2026-10-03 22:29,"17,7",63,"10,6","0,75","9,51"
2026-10-03 22:30,"17,7",63,"10,6","0,75","9,51"
2026-10-03 22:31,"17,7",63,"10,6","0,75","9,51"
2026-10-03 22:32,"17,7",63,"10,5","0,75","9,48"
2026-10-03 22:33,"17,6",63,"10,5","0,74","9,45"
2026-10-03 22:34,"17,6",63,"10,5","0,74","9,45"
2026-10-03 22:35,"17,6",63,"10,5","0,74","9,45"
2026-10-03 22:36,"17,6",63,"10,5","0,74","9,45"
2026-10-03 22:37,"17,6",63,"10,5","0,74","9,45"
2026-10-03 22:38,"17,6",63,"10,5","0,74","9,45"
2026-10-03 22:39,"17,6",63,"10,5","0,74","9,45"
2026-10-03 22:40,"17,6",63,"10,5","0,74","9,45"
2026-10-03 22:41,"17,6",63,"10,5","0,74","9,45"
2026-10-03 22:42,"17,6",63,"10,5","0,74","9,45"
2026-10-03 22:43,"17,6",63,"10,5","0,74","9,45"
2026-10-03 22:44,"17,6",63,"10,5","0,74","9,45"
2026-10-03 22:45,"17,6",63,"10,5","0,74","9,45"
2026-10-03 22:46,"17,6",63,"10,5","0,74","9,45"
2026-10-03 22:47,"17,6",63,"10,5","0,74","9,45"
2026-10-03 22:48,"17,6",63,"10,5","0,74","9,45"
2026-10-03 22:49,"17,6",63,"10,5","0,74","9,45"
2026-10-03 22:50,"17,6",63,"10,5","0,74","9,45"
2026-10-03 22:51,"17,6",63,"10,5","0,74","9,45"
2026-10-03 22:52,"17,6",63,"10,5","0,74","9,45"
2026-10-03 22:53,"17,6",63,"10,5","0,74","9,45"
2026-10-03 22:54,"17,6",63,"10,5","0,74","9,45"
2026-10-03 22:55,"17,6",63,"10,5","0,74","9,45"
2026-10-03 22:56,"17,6",63,"10,5","0,74","9,45"
2026-10-03 22:57,"17,6",63,"10,5","0,74","9,45"
2026-10-03 22:58,"17,6",63,"10,5","0,74","9,45"
2026-10-03 22:59,"17,6",63,"10,5","0,74","9,45"
2026-10-03 23:00,"17,6",63,"10,5","0,74","9,45"
2026-10-03 23:01,"17,6",63,"10,5","0,74","9,45"
2026-10-03 23:02,"17,6",63,"10,5","0,74","9,45"
2026-10-03 23:03,"17,6",63,"10,5","0,74","9,45"
2026-10-03 23:04,"17,6",63,"10,5","0,74","9,45"
2026-10-03 23:05,"17,6",63,"10,5","0,74","9,45"
2026-10-03 23:06,"17,6",63,"10,5","0,74","9,45"
2026-10-03 23:07,"17,6",63,"10,5","0,74","9,45"
2026-10-03 23:08,"17,6",63,"10,5","0,74","9,45"
2026-10-03 23:09,"17,6",63,"10,5","0,74","9,45"
2026-10-03 23:10,"17,6",63,"10,5","0,74","9,45"
2026-10-03 23:11,"17,6",63,"10,5","0,74","9,45"
2026-10-03 23:12,"17,6",63,"10,5","0,74","9,45"
2026-10-03 23:13,"17,6",63,"10,5","0,74","9,45"
2026-10-03 23:14,"17,6",63,"10,5","0,74","9,45"
2026-10-03 23:15,"17,6",63,"10,5","0,74","9,45"
2026-10-03 23:16,"17,6",63,"10,5","0,74","9,45"
2026-10-03 23:17,"17,6",63,"10,5","0,74","9,45"
2026-10-03 23:18,"17,6",63,"10,5","0,74","9,45"
2026-10-03 23:19,"17,6",63,"10,5","0,74","9,45"
2026-10-03 23:20,"17,6",63,"10,5","0,74","9,45"
2026-10-03 23:21,"17,6",63,"10,5","0,74","9,45"
2026-10-03 23:22,"17,6",63,"10,5","0,74","9,45"
2026-10-03 23:23,"17,6",63,"10,5","0,74","9,45"
2026-10-03 23:24,"17,6",63,"10,5","0,74","9,45"
2026-10-03 23:25,"17,6",63,"10,5","0,74","9,45"
2026-10-03 23:26,"17,6",63,"10,5","0,74","9,45"
2026-10-03 23:27,"17,6",63,"10,5","0,74","9,45"
2026-10-03 23:28,"17,6",63,"10,5","0,74","9,45"
2026-10-03 23:29,"17,6",63,"10,5","0,74","9,45"
2026-10-03 23:30,"17,6",63,"10,5","0,74","9,45"
2026-10-03 23:31,"17,6",63,"10,5","0,74","9,45"
2026-10-03 23:32,"17,6",63,"10,5","0,74","9,45"
2026-10-03 23:33,"17,6",63,"10,5","0,74","9,45"
2026-10-03 23:34,"17,6",63,"10,5","0,74","9,45"
2026-10-03 23:35,"17,6",63,"10,5","0,74","9,45"
2026-10-03 23:36,"17,6",63,"10,5","0,74","9,45"
2026-10-03 23:37,"17,6",63,"10,5","0,74","9,45"
2026-10-03 23:38,"17,6",63,"10,5","0,74","9,45"
2026-10-03 23:39,"17,6",63,"10,5","0,74","9,45"
2026-10-03 23:40,"17,6",63,"10,5","0,74","9,45"
2026-10-03 23:41,"17,6",63,"10,5","0,74","9,45"
2026-10-03 23:42,"17,6",63,"10,5","0,74","9,45"
2026-10-03 23:43,"17,6",63,"10,5","0,74","9,45"
2026-10-03 23:44,"17,6",63,"10,5","0,74","9,45"
2026-10-03 23:45,"17,6",63,"10,5","0,74","9,45"
2026-10-03 23:46,"17,6",63,"10,5","0,74","9,45"
2026-10-03 23:47,"17,6",63,"10,5","0,74","9,45"
2026-10-03 23:48,"17,6",63,"10,5","0,74","9,45"
2026-10-03 23:49,"17,6",63,"10,5","0,74","9,45"
2026-10-03 23:50,"17,6",63,"10,5","0,74","9,45"
2026-10-03 23:51,"17,6",63,"10,5","0,74","9,45"
2026-10-03 23:52,"17,5",63,"10,4","0,74","9,42"
2026-10-03 23:53,"17,5",63,"10,4","0,74","9,39"
2026-10-03 23:54,"17,5",63,"10,4","0,74","9,39"
2026-10-03 23:55,"17,5",63,"10,4","0,74","9,39"
2026-10-03 23:56,"17,5",63,"10,4","0,74","9,39"
2026-10-03 23:57,"17,5",63,"10,4","0,74","9,39"
2026-10-03 23:58,"17,5",63,"10,4","0,74","9,39"
2026-10-03 23:59,"17,5",63,"10,4","0,74","9,39"
2026-10-04 00:00,"17,5",63,"10,4","0,74","9,39"
2026-10-04 00:01,"17,5",63,"10,4","0,74","9,39"
2026-10-04 00:02,"17,5",63,"10,4","0,74","9,39"
2026-10-04 00:03,"17,5",63,"10,4","0,74","9,39"
2026-10-04 00:04,"17,5",63,"10,4","0,74","9,39"
2026-10-04 00:05,"17,5",63,"10,4","0,74","9,39"
2026-10-04 00:06,"17,5",63,"10,4","0,74","9,39"
2026-10-04 00:07,"17,5",63,"10,4","0,74","9,39"
2026-10-04 00:08,"17,5",63,"10,4","0,74","9,39"
2026-10-04 00:09,"17,5",63,"10,4","0,74","9,39"
2026-10-04 00:10,"17,5",63,"10,4","0,74","9,39"
2026-10-04 00:11,"17,5",63,"10,4","0,74","9,39"
2026-10-04 00:12,"17,5",63,"10,4","0,74","9,39"
2026-10-04 00:13,"17,5",63,"10,4","0,74","9,39"
2026-10-04 00:14,"17,5",63,"10,4","0,74","9,39"
2026-10-04 00:15,"17,5",63,"10,4","0,74","9,39"
2026-10-04 00:16,"17,5",63,"10,4","0,74","9,39"
2026-10-04 00:17,"17,5",63,"10,4","0,74","9,39"
2026-10-04 00:18,"17,5",63,"10,4","0,74","9,39"
2026-10-04 00:19,"17,5",63,"10,4","0,74","9,39"
2026-10-04 00:20,"17,5",63,"10,4","0,74","9,39"
2026-10-04 00:21,"17,5",63,"10,4","0,74","9,39"
2026-10-04 00:22,"17,5",63,"10,4","0,74","9,39"
2026-10-04 00:23,"17,5",63,"10,4","0,74","9,39"
2026-10-04 00:24,"17,5",63,"10,4","0,74","9,39"
2026-10-04 00:25,"17,5",63,"10,4","0,74","9,39"
2026-10-04 00:26,"17,5",63,"10,4","0,74","9,39"
2026-10-04 00:27,"17,5",63,"10,4","0,74","9,39"
2026-10-04 00:28,"17,5",63,"10,4","0,74","9,39"
2026-10-04 00:29,"17,5",63,"10,4","0,74","9,39"
2026-10-04 00:30,"17,5",63,"10,4","0,74","9,39"
2026-10-04 00:31,"17,5",63,"10,4","0,74","9,39"
2026-10-04 00:32,"17,5",63,"10,4","0,74","9,39"
2026-10-04 00:33,"17,5",63,"10,4","0,74","9,39"
2026-10-04 00:34,"17,5",63,"10,4","0,74","9,39"
2026-10-04 00:35,"17,5",63,"10,4","0,74","9,39"
2026-10-04 00:36,"17,5",63,"10,4","0,74","9,39"
2026-10-04 00:37,"17,5",63,"10,4","0,74","9,39"
2026-10-04 00:38,"17,5",63,"10,4","0,74","9,39"
2026-10-04 00:39,"17,5",63,"10,4","0,74","9,39"
2026-10-04 00:40,"17,5",63,"10,4","0,74","9,39"
2026-10-04 00:41,"17,5",63,"10,4","0,74","9,39"
2026-10-04 00:42,"17,5",63,"10,4","0,74","9,39"
2026-10-04 00:43,"17,5",63,"10,4","0,74","9,39"
2026-10-04 00:44,"17,5",63,"10,4","0,74","9,39"
2026-10-04 00:45,"17,5",63,"10,4","0,74","9,39"
2026-10-04 00:46,"17,5",63,"10,4","0,74","9,39"
2026-10-04 00:47,"17,5",63,"10,4","0,74","9,39"
2026-10-04 00:48,"17,5",63,"10,4","0,74","9,39"
2026-10-04 00:49,"17,5",63,"10,4","0,74","9,39"
2026-10-04 00:50,"17,5",63,"10,4","0,74","9,39"
2026-10-04 00:51,"17,5",63,"10,4","0,74","9,39"
2026-10-04 00:52,"17,5",63,"10,4","0,74","9,39"
2026-10-04 00:53,"17,5",63,"10,4","0,74","9,39"
2026-10-04 00:54,"17,5",63,"10,4","0,74","9,39"
2026-10-04 00:55,"17,5",63,"10,4","0,74","9,39"
2026-10-04 00:56,"17,5",63,"10,4","0,74","9,39"
2026-10-04 00:57,"17,5",64,"10,6","0,72","9,54"
2026-10-04 00:58,"17,5",64,"10,6","0,72","9,54"
2026-10-04 00:59,"17,5",64,"10,6","0,72","9,54"
2026-10-04 01:00,"17,5",64,"10,6","0,72","9,54"
2026-10-04 01:01,"17,5",64,"10,6","0,72","9,54"
2026-10-04 01:02,"17,5",64,"10,6","0,72","9,54"
2026-10-04 01:03,"17,5",64,"10,6","0,72","9,54"
2026-10-04 01:04,"17,5",64,"10,6","0,72","9,54"
2026-10-04 01:05,"17,5",64,"10,6","0,72","9,54"
2026-10-04 01:06,"17,5",64,"10,6","0,72","9,54"
2026-10-04 01:07,"17,5",64,"10,6","0,72","9,54"
2026-10-04 01:08,"17,5",64,"10,6","0,72","9,54"
2026-10-04 01:09,"17,5",64,"10,6","0,72","9,54"
2026-10-04 01:10,"17,5",64,"10,6","0,72","9,54"
2026-10-04 01:11,"17,5",64,"10,6","0,72","9,54"
2026-10-04 01:12,"17,5",64,"10,6","0,72","9,54"
2026-10-04 01:13,"17,5",64,"10,6","0,72","9,54"
2026-10-04 01:14,"17,5",64,"10,6","0,72","9,54"
2026-10-04 01:15,"17,5",64,"10,6","0,72","9,54"
2026-10-04 01:16,"17,5",64,"10,6","0,72","9,54"
2026-10-04 01:17,"17,5",64,"10,6","0,72","9,54"
2026-10-04 01:18,"17,5",64,"10,6","0,72","9,54"
2026-10-04 01:19,"17,5",64,"10,6","0,72","9,54"
2026-10-04 01:20,"17,5",64,"10,6","0,72","9,54"
2026-10-04 01:21,"17,5",64,"10,6","0,72","9,54"
2026-10-04 01:22,"17,5",64,"10,6","0,72","9,54"
2026-10-04 01:23,"17,5",64,"10,6","0,72","9,54"
2026-10-04 01:24,"17,5",64,"10,6","0,72","9,54"
2026-10-04 01:25,"17,5",64,"10,6","0,72","9,54"
2026-10-04 01:26,"17,5",64,"10,6","0,72","9,54"
2026-10-04 01:27,"17,5",64,"10,6","0,72","9,54"
2026-10-04 01:28,"17,5",64,"10,6","0,72","9,54"
2026-10-04 01:29,"17,5",64,"10,6","0,72","9,54"
2026-10-04 01:30,"17,5",64,"10,6","0,72","9,54"
2026-10-04 01:31,"17,5",64,"10,6","0,72","9,54"
2026-10-04 01:32,"17,5",64,"10,6","0,72","9,54"
2026-10-04 01:33,"17,5",64,"10,6","0,72","9,54"
2026-10-04 01:34,"17,5",64,"10,6","0,72","9,54"
2026-10-04 01:35,"17,5",64,"10,6","0,72","9,54"
2026-10-04 01:36,"17,5",64,"10,6","0,72","9,54"
2026-10-04 01:37,"17,5",64,"10,6","0,72","9,54"
2026-10-04 01:38,"17,5",64,"10,6","0,72","9,54"
2026-10-04 01:39,"17,5",64,"10,6","0,72","9,54"
2026-10-04 01:40,"17,5",64,"10,6","0,72","9,54"
2026-10-04 01:41,"17,5",64,"10,6","0,72","9,54"
2026-10-04 01:42,"17,5",64,"10,6","0,72","9,54"
2026-10-04 01:43,"17,5",64,"10,6","0,72","9,54"
2026-10-04 01:44,"17,5",64,"10,6","0,72","9,54"
2026-10-04 01:45,"17,5",64,"10,6","0,72","9,54"
2026-10-04 01:46,"17,5",64,"10,6","0,72","9,54"
2026-10-04 01:47,"17,5",64,"10,6","0,72","9,54"
2026-10-04 01:48,"17,5",64,"10,6","0,72","9,54"
2026-10-04 01:49,"17,5",64,"10,6","0,72","9,54"
2026-10-04 01:50,"17,5",64,"10,6","0,72","9,54"
2026-10-04 01:51,"17,5",64,"10,6","0,72","9,54"
2026-10-04 01:52,"17,5",64,"10,6","0,72","9,54"
2026-10-04 01:53,"17,5",64,"10,6","0,72","9,54"
2026-10-04 01:54,"17,5",64,"10,6","0,72","9,54"
2026-10-04 01:55,"17,5",64,"10,6","0,72","9,54"
2026-10-04 01:56,"17,5",64,"10,6","0,72","9,54"
2026-10-04 01:57,"17,5",64,"10,6","0,72","9,54"
2026-10-04 01:58,"17,5",64,"10,6","0,72","9,54"
2026-10-04 01:59,"17,5",64,"10,6","0,72","9,54"
2026-10-04 02:00,"17,5",64,"10,6","0,72","9,54"
2026-10-04 02:01,"17,5",64,"10,6","0,72","9,54"
2026-10-04 02:02,"17,5",64,"10,6","0,72","9,54"
2026-10-04 02:03,"17,5",64,"10,6","0,72","9,54"
2026-10-04 02:04,"17,5",64,"10,6","0,72","9,54"
2026-10-04 02:05,"17,5",64,"10,6","0,72","9,54"
2026-10-04 02:06,"17,5",64,"10,6","0,72","9,54"
2026-10-04 02:07,"17,5",64,"10,6","0,72","9,54"
2026-10-04 02:08,"17,5",64,"10,6","0,72","9,54"
2026-10-04 02:09,"17,5",64,"10,6","0,72","9,54"
2026-10-04 02:10,"17,5",64,"10,6","0,72","9,54"
2026-10-04 02:11,"17,5",64,"10,6","0,72","9,54"
2026-10-04 02:12,"17,5",64,"10,6","0,72","9,54"
2026-10-04 02:13,"17,5",64,"10,6","0,72","9,54"
2026-10-04 02:14,"17,5",64,"10,6","0,72","9,54"
2026-10-04 02:15,"17,5",64,"10,6","0,72","9,54"
2026-10-04 02:16,"17,5",64,"10,6","0,72","9,54"
2026-10-04 02:17,"17,5",64,"10,6","0,72","9,54"
2026-10-04 02:18,"17,5",64,"10,6","0,72","9,54"
2026-10-04 02:19,"17,5",64,"10,6","0,72","9,54"
2026-10-04 02:20,"17,5",64,"10,6","0,72","9,54"
2026-10-04 02:21,"17,5",64,"10,6","0,72","9,54"
2026-10-04 02:22,"17,5",64,"10,6","0,72","9,54"
2026-10-04 02:23,"17,5",64,"10,6","0,72","9,54"
2026-10-04 02:24,"17,5",64,"10,6","0,72","9,54"
2026-10-04 02:25,"17,5",64,"10,6","0,72","9,54"
2026-10-04 02:26,"17,5",64,"10,6","0,72","9,54"
2026-10-04 02:27,"17,5",64,"10,6","0,72","9,54"
2026-10-04 02:28,"17,5",64,"10,6","0,72","9,54"
2026-10-04 02:29,"17,5",64,"10,6","0,72","9,54"
2026-10-04 02:30,"17,5",64,"10,6","0,72","9,54"
2026-10-04 02:31,"17,5",64,"10,6","0,72","9,54"
2026-10-04 02:32,"17,5",64,"10,6","0,72","9,54"
2026-10-04 02:33,"17,5",64,"10,6","0,72","9,54"
2026-10-04 02:34,"17,5",64,"10,6","0,72","9,54"
2026-10-04 02:35,"17,5",64,"10,6","0,72","9,54"
2026-10-04 02:36,"17,5",64,"10,6","0,72","9,54"
2026-10-04 02:37,"17,5",64,"10,6","0,72","9,54"
2026-10-04 02:38,"17,5",64,"10,6","0,72","9,54"
2026-10-04 02:39,"17,5",64,"10,6","0,72","9,54"
2026-10-04 02:40,"17,5",64,"10,6","0,72","9,54"
2026-10-04 02:41,"17,5",64,"10,6","0,72","9,54"
2026-10-04 02:42,"17,5",64,"10,6","0,72","9,54"
2026-10-04 02:43,"17,5",64,"10,6","0,72","9,54"
2026-10-04 02:44,"17,5",64,"10,6","0,72","9,54"
2026-10-04 02:45,"17,5",64,"10,6","0,72","9,54"
2026-10-04 02:46,"17,5",64,"10,6","0,72","9,54"
2026-10-04 02:47,"17,5",64,"10,6","0,72","9,54"
2026-10-04 02:48,"17,5",64,"10,6","0,72","9,54"
2026-10-04 02:49,"17,5",64,"10,6","0,72","9,54"
2026-10-04 02:50,"17,5",64,"10,6","0,72","9,54"
2026-10-04 02:51,"17,5",64,"10,6","0,72","9,54"
2026-10-04 02:52,"17,5",64,"10,6","0,72","9,54"
2026-10-04 02:53,"17,5",64,"10,6","0,72","9,54"
2026-10-04 02:54,"17,5",64,"10,6","0,72","9,54"
2026-10-04 02:55,"17,5",64,"10,6","0,72","9,54"
2026-10-04 02:56,"17,5",64,"10,6","0,72","9,54"
2026-10-04 02:57,"17,5",64,"10,6","0,72","9,54"
2026-10-04 02:58,"17,5",64,"10,6","0,72","9,54"
2026-10-04 02:59,"17,5",64,"10,6","0,72","9,54"
2026-10-04 03:00,"17,5",64,"10,6","0,72","9,54"
2026-10-04 03:01,"17,5",64,"10,6","0,72","9,54"
2026-10-04 03:02,"17,5",64,"10,6","0,72","9,54"
2026-10-04 03:03,"17,5",64,"10,6","0,72","9,54"
2026-10-04 03:04,"17,5",64,"10,6","0,72","9,54"
2026-10-04 03:05,"17,5",64,"10,6","0,72","9,54"
2026-10-04 03:06,"17,5",64,"10,6","0,72","9,51"
2026-10-04 03:07,"17,4",64,"10,5","0,72","9,48"
2026-10-04 03:08,"17,4",64,"10,5","0,72","9,48"
2026-10-04 03:09,"17,4",64,"10,5","0,72","9,48"
2026-10-04 03:10,"17,4",64,"10,5","0,72","9,48"
2026-10-04 03:11,"17,4",64,"10,5","0,72","9,48"
2026-10-04 03:12,"17,4",64,"10,5","0,72","9,48"
2026-10-04 03:13,"17,4",64,"10,5","0,72","9,48"
2026-10-04 03:14,"17,4",64,"10,5","0,72","9,48"
2026-10-04 03:15,"17,4",64,"10,5","0,72","9,48"
2026-10-04 03:16,"17,4",64,"10,5","0,72","9,48"
2026-10-04 03:17,"17,4",64,"10,5","0,72","9,48"
2026-10-04 03:18,"17,4",64,"10,5","0,72","9,48"
2026-10-04 03:19,"17,4",64,"10,5","0,72","9,48"
2026-10-04 03:20,"17,4",64,"10,5","0,72","9,48"
2026-10-04 03:21,"17,4",64,"10,5","0,72","9,48"
2026-10-04 03:22,"17,4",64,"10,5","0,72","9,48"
2026-10-04 03:23,"17,4",64,"10,5","0,72","9,48"
2026-10-04 03:24,"17,4",64,"10,5","0,72","9,48"
2026-10-04 03:25,"17,4",64,"10,5","0,72","9,48"
2026-10-04 03:26,"17,4",64,"10,5","0,72","9,48"
2026-10-04 03:27,"17,4",64,"10,5","0,72","9,48"
2026-10-04 03:28,"17,4",64,"10,5","0,72","9,48"
2026-10-04 03:29,"17,4",64,"10,5","0,72","9,48"
2026-10-04 03:30,"17,4",64,"10,5","0,72","9,48"
2026-10-04 03:31,"17,4",64,"10,5","0,72","9,48"
2026-10-04 03:32,"17,4",64,"10,5","0,72","9,48"
2026-10-04 03:33,"17,4",64,"10,5","0,72","9,48"
2026-10-04 03:34,"17,4",64,"10,5","0,72","9,48"
2026-10-04 03:35,"17,4",64,"10,5","0,72","9,48"
2026-10-04 03:36,"17,4",64,"10,5","0,72","9,48"
2026-10-04 03:37,"17,4",64,"10,5","0,72","9,48"
2026-10-04 03:38,"17,4",64,"10,5","0,72","9,48"
2026-10-04 03:39,"17,4",64,"10,5","0,72","9,48"
2026-10-04 03:40,"17,4",64,"10,5","0,72","9,48"
2026-10-04 03:41,"17,4",64,"10,5","0,72","9,48"
2026-10-04 03:42,"17,4",64,"10,5","0,72","9,48"
2026-10-04 03:43,"17,4",64,"10,5","0,72","9,48"
2026-10-04 03:44,"17,4",64,"10,5","0,72","9,48"
2026-10-04 03:45,"17,4",64,"10,5","0,72","9,48"
2026-10-04 03:46,"17,4",64,"10,5","0,72","9,48"
2026-10-04 03:47,"17,4",64,"10,5","0,72","9,48"
2026-10-04 03:48,"17,4",64,"10,5","0,72","9,48"
2026-10-04 03:49,"17,4",64,"10,5","0,72","9,48"
2026-10-04 03:50,"17,4",64,"10,5","0,72","9,48"
2026-10-04 03:51,"17,4",64,"10,5","0,72","9,48"
2026-10-04 03:52,"17,4",64,"10,5","0,72","9,48"
2026-10-04 03:53,"17,4",64,"10,5","0,72","9,48"
2026-10-04 03:54,"17,4",64,"10,5","0,72","9,48"
2026-10-04 03:55,"17,4",64,"10,5","0,72","9,48"
2026-10-04 03:56,"17,4",64,"10,5","0,72","9,48"
2026-10-04 03:57,"17,4",64,"10,5","0,72","9,48"
2026-10-04 03:58,"17,4",64,"10,5","0,72","9,48"
2026-10-04 03:59,"17,4",64,"10,5","0,72","9,48"
2026-10-04 04:00,"17,4",64,"10,5","0,72","9,48"
2026-10-04 04:01,"17,4",64,"10,5","0,72","9,48"
2026-10-04 04:02,"17,4",64,"10,5","0,72","9,48"
2026-10-04 04:03,"17,4",64,"10,5","0,72","9,48"
2026-10-04 04:04,"17,4",64,"10,5","0,72","9,48"
2026-10-04 04:05,"17,4",64,"10,5","0,72","9,48"
2026-10-04 04:06,"17,4",64,"10,5","0,72","9,48"
2026-10-04 04:07,"17,4",64,"10,5","0,72","9,48"
2026-10-04 04:08,"17,4",64,"10,5","0,72","9,48"
2026-10-04 04:09,"17,4",64,"10,5","0,72","9,48"
2026-10-04 04:10,"17,4",64,"10,5","0,72","9,48"
2026-10-04 04:11,"17,4",64,"10,5","0,72","9,48"
2026-10-04 04:12,"17,4",64,"10,5","0,72","9,48"
2026-10-04 04:13,"17,4",64,"10,5","0,72","9,48"
2026-10-04 04:14,"17,4",64,"10,5","0,72","9,48"
2026-10-04 04:15,"17,4",64,"10,5","0,72","9,48"
2026-10-04 04:16,"17,4",64,"10,5","0,72","9,48"
2026-10-04 04:17,"17,4",64,"10,5","0,72","9,48"
2026-10-04 04:18,"17,4",64,"10,5","0,72","9,48"
2026-10-04 04:19,"17,4",64,"10,5","0,72","9,48"
2026-10-04 04:20,"17,4",64,"10,5","0,72","9,48"
2026-10-04 04:21,"17,4",64,"10,5","0,72","9,48"
2026-10-04 04:22,"17,4",64,"10,5","0,72","9,48"
2026-10-04 04:23,"17,4",64,"10,5","0,72","9,48"
2026-10-04 04:24,"17,4",64,"10,5","0,72","9,48"
2026-10-04 04:25,"17,4",64,"10,5","0,72","9,48"
2026-10-04 04:26,"17,4",64,"10,5","0,72","9,48"
2026-10-04 04:27,"17,4",64,"10,5","0,72","9,48"
2026-10-04 04:28,"17,4",64,"10,5","0,72","9,48"
2026-10-04 04:29,"17,4",64,"10,5","0,72","9,48"
2026-10-04 04:30,"17,4",64,"10,5","0,72","9,48"
2026-10-04 04:31,"17,4",64,"10,5","0,72","9,48"
2026-10-04 04:32,"17,4",64,"10,5","0,72","9,48"
2026-10-04 04:33,"17,4",64,"10,5","0,72","9,48"
2026-10-04 04:34,"17,4",64,"10,5","0,72","9,48"
2026-10-04 04:35,"17,4",64,"10,5","0,72","9,48"
2026-10-04 04:36,"17,4",64,"10,5","0,72","9,48"
2026-10-04 04:37,"17,4",64,"10,5","0,72","9,48"
2026-10-04 04:38,"17,4",64,"10,5","0,72","9,48"
2026-10-04 04:39,"17,4",64,"10,5","0,72","9,48"
2026-10-04 04:40,"17,4",64,"10,5","0,72","9,48"
2026-10-04 04:41,"17,4",64,"10,5","0,72","9,48"
2026-10-04 04:42,"17,4",64,"10,5","0,72","9,48"
2026-10-04 04:43,"17,4",64,"10,5","0,72","9,48"
2026-10-04 04:44,"17,4",64,"10,5","0,72","9,48"
2026-10-04 04:45,"17,4",64,"10,5","0,72","9,48"
2026-10-04 04:46,"17,4",64,"10,5","0,72","9,48"
2026-10-04 04:47,"17,4",64,"10,5","0,72","9,48"
2026-10-04 04:48,"17,4",64,"10,5","0,72","9,48"
2026-10-04 04:49,"17,4",64,"10,5","0,72","9,48"
2026-10-04 04:50,"17,4",64,"10,5","0,72","9,48"
2026-10-04 04:51,"17,4",64,"10,5","0,72","9,48"
2026-10-04 04:52,"17,4",64,"10,5","0,72","9,48"
2026-10-04 04:53,"17,4",64,"10,5","0,72","9,48"
2026-10-04 04:54,"17,4",64,"10,5","0,72","9,48"
2026-10-04 04:55,"17,4",64,"10,5","0,72","9,48"
2026-10-04 04:56,"17,4",64,"10,5","0,72","9,48"
2026-10-04 04:57,"17,4",64,"10,5","0,72","9,48"
2026-10-04 04:58,"17,4",64,"10,5","0,72","9,48"
2026-10-04 04:59,"17,4",64,"10,5","0,72","9,48"
2026-10-04 05:00,"17,4",64,"10,5","0,72","9,48"
2026-10-04 05:01,"17,4",64,"10,5","0,72","9,48"
2026-10-04 05:02,"17,4",64,"10,5","0,72","9,48"
2026-10-04 05:03,"17,4",64,"10,5","0,72","9,48"
2026-10-04 05:04,"17,4",64,"10,5","0,72","9,48"
2026-10-04 05:05,"17,4",64,"10,5","0,72","9,48"
2026-10-04 05:06,"17,4",64,"10,5","0,72","9,48"
2026-10-04 05:07,"17,4",64,"10,5","0,72","9,48"
2026-10-04 05:08,"17,4",64,"10,5","0,72","9,48"
2026-10-04 05:09,"17,4",64,"10,5","0,72","9,48"
2026-10-04 05:10,"17,4",64,"10,5","0,72","9,48"
2026-10-04 05:11,"17,4",64,"10,5","0,72","9,48"
2026-10-04 05:12,"17,4",64,"10,5","0,72","9,48"
2026-10-04 05:13,"17,4",64,"10,5","0,72","9,48"
2026-10-04 05:14,"17,4",64,"10,5","0,72","9,48"
2026-10-04 05:15,"17,4",64,"10,5","0,72","9,48"
2026-10-04 05:16,"17,3",64,"10,5","0,71","9,46"
2026-10-04 05:17,"17,3",64,"10,4","0,71","9,43"
2026-10-04 05:18,"17,3",64,"10,4","0,71","9,43"
2026-10-04 05:19,"17,3",64,"10,4","0,71","9,43"
2026-10-04 05:20,"17,3",64,"10,4","0,71","9,43"
2026-10-04 05:21,"17,3",64,"10,4","0,71","9,43"
2026-10-04 05:22,"17,3",64,"10,4","0,71","9,43"
2026-10-04 05:23,"17,3",64,"10,4","0,71","9,43"
2026-10-04 05:24,"17,3",64,"10,4","0,71","9,43"
2026-10-04 05:25,"17,3",64,"10,4","0,71","9,43"
2026-10-04 05:26,"17,3",64,"10,4","0,71","9,43"
2026-10-04 05:27,"17,3",64,"10,4","0,71","9,43"
2026-10-04 05:28,"17,3",64,"10,4","0,71","9,43"
2026-10-04 05:29,"17,3",64,"10,4","0,71","9,43"
2026-10-04 05:30,"17,3",64,"10,4","0,71","9,43"
2026-10-04 05:31,"17,3",64,"10,4","0,71","9,43"
2026-10-04 05:32,"17,3",64,"10,4","0,71","9,43"
2026-10-04 05:33,"17,3",64,"10,4","0,71","9,43"
2026-10-04 05:34,"17,3",64,"10,4","0,71","9,43"
2026-10-04 05:35,"17,3",64,"10,4","0,71","9,43"
2026-10-04 05:36,"17,3",64,"10,4","0,71","9,43"
2026-10-04 05:37,"17,3",64,"10,4","0,71","9,43"
2026-10-04 05:38,"17,3",64,"10,4","0,71","9,43"
2026-10-04 05:39,"17,3",64,"10,4","0,71","9,43"
2026-10-04 05:40,"17,3",64,"10,4","0,71","9,43"
2026-10-04 05:41,"17,3",64,"10,4","0,71","9,43"
2026-10-04 05:42,"17,3",64,"10,4","0,71","9,43"
2026-10-04 05:43,"17,3",64,"10,4","0,71","9,43"
2026-10-04 05:44,"17,3",64,"10,4","0,71","9,43"
2026-10-04 05:45,"17,3",64,"10,4","0,71","9,43"
2026-10-04 05:46,"17,3",64,"10,4","0,71","9,43"
2026-10-04 05:47,"17,3",64,"10,4","0,71","9,43"
2026-10-04 05:48,"17,3",64,"10,4","0,71","9,43"
2026-10-04 05:49,"17,3",64,"10,4","0,71","9,43"
2026-10-04 05:50,"17,3",64,"10,4","0,71","9,43"
2026-10-04 05:51,"17,3",64,"10,4","0,71","9,43"
2026-10-04 05:52,"17,3",64,"10,4","0,71","9,43"
2026-10-04 05:53,"17,3",64,"10,4","0,71","9,43"
2026-10-04 05:54,"17,3",64,"10,4","0,71","9,43"
2026-10-04 05:55,"17,3",64,"10,4","0,71","9,43"
2026-10-04 05:56,"17,3",64,"10,4","0,71","9,43"
2026-10-04 05:57,"17,3",64,"10,4","0,71","9,43"
2026-10-04 05:58,"17,3",64,"10,4","0,71","9,43"
2026-10-04 05:59,"17,3",64,"10,4","0,71","9,43"
2026-10-04 06:00,"17,3",64,"10,4","0,71","9,43"
2026-10-04 06:01,"17,3",64,"10,4","0,71","9,43"
2026-10-04 06:02,"17,3",64,"10,4","0,71","9,43"
2026-10-04 06:03,"17,3",64,"10,4","0,71","9,43"
2026-10-04 06:04,"17,3",64,"10,4","0,71","9,43"
2026-10-04 06:05,"17,3",64,"10,4","0,71","9,43"
2026-10-04 06:06,"17,3",64,"10,4","0,71","9,43"
2026-10-04 06:07,"17,3",64,"10,4","0,71","9,43"
2026-10-04 06:08,"17,3",64,"10,4","0,71","9,43"
2026-10-04 06:09,"17,3",64,"10,4","0,71","9,43"
2026-10-04 06:10,"17,3",64,"10,4","0,71","9,43"
2026-10-04 06:11,"17,3",64,"10,4","0,71","9,43"
2026-10-04 06:12,"17,3",64,"10,4","0,71","9,43"
2026-10-04 06:13,"17,3",64,"10,4","0,71","9,43"
2026-10-04 06:14,"17,3",64,"10,4","0,71","9,43"
2026-10-04 06:15,"17,3",64,"10,4","0,71","9,43"
2026-10-04 06:16,"17,3",64,"10,4","0,71","9,43"
2026-10-04 06:17,"17,3",64,"10,4","0,71","9,43"
2026-10-04 06:18,"17,3",64,"10,4","0,71","9,43"
2026-10-04 06:19,"17,3",64,"10,4","0,71","9,43"
2026-10-04 06:20,"17,3",64,"10,4","0,71","9,43"
2026-10-04 06:21,"17,3",64,"10,4","0,71","9,43"
2026-10-04 06:22,"17,3",64,"10,4","0,71","9,43"
2026-10-04 06:23,"17,3",64,"10,4","0,71","9,43"
2026-10-04 06:24,"17,3",64,"10,4","0,71","9,43"
2026-10-04 06:25,"17,3",64,"10,4","0,71","9,43"
2026-10-04 06:26,"17,3",64,"10,4","0,71","9,43"
2026-10-04 06:27,"17,3",64,"10,4","0,71","9,43"
2026-10-04 06:28,"17,3",64,"10,4","0,71","9,43"
2026-10-04 06:29,"17,3",64,"10,4","0,71","9,43"
2026-10-04 06:30,"17,3",64,"10,4","0,71","9,43"
2026-10-04 06:31,"17,3",64,"10,4","0,71","9,43"
2026-10-04 06:32,"17,3",64,"10,4","0,71","9,43"
2026-10-04 06:33,"17,3",64,"10,4","0,71","9,43"
2026-10-04 06:34,"17,3",64,"10,4","0,71","9,43"
2026-10-04 06:35,"17,3",64,"10,4","0,71","9,43"
2026-10-04 06:36,"17,3",64,"10,4","0,71","9,43"
2026-10-04 06:37,"17,3",64,"10,4","0,71","9,43"
2026-10-04 06:38,"17,3",64,"10,4","0,71","9,43"
2026-10-04 06:39,"17,3",64,"10,4","0,71","9,43"
2026-10-04 06:40,"17,3",64,"10,4","0,71","9,43"
2026-10-04 06:41,"17,3",64,"10,4","0,71","9,43"
2026-10-04 06:42,"17,3",64,"10,4","0,71","9,43"
2026-10-04 06:43,"17,3",64,"10,4","0,71","9,43"
2026-10-04 06:44,"17,3",64,"10,4","0,71","9,43"
2026-10-04 06:45,"17,3",64,"10,4","0,71","9,43"
2026-10-04 06:46,"17,3",64,"10,4","0,71","9,43"
2026-10-04 06:47,"17,3",64,"10,4","0,71","9,43"
2026-10-04 06:48,"17,3",64,"10,4","0,71","9,43"
2026-10-04 06:49,"17,3",64,"10,4","0,71","9,43"
2026-10-04 06:50,"17,3",64,"10,4","0,71","9,43"
2026-10-04 06:51,"17,3",64,"10,4","0,71","9,43"
2026-10-04 06:52,"17,3",64,"10,4","0,71","9,43"
2026-10-04 06:53,"17,3",64,"10,4","0,71","9,43"
2026-10-04 06:54,"17,3",64,"10,4","0,71","9,43"
2026-10-04 06:55,"17,3",64,"10,4","0,71","9,43"
2026-10-04 06:56,"17,3",64,"10,4","0,71","9,43"
2026-10-04 06:57,"17,3",64,"10,4","0,71","9,43"
2026-10-04 06:58,"17,3",64,"10,4","0,71","9,43"
2026-10-04 06:59,"17,3",64,"10,4","0,71","9,43"
2026-10-04 07:00,"17,3",64,"10,4","0,71","9,43"
2026-10-04 07:01,"17,3",64,"10,4","0,71","9,43"
2026-10-04 07:02,"17,3",64,"10,4","0,71","9,43"
2026-10-04 07:03,"17,3",64,"10,4","0,71","9,43"
2026-10-04 07:04,"17,3",64,"10,4","0,71","9,43"
2026-10-04 07:05,"17,3",64,"10,4","0,71","9,43"
2026-10-04 07:06,"17,3",64,"10,4","0,71","9,43"
2026-10-04 07:07,"17,3",64,"10,4","0,71","9,43"
2026-10-04 07:08,"17,3",64,"10,4","0,71","9,43"
2026-10-04 07:09,"17,3",64,"10,4","0,71","9,43"
2026-10-04 07:10,"17,3",64,"10,4","0,71","9,43"
2026-10-04 07:11,"17,3",64,"10,4","0,71","9,43"
2026-10-04 07:12,"17,3",64,"10,4","0,71","9,43"
2026-10-04 07:13,"17,3",64,"10,4","0,71","9,43"
2026-10-04 07:14,"17,3",64,"10,4","0,71","9,43"
2026-10-04 07:15,"17,3",64,"10,4","0,71","9,43"
2026-10-04 07:16,"17,3",64,"10,4","0,71","9,43"
2026-10-04 07:17,"17,3",64,"10,4","0,71","9,43"
2026-10-04 07:18,"17,3",64,"10,4","0,71","9,43"
2026-10-04 07:19,"17,3",64,"10,4","0,71","9,43"
2026-10-04 07:20,"17,3",64,"10,4","0,71","9,43"
2026-10-04 07:21,"17,3",64,"10,4","0,71","9,43"
2026-10-04 07:22,"17,3",64,"10,4","0,71","9,43"
2026-10-04 07:23,"17,3",64,"10,4","0,71","9,43"
2026-10-04 07:24,"17,3",64,"10,4","0,71","9,43"
2026-10-04 07:25,"17,3",64,"10,4","0,71","9,43"
2026-10-04 07:26,"17,3",64,"10,4","0,71","9,43"
2026-10-04 07:27,"17,3",64,"10,4","0,71","9,43"
2026-10-04 07:28,"17,3",64,"10,4","0,71","9,43"
2026-10-04 07:29,"17,3",64,"10,4","0,71","9,43"
2026-10-04 07:30,"17,3",64,"10,4","0,71","9,43"
2026-10-04 07:31,"17,3",64,"10,4","0,71","9,43"
2026-10-04 07:32,"17,3",64,"10,4","0,71","9,40"
2026-10-04 07:33,"17,2",64,"10,3","0,71","9,37"
2026-10-04 07:34,"17,2",64,"10,3","0,71","9,37"
2026-10-04 07:35,"17,2",64,"10,3","0,71","9,37"
2026-10-04 07:36,"17,2",64,"10,3","0,71","9,37"
2026-10-04 07:37,"17,2",64,"10,3","0,71","9,37"
2026-10-04 07:38,"17,2",64,"10,3","0,71","9,37"
2026-10-04 07:39,"17,2",64,"10,3","0,71","9,37"
2026-10-04 07:40,"17,2",64,"10,3","0,71","9,37"
2026-10-04 07:41,"17,2",64,"10,3","0,71","9,37"
2026-10-04 07:42,"17,2",64,"10,3","0,71","9,37"
2026-10-04 07:43,"17,2",64,"10,3","0,71","9,37"
2026-10-04 07:44,"17,2",64,"10,3","0,71","9,37"
2026-10-04 07:45,"17,2",64,"10,3","0,71","9,37"
2026-10-04 07:46,"17,2",64,"10,3","0,71","9,37"
2026-10-04 07:47,"17,2",64,"10,3","0,71","9,37"
2026-10-04 07:48,"17,2",64,"10,3","0,71","9,37"
2026-10-04 07:49,"17,2",64,"10,3","0,71","9,37"
2026-10-04 07:50,"17,2",64,"10,3","0,71","9,37"
2026-10-04 07:51,"17,2",64,"10,3","0,71","9,37"
2026-10-04 07:52,"17,2",64,"10,3","0,71","9,37"
2026-10-04 07:53,"17,2",64,"10,3","0,71","9,37"
2026-10-04 07:54,"17,2",64,"10,3","0,71","9,37"
2026-10-04 07:55,"17,2",64,"10,3","0,71","9,37"
2026-10-04 07:56,"17,2",64,"10,3","0,71","9,37"
2026-10-04 07:57,"17,2",64,"10,3","0,71","9,37"
2026-10-04 07:58,"17,2",64,"10,3","0,71","9,37"
2026-10-04 07:59,"17,2",64,"10,3","0,71","9,37"
2026-10-04 08:00,"17,2",64,"10,3","0,71","9,37"
2026-10-04 08:01,"17,2",64,"10,3","0,71","9,37"
2026-10-04 08:02,"17,2",64,"10,3","0,71","9,37"
2026-10-04 08:03,"17,2",64,"10,3","0,71","9,37"
2026-10-04 08:04,"17,2",64,"10,3","0,71","9,37"
2026-10-04 08:05,"17,2",64,"10,3","0,71","9,37"
2026-10-04 08:06,"17,2",64,"10,3","0,71","9,37"
2026-10-04 08:07,"17,2",64,"10,3","0,71","9,37"
2026-10-04 08:08,"17,2",64,"10,3","0,71","9,37"
2026-10-04 08:09,"17,2",64,"10,3","0,71","9,37"
2026-10-04 08:10,"17,2",64,"10,3","0,71","9,37"
2026-10-04 08:11,"17,2",64,"10,3","0,71","9,37"
2026-10-04 08:12,"17,2",64,"10,3","0,71","9,37"
2026-10-04 08:13,"17,2",64,"10,3","0,71","9,37"
2026-10-04 08:14,"17,2",64,"10,3","0,71","9,37"
2026-10-04 08:15,"17,2",64,"10,3","0,71","9,37"
2026-10-04 08:16,"17,2",64,"10,3","0,71","9,37"
2026-10-04 08:17,"17,2",64,"10,3","0,71","9,37"
2026-10-04 08:18,"18,0",65,"11,4","0,72","10,01"
2026-10-04 08:19,"18,9",66,"12,4","0,74","10,69"
2026-10-04 08:20,"19,3",64,"12,3","0,81","10,62"
2026-10-04 08:21,"19,7",63,"12,5","0,85","10,70"
2026-10-04 08:22,"20,0",62,"12,5","0,89","10,71"
2026-10-04 08:23,"20,3",61,"12,5","0,93","10,73"
2026-10-04 08:24,"20,5",61,"12,7","0,94","10,85"
2026-10-04 08:25,"20,7",61,"12,9","0,95","10,98"
2026-10-04 08:26,"20,9",61,"13,1","0,96","11,11"
2026-10-04 08:27,"21,1",61,"13,3","0,98","11,24"
2026-10-04 08:28,"21,3",61,"13,5","0,99","11,37"
2026-10-04 08:29,"21,5",61,"13,7","1,00","11,50"
2026-10-04 08:30,"21,6",60,"13,5","1,03","11,38"
2026-10-04 08:31,"21,7",59,"13,3","1,06","11,25"
2026-10-04 08:32,"21,8",59,"13,4","1,07","11,32"
2026-10-04 08:33,"21,9",59,"13,5","1,08","11,39"
2026-10-04 08:34,"22,0",59,"13,7","1,09","11,48"
2026-10-04 08:35,"22,2",59,"13,8","1,10","11,58"
2026-10-04 08:36,"22,3",57,"13,4","1,16","11,26"
2026-10-04 08:37,"22,4",56,"13,2","1,19","11,12"
2026-10-04 08:38,"22,2",51,"11,6","1,31","10,01"
2026-10-04 08:39,"22,0",47,"10,2","1,40","9,12"
2026-10-04 08:40,"21,9",52,"11,6","1,26","10,03"
2026-10-04 08:41,"21,8",57,"12,9","1,12","10,94"
2026-10-04 08:42,"21,6",58,"13,0","1,08","11,00"
2026-10-04 08:43,"21,4",59,"13,1","1,04","11,06"
2026-10-04 08:44,"20,8",53,"10,9","1,15","9,60"
2026-10-04 08:45,"20,2",48,"8,8","1,23","8,39"
2026-10-04 08:46,"20,0",49,"9,0","1,19","8,47"
2026-10-04 08:47,"19,8",50,"9,1","1,15","8,54"
2026-10-04 08:48,"19,6",50,"8,9","1,14","8,44"
2026-10-04 08:49,"19,4",51,"9,0","1,10","8,51"
2026-10-04 08:50,"19,3",51,"8,9","1,09","8,43"
2026-10-04 08:51,"19,1",51,"8,7","1,08","8,36"
2026-10-04 08:52,"19,0",51,"8,6","1,07","8,29"
2026-10-04 08:53,"18,8",52,"8,7","1,04","8,37"
2026-10-04 08:54,"18,7",52,"8,6","1,04","8,33"
2026-10-04 08:55,"18,6",52,"8,5","1,03","8,28"
2026-10-04 08:56,"18,5",52,"8,5","1,03","8,25"
2026-10-04 08:57,"18,5",53,"8,7","1,00","8,39"
2026-10-04 08:58,"18,5",53,"8,7","1,00","8,36"
2026-10-04 08:59,"18,4",53,"8,6","0,99","8,34"
2026-10-04 09:00,"18,3",53,"8,6","0,99","8,31"
2026-10-04 09:01,"18,3",53,"8,5","0,99","8,29"
2026-10-04 09:02,"18,3",53,"8,5","0,99","8,26"
2026-10-04 09:03,"18,2",53,"8,5","0,98","8,24"
2026-10-04 09:04,"18,2",53,"8,4","0,98","8,21"
2026-10-04 09:05,"18,1",54,"8,6","0,96","8,34"
2026-10-04 09:06,"18,1",54,"8,6","0,96","8,34"
2026-10-04 09:07,"18,1",54,"8,6","0,96","8,34"
2026-10-04 09:08,"18,0",54,"8,6","0,95","8,32"
2026-10-04 09:09,"18,0",54,"8,5","0,95","8,29"
2026-10-04 09:10,"18,0",54,"8,5","0,95","8,29"
2026-10-04 09:11,"18,0",54,"8,5","0,95","8,29"
2026-10-04 09:12,"18,0",54,"8,5","0,95","8,27"
2026-10-04 09:13,"17,9",55,"8,7","0,92","8,40"
2026-10-04 09:14,"17,9",55,"8,7","0,92","8,40"
2026-10-04 09:15,"17,9",55,"8,7","0,92","8,40"
2026-10-04 09:16,"17,9",55,"8,7","0,92","8,40"
2026-10-04 09:17,"17,9",55,"8,7","0,92","8,40"
2026-10-04 09:18,"17,8",55,"8,7","0,92","8,37"
2026-10-04 09:19,"17,8",55,"8,6","0,92","8,35"
2026-10-04 09:20,"17,8",55,"8,6","0,92","8,35"
2026-10-04 09:21,"17,8",55,"8,6","0,92","8,35"
2026-10-04 09:22,"17,8",55,"8,6","0,92","8,35"
2026-10-04 09:23,"17,8",55,"8,6","0,92","8,35"
2026-10-04 09:24,"17,8",55,"8,6","0,92","8,35"
2026-10-04 09:25,"17,8",55,"8,6","0,92","8,35"
2026-10-04 09:26,"17,8",55,"8,6","0,92","8,35"
2026-10-04 09:27,"17,8",55,"8,6","0,92","8,35"
2026-10-04 09:28,"17,8",55,"8,6","0,92","8,35"
2026-10-04 09:29,"17,8",55,"8,6","0,92","8,35"
2026-10-04 09:30,"17,8",55,"8,6","0,92","8,35"
2026-10-04 09:31,"17,8",56,"8,9","0,90","8,50"
2026-10-04 09:32,"17,8",56,"8,9","0,89","8,47"
2026-10-04 09:33,"17,7",56,"8,8","0,89","8,45"
2026-10-04 09:34,"17,7",56,"8,8","0,89","8,45"
2026-10-04 09:35,"17,7",56,"8,8","0,89","8,45"
2026-10-04 09:36,"17,7",56,"8,8","0,89","8,45"
2026-10-04 09:37,"17,7",56,"8,8","0,89","8,45"
2026-10-04 09:38,"17,7",56,"8,8","0,89","8,45"
2026-10-04 09:39,"17,7",56,"8,8","0,89","8,45"
2026-10-04 09:40,"17,7",56,"8,8","0,89","8,45"
2026-10-04 09:41,"17,7",56,"8,8","0,89","8,45"
2026-10-04 09:42,"17,7",56,"8,8","0,89","8,45"
2026-10-04 09:43,"17,7",56,"8,8","0,89","8,45"
2026-10-04 09:44,"17,7",56,"8,8","0,89","8,45"
2026-10-04 09:45,"17,7",56,"8,8","0,89","8,45"
2026-10-04 09:46,"17,7",56,"8,8","0,89","8,45"
2026-10-04 09:47,"17,7",56,"8,8","0,89","8,45"
2026-10-04 09:48,"17,7",56,"8,8","0,89","8,45"
2026-10-04 09:49,"17,7",56,"8,8","0,89","8,45"
2026-10-04 09:50,"17,7",56,"8,8","0,89","8,45"
2026-10-04 09:51,"17,7",56,"8,8","0,89","8,45"
2026-10-04 09:52,"17,7",56,"8,8","0,89","8,45"
2026-10-04 09:53,"17,7",56,"8,8","0,89","8,45"
2026-10-04 09:54,"17,7",56,"8,8","0,89","8,45"
2026-10-04 09:55,"17,7",56,"8,8","0,89","8,45"
2026-10-04 09:56,"17,7",56,"8,8","0,89","8,45"
2026-10-04 09:57,"17,7",57,"9,1","0,87","8,60"
2026-10-04 09:58,"17,7",57,"9,1","0,87","8,60"
2026-10-04 09:59,"17,7",57,"9,1","0,87","8,60"
2026-10-04 10:00,"17,7",57,"9,1","0,87","8,60"
2026-10-04 10:01,"17,7",57,"9,1","0,87","8,60"
2026-10-04 10:02,"17,7",57,"9,1","0,87","8,60"
2026-10-04 10:03,"17,7",57,"9,1","0,87","8,60"
2026-10-04 10:04,"17,7",57,"9,1","0,87","8,60"
2026-10-04 10:05,"17,7",57,"9,1","0,87","8,60"
2026-10-04 10:06,"17,7",57,"9,1","0,87","8,60"
2026-10-04 10:07,"17,7",57,"9,1","0,87","8,60"
2026-10-04 10:08,"17,7",57,"9,1","0,87","8,60"
2026-10-04 10:09,"17,7",57,"9,1","0,87","8,60"
2026-10-04 10:10,"17,7",57,"9,1","0,87","8,60"
2026-10-04 10:11,"17,7",57,"9,1","0,87","8,60"
2026-10-04 10:12,"17,7",57,"9,1","0,87","8,60"
2026-10-04 10:13,"17,7",57,"9,1","0,87","8,60"
2026-10-04 10:14,"17,7",57,"9,1","0,87","8,60"
2026-10-04 10:15,"17,7",57,"9,1","0,87","8,60"
2026-10-04 10:16,"17,7",57,"9,1","0,87","8,60"
2026-10-04 10:17,"17,7",57,"9,1","0,87","8,60"
2026-10-04 10:18,"17,7",57,"9,1","0,87","8,60"
2026-10-04 10:19,"17,7",57,"9,1","0,87","8,60"
2026-10-04 10:20,"17,7",57,"9,1","0,87","8,60"
2026-10-04 10:21,"17,7",57,"9,1","0,87","8,60"
2026-10-04 10:22,"17,7",57,"9,1","0,87","8,60"
2026-10-04 10:23,"17,7",57,"9,1","0,87","8,60"
2026-10-04 10:24,"17,7",57,"9,1","0,87","8,60"
2026-10-04 10:25,"17,7",57,"9,1","0,87","8,60"
2026-10-04 10:26,"17,7",57,"9,1","0,87","8,60"
2026-10-04 10:27,"17,7",57,"9,1","0,87","8,60"
2026-10-04 10:28,"17,7",57,"9,1","0,87","8,60"
2026-10-04 10:29,"17,7",57,"9,1","0,87","8,60"
2026-10-04 10:30,"17,7",57,"9,1","0,87","8,60"
2026-10-04 10:31,"17,7",57,"9,1","0,87","8,60"
2026-10-04 10:32,"17,7",57,"9,1","0,87","8,60"
2026-10-04 10:33,"17,7",58,"9,3","0,85","8,75"
2026-10-04 10:34,"17,7",58,"9,3","0,85","8,75"
2026-10-04 10:35,"17,7",58,"9,3","0,85","8,75"
2026-10-04 10:36,"17,7",58,"9,3","0,85","8,75"
2026-10-04 10:37,"17,7",58,"9,3","0,85","8,75"
2026-10-04 10:38,"17,7",58,"9,3","0,85","8,75"
2026-10-04 10:39,"17,7",58,"9,3","0,85","8,75"
2026-10-04 10:40,"17,7",58,"9,3","0,85","8,75"
2026-10-04 10:41,"17,7",58,"9,3","0,85","8,75"
2026-10-04 10:42,"17,8",58,"9,4","0,85","8,78"
2026-10-04 10:43,"17,8",58,"9,4","0,86","8,80"
2026-10-04 10:44,"17,8",58,"9,4","0,86","8,80"
2026-10-04 10:45,"17,8",58,"9,4","0,86","8,80"
2026-10-04 10:46,"17,8",58,"9,4","0,86","8,80"
2026-10-04 10:47,"17,8",58,"9,4","0,86","8,80"
2026-10-04 10:48,"17,8",58,"9,4","0,86","8,80"
2026-10-04 10:49,"17,8",58,"9,4","0,86","8,80"
2026-10-04 10:50,"17,8",58,"9,4","0,86","8,80"
2026-10-04 10:51,"17,8",58,"9,4","0,86","8,80"
2026-10-04 10:52,"17,8",58,"9,4","0,86","8,80"
2026-10-04 10:53,"17,8",58,"9,4","0,86","8,80"
2026-10-04 10:54,"17,8",58,"9,4","0,86","8,80"
2026-10-04 10:55,"17,8",58,"9,4","0,86","8,80"
2026-10-04 10:56,"17,8",58,"9,4","0,86","8,80"
2026-10-04 10:57,"17,8",58,"9,4","0,86","8,80"
2026-10-04 10:58,"17,8",58,"9,4","0,86","8,80"
2026-10-04 10:59,"17,8",58,"9,4","0,86","8,80"
2026-10-04 11:00,"17,8",58,"9,4","0,86","8,80"
2026-10-04 11:01,"17,8",58,"9,4","0,86","8,80"
2026-10-04 11:02,"17,8",58,"9,4","0,86","8,80"
2026-10-04 11:03,"17,8",58,"9,4","0,86","8,80"
2026-10-04 11:04,"17,8",58,"9,4","0,86","8,80"
2026-10-04 11:05,"17,8",58,"9,4","0,86","8,80"
2026-10-04 11:06,"17,8",58,"9,4","0,86","8,80"
2026-10-04 11:07,"17,8",58,"9,4","0,86","8,80"
2026-10-04 11:08,"17,8",58,"9,4","0,86","8,80"
2026-10-04 11:09,"17,8",58,"9,4","0,86","8,80"
2026-10-04 11:10,"17,8",58,"9,4","0,86","8,80"
2026-10-04 11:11,"17,8",58,"9,4","0,86","8,80"
2026-10-04 11:12,"17,8",58,"9,4","0,86","8,80"
2026-10-04 11:13,"17,8",58,"9,4","0,86","8,80"
2026-10-04 11:14,"17,8",58,"9,4","0,86","8,80"
2026-10-04 11:15,"17,8",59,"9,7","0,84","8,95"
2026-10-04 11:16,"17,8",59,"9,7","0,84","8,95"
2026-10-04 11:17,"17,8",59,"9,7","0,84","8,95"
2026-10-04 11:18,"17,8",59,"9,7","0,84","8,95"
2026-10-04 11:19,"17,8",59,"9,7","0,84","8,95"
2026-10-04 11:20,"17,8",59,"9,7","0,84","8,95"
2026-10-04 11:21,"17,8",59,"9,7","0,84","8,95"
2026-10-04 11:22,"17,8",59,"9,7","0,84","8,95"
2026-10-04 11:23,"17,8",59,"9,7","0,84","8,95"
2026-10-04 11:24,"17,8",59,"9,7","0,84","8,95"
2026-10-04 11:25,"17,8",59,"9,7","0,84","8,95"
2026-10-04 11:26,"17,8",59,"9,7","0,84","8,95"
2026-10-04 11:27,"17,8",59,"9,7","0,84","8,95"
2026-10-04 11:28,"17,8",59,"9,7","0,84","8,95"
2026-10-04 11:29,"17,8",59,"9,7","0,84","8,95"
2026-10-04 11:30,"17,8",59,"9,7","0,84","8,95"
2026-10-04 11:31,"17,8",59,"9,7","0,84","8,95"
2026-10-04 11:32,"17,8",59,"9,7","0,84","8,95"
2026-10-04 11:33,"17,8",59,"9,7","0,84","8,95"
2026-10-04 11:34,"17,8",59,"9,7","0,84","8,95"
2026-10-04 11:35,"17,8",59,"9,7","0,84","8,95"
2026-10-04 11:36,"17,8",59,"9,7","0,84","8,95"
2026-10-04 11:37,"17,8",59,"9,7","0,84","8,95"
2026-10-04 11:38,"17,8",59,"9,7","0,84","8,95"
2026-10-04 11:39,"17,8",59,"9,7","0,84","8,95"
2026-10-04 11:40,"17,8",59,"9,7","0,84","8,95"
2026-10-04 11:41,"17,8",59,"9,7","0,84","8,95"
2026-10-04 11:42,"17,8",59,"9,7","0,84","8,95"
2026-10-04 11:43,"17,8",59,"9,7","0,84","8,95"
2026-10-04 11:44,"17,8",59,"9,7","0,84","8,95"
2026-10-04 11:45,"17,8",59,"9,7","0,84","8,95"
2026-10-04 11:46,"17,8",59,"9,7","0,84","8,95"
2026-10-04 11:47,"17,8",59,"9,7","0,84","8,95"
2026-10-04 11:48,"17,8",59,"9,7","0,84","8,95"
2026-10-04 11:49,"17,8",59,"9,7","0,84","8,95"
2026-10-04 11:50,"17,8",59,"9,7","0,84","8,95"
2026-10-04 11:51,"17,8",59,"9,7","0,84","8,95"
2026-10-04 11:52,"17,8",59,"9,7","0,84","8,95"
2026-10-04 11:53,"17,8",59,"9,7","0,84","8,95"
2026-10-04 11:54,"17,8",59,"9,7","0,84","8,95"
2026-10-04 11:55,"17,8",59,"9,7","0,84","8,95"
2026-10-04 11:56,"17,8",59,"9,7","0,84","8,95"
2026-10-04 11:57,"17,8",59,"9,7","0,84","8,95"
2026-10-04 11:58,"17,8",59,"9,7","0,84","8,95"
2026-10-04 11:59,"17,8",59,"9,7","0,84","8,95"
2026-10-04 12:00,"17,8",59,"9,7","0,84","8,95"
2026-10-04 12:01,"17,8",59,"9,7","0,84","8,95"
2026-10-04 12:02,"17,8",59,"9,7","0,84","8,95"
2026-10-04 12:03,"17,8",59,"9,7","0,84","8,95"
2026-10-04 12:04,"17,8",59,"9,7","0,84","8,95"
2026-10-04 12:05,"17,8",59,"9,7","0,84","8,95"
2026-10-04 12:06,"17,8",59,"9,7","0,84","8,95"
2026-10-04 12:07,"17,8",59,"9,7","0,84","8,95"
2026-10-04 12:08,"17,8",59,"9,7","0,84","8,95"
2026-10-04 12:09,"17,8",59,"9,7","0,84","8,95"
2026-10-04 12:10,"17,8",59,"9,7","0,84","8,95"
2026-10-04 12:11,"17,8",59,"9,7","0,84","8,95"
2026-10-04 12:12,"17,8",59,"9,7","0,84","8,95"
2026-10-04 12:13,"17,8",60,"9,9","0,82","9,11"
2026-10-04 12:14,"17,8",60,"9,9","0,82","9,11"
2026-10-04 12:15,"17,8",60,"9,9","0,82","9,11"
2026-10-04 12:16,"17,8",60,"9,9","0,82","9,11"
2026-10-04 12:17,"17,8",60,"9,9","0,82","9,11"
2026-10-04 12:18,"17,8",60,"9,9","0,82","9,11"
2026-10-04 12:19,"17,8",60,"9,9","0,82","9,11"
2026-10-04 12:20,"17,8",60,"9,9","0,82","9,11"
2026-10-04 12:21,"17,8",60,"9,9","0,82","9,11"
2026-10-04 12:22,"17,8",60,"9,9","0,82","9,11"
2026-10-04 12:23,"17,8",60,"9,9","0,82","9,11"
2026-10-04 12:24,"17,8",60,"9,9","0,82","9,11"
2026-10-04 12:25,"17,8",60,"9,9","0,82","9,11"
2026-10-04 12:26,"17,8",60,"9,9","0,82","9,11"
2026-10-04 12:27,"17,8",60,"9,9","0,82","9,11"
2026-10-04 12:28,"17,8",60,"9,9","0,82","9,11"
2026-10-04 12:29,"17,8",60,"9,9","0,82","9,11"
2026-10-04 12:30,"17,8",60,"9,9","0,82","9,11"
2026-10-04 12:31,"17,8",60,"9,9","0,82","9,11"
2026-10-04 12:32,"17,8",60,"10,0","0,82","9,13"
2026-10-04 12:33,"17,9",60,"10,0","0,82","9,16"
2026-10-04 12:34,"17,9",60,"10,0","0,82","9,16"
2026-10-04 12:35,"17,9",60,"10,0","0,82","9,16"
2026-10-04 12:36,"17,9",60,"10,0","0,82","9,16"
2026-10-04 12:37,"17,9",60,"10,0","0,82","9,16"
2026-10-04 12:38,"17,9",60,"10,0","0,82","9,16"
2026-10-04 12:39,"17,9",60,"10,0","0,82","9,16"
2026-10-04 12:40,"17,8",60,"10,0","0,82","9,13"
2026-10-04 12:41,"17,8",60,"9,9","0,82","9,11"
2026-10-04 12:42,"17,8",60,"9,9","0,82","9,11"
2026-10-04 12:43,"17,8",60,"9,9","0,82","9,11"
2026-10-04 12:44,"17,8",60,"9,9","0,82","9,11"
2026-10-04 12:45,"17,8",60,"9,9","0,82","9,11"
2026-10-04 12:46,"17,8",60,"9,9","0,82","9,11"
2026-10-04 12:47,"17,8",60,"9,9","0,82","9,11"
2026-10-04 12:48,"17,8",60,"9,9","0,82","9,11"
2026-10-04 12:49,"17,8",60,"9,9","0,82","9,11"
2026-10-04 12:50,"17,8",60,"9,9","0,82","9,11"
2026-10-04 12:51,"17,8",60,"9,9","0,82","9,11"
2026-10-04 12:52,"17,8",60,"9,9","0,82","9,11"
2026-10-04 12:53,"17,8",60,"9,9","0,82","9,11"
2026-10-04 12:54,"17,8",60,"9,9","0,82","9,11"
2026-10-04 12:55,"17,8",60,"9,9","0,82","9,11"
2026-10-04 12:56,"17,8",60,"9,9","0,82","9,11"
2026-10-04 12:57,"17,8",60,"9,9","0,82","9,11"
2026-10-04 12:58,"17,8",60,"9,9","0,82","9,11"
2026-10-04 12:59,"17,8",60,"9,9","0,82","9,11"
2026-10-04 13:00,"17,8",60,"9,9","0,82","9,11"
2026-10-04 13:01,"17,8",60,"9,9","0,82","9,11"
2026-10-04 13:02,"17,8",60,"9,9","0,82","9,11"
2026-10-04 13:03,"17,8",60,"9,9","0,82","9,11"
2026-10-04 13:04,"17,8",60,"9,9","0,82","9,11"
2026-10-04 13:05,"17,8",60,"9,9","0,82","9,11"
2026-10-04 13:06,"17,8",60,"9,9","0,82","9,11"
2026-10-04 13:07,"17,8",60,"9,9","0,82","9,11"
2026-10-04 13:08,"17,8",60,"9,9","0,82","9,11"
2026-10-04 13:09,"17,8",61,"10,2","0,79","9,26"
2026-10-04 13:10,"17,8",61,"10,2","0,79","9,26"
2026-10-04 13:11,"17,8",61,"10,2","0,79","9,26"
2026-10-04 13:12,"17,8",61,"10,2","0,79","9,26"
2026-10-04 13:13,"17,8",61,"10,2","0,79","9,26"
2026-10-04 13:14,"17,8",61,"10,2","0,79","9,26"
2026-10-04 13:15,"17,8",61,"10,2","0,79","9,26"
2026-10-04 13:16,"17,8",61,"10,2","0,79","9,26"
2026-10-04 13:17,"17,8",61,"10,2","0,79","9,26"
2026-10-04 13:18,"17,8",61,"10,2","0,79","9,26"
2026-10-04 13:19,"17,8",61,"10,2","0,79","9,26"
2026-10-04 13:20,"17,8",61,"10,2","0,79","9,26"
2026-10-04 13:21,"17,8",61,"10,2","0,79","9,26"
2026-10-04 13:22,"17,8",61,"10,2","0,79","9,26"
2026-10-04 13:23,"17,8",61,"10,2","0,79","9,26"
2026-10-04 13:24,"17,8",61,"10,2","0,79","9,26"
2026-10-04 13:25,"17,8",61,"10,2","0,79","9,26"
2026-10-04 13:26,"17,8",61,"10,2","0,79","9,26"
2026-10-04 13:27,"17,8",61,"10,2","0,79","9,26"
2026-10-04 13:28,"17,8",61,"10,2","0,80","9,29"
2026-10-04 13:29,"17,9",61,"10,3","0,80","9,31"
2026-10-04 13:30,"17,9",61,"10,3","0,80","9,31"
2026-10-04 13:31,"17,9",61,"10,3","0,80","9,31"
2026-10-04 13:32,"17,9",61,"10,3","0,80","9,31"
2026-10-04 13:33,"17,9",61,"10,3","0,80","9,31"
2026-10-04 13:34,"17,9",61,"10,3","0,80","9,31"
2026-10-04 13:35,"17,9",61,"10,3","0,80","9,31"
2026-10-04 13:36,"17,9",61,"10,3","0,80","9,31"
2026-10-04 13:37,"17,9",61,"10,3","0,80","9,31"
2026-10-04 13:38,"17,9",61,"10,3","0,80","9,31"
2026-10-04 13:39,"17,9",61,"10,3","0,80","9,31"
2026-10-04 13:40,"17,9",61,"10,3","0,80","9,31"
2026-10-04 13:41,"17,9",61,"10,3","0,80","9,31"
2026-10-04 13:42,"17,9",61,"10,3","0,80","9,31"
2026-10-04 13:43,"17,9",61,"10,3","0,80","9,31"
2026-10-04 13:44,"17,9",61,"10,3","0,80","9,31"
2026-10-04 13:45,"17,9",61,"10,3","0,80","9,31"
2026-10-04 13:46,"17,9",61,"10,3","0,80","9,31"
2026-10-04 13:47,"17,9",61,"10,3","0,80","9,31"
2026-10-04 13:48,"17,9",61,"10,3","0,80","9,31"
2026-10-04 13:49,"17,9",61,"10,3","0,80","9,31"
2026-10-04 13:50,"17,9",61,"10,3","0,80","9,31"
2026-10-04 13:51,"17,9",61,"10,3","0,80","9,31"
2026-10-04 13:52,"17,9",61,"10,3","0,80","9,31"
2026-10-04 13:53,"17,9",61,"10,3","0,80","9,31"
2026-10-04 13:54,"17,9",61,"10,3","0,80","9,31"
2026-10-04 13:55,"17,9",61,"10,3","0,80","9,31"
2026-10-04 13:56,"17,9",61,"10,3","0,80","9,31"
2026-10-04 13:57,"17,9",61,"10,3","0,80","9,31"
2026-10-04 13:58,"17,9",61,"10,3","0,80","9,31"
2026-10-04 13:59,"17,9",61,"10,3","0,80","9,31"
2026-10-04 14:00,"17,9",61,"10,3","0,80","9,31"
2026-10-04 14:01,"17,9",61,"10,3","0,80","9,31"
2026-10-04 14:02,"17,9",61,"10,3","0,80","9,31"
2026-10-04 14:03,"17,9",61,"10,3","0,80","9,31"
2026-10-04 14:04,"17,9",61,"10,3","0,80","9,31"
2026-10-04 14:05,"17,9",61,"10,3","0,80","9,31"
2026-10-04 14:06,"17,9",61,"10,3","0,80","9,31"
2026-10-04 14:07,"17,9",61,"10,3","0,80","9,31"
2026-10-04 14:08,"17,9",61,"10,3","0,80","9,31"
2026-10-04 14:09,"17,9",61,"10,3","0,80","9,31"
2026-10-04 14:10,"17,9",61,"10,3","0,80","9,31"
2026-10-04 14:11,"17,9",61,"10,3","0,80","9,31"
2026-10-04 14:12,"17,9",61,"10,3","0,80","9,31"
2026-10-04 14:13,"17,9",61,"10,3","0,80","9,31"
2026-10-04 14:14,"17,9",61,"10,3","0,80","9,31"
2026-10-04 14:15,"17,9",61,"10,3","0,80","9,31"
2026-10-04 14:16,"17,9",61,"10,3","0,80","9,31"
2026-10-04 14:17,"17,9",61,"10,3","0,80","9,31"
2026-10-04 14:18,"17,8",61,"10,2","0,80","9,29"
2026-10-04 14:19,"17,8",61,"10,2","0,79","9,26"
2026-10-04 14:20,"17,8",61,"10,2","0,79","9,26"
2026-10-04 14:21,"17,8",61,"10,2","0,79","9,26"
2026-10-04 14:22,"17,8",61,"10,2","0,79","9,26"
2026-10-04 14:23,"17,8",61,"10,2","0,79","9,26"
2026-10-04 14:24,"17,8",61,"10,2","0,79","9,26"
2026-10-04 14:25,"17,8",61,"10,2","0,79","9,26"
2026-10-04 14:26,"17,8",61,"10,2","0,79","9,26"
2026-10-04 14:27,"17,8",61,"10,2","0,79","9,26"
2026-10-04 14:28,"17,8",61,"10,2","0,79","9,26"
2026-10-04 14:29,"17,8",61,"10,2","0,79","9,26"
2026-10-04 14:30,"17,8",61,"10,2","0,79","9,26"
2026-10-04 14:31,"17,8",61,"10,2","0,79","9,26"
2026-10-04 14:32,"17,8",61,"10,2","0,79","9,26"
2026-10-04 14:33,"17,8",61,"10,2","0,79","9,26"
2026-10-04 14:34,"17,8",61,"10,2","0,79","9,26"
2026-10-04 14:35,"17,8",61,"10,2","0,79","9,26"
2026-10-04 14:36,"17,8",61,"10,2","0,79","9,26"
2026-10-04 14:37,"17,8",61,"10,2","0,79","9,26"
2026-10-04 14:38,"17,8",61,"10,2","0,79","9,26"
2026-10-04 14:39,"17,8",61,"10,2","0,79","9,26"
2026-10-04 14:40,"17,8",61,"10,2","0,79","9,26"
2026-10-04 14:41,"17,8",61,"10,2","0,79","9,26"
2026-10-04 14:42,"17,8",61,"10,2","0,79","9,26"
2026-10-04 14:43,"17,8",61,"10,2","0,79","9,26"
2026-10-04 14:44,"17,8",61,"10,2","0,79","9,26"
2026-10-04 14:45,"17,8",61,"10,2","0,79","9,26"
2026-10-04 14:46,"17,8",61,"10,2","0,79","9,26"
2026-10-04 14:47,"17,8",61,"10,2","0,79","9,26"
2026-10-04 14:48,"17,8",61,"10,2","0,79","9,26"
2026-10-04 14:49,"17,8",61,"10,2","0,79","9,26"
2026-10-04 14:50,"17,8",61,"10,2","0,79","9,26"
2026-10-04 14:51,"17,8",61,"10,2","0,79","9,26"
2026-10-04 14:52,"17,8",61,"10,2","0,79","9,26"
2026-10-04 14:53,"17,8",61,"10,2","0,79","9,26"
2026-10-04 14:54,"17,8",61,"10,2","0,79","9,26"
2026-10-04 14:55,"17,8",61,"10,2","0,79","9,26"
2026-10-04 14:56,"17,8",61,"10,2","0,79","9,26"
2026-10-04 14:57,"17,8",61,"10,2","0,79","9,26"
2026-10-04 14:58,"17,8",61,"10,2","0,79","9,26"
2026-10-04 14:59,"17,8",61,"10,2","0,79","9,26"
2026-10-04 15:00,"17,8",61,"10,2","0,79","9,26"
2026-10-04 15:01,"17,8",61,"10,2","0,79","9,26"
2026-10-04 15:02,"17,8",61,"10,2","0,79","9,26"
2026-10-04 15:03,"17,8",61,"10,2","0,79","9,26"
2026-10-04 15:04,"17,8",61,"10,2","0,79","9,26"
2026-10-04 15:05,"17,8",61,"10,2","0,79","9,26"
2026-10-04 15:06,"17,8",61,"10,2","0,79","9,26"
2026-10-04 15:07,"17,8",61,"10,2","0,79","9,26"
2026-10-04 15:08,"17,8",61,"10,2","0,79","9,26"
2026-10-04 15:09,"17,8",61,"10,2","0,79","9,26"
2026-10-04 15:10,"17,8",61,"10,2","0,79","9,26"
2026-10-04 15:11,"17,8",61,"10,2","0,79","9,26"
2026-10-04 15:12,"17,8",61,"10,2","0,79","9,26"
2026-10-04 15:13,"17,8",61,"10,2","0,79","9,26"
2026-10-04 15:14,"17,8",61,"10,2","0,79","9,26"
2026-10-04 15:15,"17,8",61,"10,2","0,79","9,26"
2026-10-04 15:16,"17,8",61,"10,2","0,79","9,26"
2026-10-04 15:17,"17,8",61,"10,2","0,79","9,26"
2026-10-04 15:18,"17,8",61,"10,2","0,79","9,26"
2026-10-04 15:19,"17,8",61,"10,2","0,79","9,26"
2026-10-04 15:20,"17,8",61,"10,2","0,79","9,26"
2026-10-04 15:21,"17,8",61,"10,2","0,79","9,26"
2026-10-04 15:22,"17,8",61,"10,2","0,79","9,26"
2026-10-04 15:23,"17,8",61,"10,2","0,79","9,26"
2026-10-04 15:24,"17,8",61,"10,2","0,79","9,26"
2026-10-04 15:25,"17,8",61,"10,2","0,79","9,26"
2026-10-04 15:26,"17,8",61,"10,2","0,79","9,26"
2026-10-04 15:27,"17,8",61,"10,2","0,79","9,26"
2026-10-04 15:28,"17,8",61,"10,2","0,79","9,26"
2026-10-04 15:29,"17,8",61,"10,2","0,79","9,26"
2026-10-04 15:30,"17,8",61,"10,2","0,79","9,26"
2026-10-04 15:31,"17,8",61,"10,2","0,79","9,26"
2026-10-04 15:32,"17,8",61,"10,2","0,79","9,26"
2026-10-04 15:33,"17,8",61,"10,2","0,79","9,26"
2026-10-04 15:34,"17,8",61,"10,2","0,79","9,26"
2026-10-04 15:35,"17,8",61,"10,2","0,79","9,26"
2026-10-04 15:36,"17,8",61,"10,2","0,79","9,26"
2026-10-04 15:37,"17,8",61,"10,2","0,79","9,26"
2026-10-04 15:38,"17,8",61,"10,2","0,79","9,26"
2026-10-04 15:39,"17,8",61,"10,2","0,79","9,26"
2026-10-04 15:40,"17,8",61,"10,1","0,79","9,23"
2026-10-04 15:41,"17,7",61,"10,1","0,79","9,20"
2026-10-04 15:42,"17,7",61,"10,1","0,79","9,20"
2026-10-04 15:43,"17,7",61,"10,1","0,79","9,20"
2026-10-04 15:44,"17,7",61,"10,1","0,79","9,20"
2026-10-04 15:45,"17,7",61,"10,1","0,79","9,20"
2026-10-04 15:46,"17,7",61,"10,1","0,79","9,20"
2026-10-04 15:47,"17,7",61,"10,1","0,79","9,20"
2026-10-04 15:48,"17,7",61,"10,1","0,79","9,20"
2026-10-04 15:49,"17,7",61,"10,1","0,79","9,20"
2026-10-04 15:50,"17,7",61,"10,1","0,79","9,20"
2026-10-04 15:51,"17,7",61,"10,1","0,79","9,20"
2026-10-04 15:52,"17,7",61,"10,1","0,79","9,20"
2026-10-04 15:53,"17,7",61,"10,1","0,79","9,20"
2026-10-04 15:54,"17,7",61,"10,1","0,79","9,20"
2026-10-04 15:55,"17,7",61,"10,1","0,79","9,20"
2026-10-04 15:56,"17,7",61,"10,1","0,79","9,20"
2026-10-04 15:57,"17,7",61,"10,1","0,79","9,20"
2026-10-04 15:58,"17,7",61,"10,1","0,79","9,20"
2026-10-04 15:59,"17,7",61,"10,1","0,79","9,20"
2026-10-04 16:00,"17,7",61,"10,1","0,79","9,20"
2026-10-04 16:01,"17,7",61,"10,1","0,79","9,20"
2026-10-04 16:02,"17,8",61,"10,1","0,79","9,23"
2026-10-04 16:03,"17,8",61,"10,2","0,79","9,26"
2026-10-04 16:04,"17,8",61,"10,2","0,79","9,26"
2026-10-04 16:05,"17,8",61,"10,2","0,79","9,26"
2026-10-04 16:06,"17,8",61,"10,2","0,79","9,26"
2026-10-04 16:07,"17,8",61,"10,2","0,79","9,26"
2026-10-04 16:08,"17,8",61,"10,2","0,79","9,26"
2026-10-04 16:09,"17,8",61,"10,2","0,79","9,26"
2026-10-04 16:10,"17,8",61,"10,2","0,79","9,26"
2026-10-04 16:11,"17,8",61,"10,2","0,79","9,26"
2026-10-04 16:12,"17,8",61,"10,2","0,79","9,26"
2026-10-04 16:13,"17,8",61,"10,2","0,79","9,26"
2026-10-04 16:14,"17,8",61,"10,2","0,79","9,26"
2026-10-04 16:15,"17,8",61,"10,2","0,79","9,26"
2026-10-04 16:16,"17,8",61,"10,2","0,79","9,26"
2026-10-04 16:17,"17,8",61,"10,2","0,79","9,26"
2026-10-04 16:18,"17,8",61,"10,2","0,79","9,26"
2026-10-04 16:19,"17,8",61,"10,2","0,79","9,26"
2026-10-04 16:20,"17,8",61,"10,2","0,79","9,26"
2026-10-04 16:21,"17,8",61,"10,2","0,79","9,26"
2026-10-04 16:22,"17,8",61,"10,2","0,79","9,26"
2026-10-04 16:23,"17,8",61,"10,2","0,79","9,26"
2026-10-04 16:24,"17,8",61,"10,2","0,79","9,26"
2026-10-04 16:25,"17,8",61,"10,2","0,79","9,26"
2026-10-04 16:26,"17,8",61,"10,2","0,79","9,26"
2026-10-04 16:27,"17,8",61,"10,2","0,79","9,26"
2026-10-04 16:28,"17,8",61,"10,2","0,79","9,26"
2026-10-04 16:29,"17,8",61,"10,2","0,79","9,26"
2026-10-04 16:30,"17,8",61,"10,2","0,79","9,26"
2026-10-04 16:31,"17,8",61,"10,2","0,79","9,26"
2026-10-04 16:32,"17,8",61,"10,2","0,79","9,26"
2026-10-04 16:33,"17,8",61,"10,2","0,79","9,26"
2026-10-04 16:34,"17,8",61,"10,2","0,79","9,26"
2026-10-04 16:35,"17,8",61,"10,2","0,79","9,26"
2026-10-04 16:36,"17,8",61,"10,2","0,79","9,26"
2026-10-04 16:37,"17,8",61,"10,2","0,79","9,26"
2026-10-04 16:38,"17,8",61,"10,2","0,79","9,26"
2026-10-04 16:39,"17,8",61,"10,2","0,79","9,26"
2026-10-04 16:40,"17,8",61,"10,2","0,79","9,26"
2026-10-04 16:41,"17,8",61,"10,2","0,79","9,26"
2026-10-04 16:42,"17,8",61,"10,2","0,79","9,26"
2026-10-04 16:43,"17,8",61,"10,2","0,79","9,26"
2026-10-04 16:44,"17,8",61,"10,2","0,79","9,26"
2026-10-04 16:45,"17,8",61,"10,2","0,79","9,26"
2026-10-04 16:46,"17,8",61,"10,2","0,79","9,26"
2026-10-04 16:47,"17,8",61,"10,2","0,79","9,26"
2026-10-04 16:48,"17,8",61,"10,2","0,79","9,26"
2026-10-04 16:49,"17,8",61,"10,2","0,79","9,26"
2026-10-04 16:50,"17,8",61,"10,2","0,79","9,26"
2026-10-04 16:51,"17,8",61,"10,2","0,79","9,26"
2026-10-04 16:52,"17,8",61,"10,2","0,79","9,26"
2026-10-04 16:53,"17,8",61,"10,2","0,79","9,26"
2026-10-04 16:54,"17,8",61,"10,2","0,79","9,26"
2026-10-04 16:55,"17,8",61,"10,2","0,79","9,26"
2026-10-04 16:56,"17,8",61,"10,2","0,79","9,26"
2026-10-04 16:57,"17,8",61,"10,2","0,79","9,26"
2026-10-04 16:58,"17,8",61,"10,2","0,79","9,26"
2026-10-04 16:59,"17,8",61,"10,2","0,79","9,26"
2026-10-04 17:00,"17,8",61,"10,1","0,79","9,23"
2026-10-04 17:01,"17,7",61,"10,1","0,79","9,20"
2026-10-04 17:02,"17,7",61,"10,1","0,79","9,20"
2026-10-04 17:03,"17,7",61,"10,1","0,79","9,20"
2026-10-04 17:04,"17,7",61,"10,1","0,79","9,20"
2026-10-04 17:05,"17,7",61,"10,1","0,79","9,20"
2026-10-04 17:06,"17,7",61,"10,1","0,79","9,20"
2026-10-04 17:07,"17,7",61,"10,1","0,79","9,20"
2026-10-04 17:08,"17,7",61,"10,1","0,79","9,20"
2026-10-04 17:09,"17,7",61,"10,1","0,79","9,20"
2026-10-04 17:10,"17,7",61,"10,1","0,79","9,20"
2026-10-04 17:11,"17,7",61,"10,1","0,79","9,20"
2026-10-04 17:12,"17,7",61,"10,1","0,79","9,20"
2026-10-04 17:13,"17,7",61,"10,1","0,79","9,20"
2026-10-04 17:14,"17,7",61,"10,1","0,79","9,20"
2026-10-04 17:15,"17,7",61,"10,1","0,79","9,20"
2026-10-04 17:16,"17,7",61,"10,1","0,79","9,20"
2026-10-04 17:17,"17,7",61,"10,1","0,79","9,20"
2026-10-04 17:18,"17,7",61,"10,1","0,79","9,20"
2026-10-04 17:19,"17,7",61,"10,1","0,79","9,20"
2026-10-04 17:20,"17,7",61,"10,1","0,79","9,20"
2026-10-04 17:21,"17,7",61,"10,1","0,79","9,20"
2026-10-04 17:22,"17,7",61,"10,1","0,79","9,20"
2026-10-04 17:23,"17,7",61,"10,1","0,79","9,20"
2026-10-04 17:24,"17,7",61,"10,1","0,79","9,20"
2026-10-04 17:25,"17,7",61,"10,1","0,79","9,20"
2026-10-04 17:26,"17,7",61,"10,1","0,79","9,20"
2026-10-04 17:27,"17,7",61,"10,1","0,79","9,20"
2026-10-04 17:28,"17,7",61,"10,1","0,79","9,20"
2026-10-04 17:29,"17,7",62,"10,3","0,77","9,35"
2026-10-04 17:30,"17,7",62,"10,3","0,77","9,35"
2026-10-04 17:31,"17,7",62,"10,3","0,77","9,35"
2026-10-04 17:32,"17,7",62,"10,3","0,77","9,35"
2026-10-04 17:33,"17,7",62,"10,3","0,77","9,35"
2026-10-04 17:34,"17,7",62,"10,3","0,77","9,35"
2026-10-04 17:35,"17,7",62,"10,3","0,77","9,35"
2026-10-04 17:36,"17,7",62,"10,3","0,77","9,35"
2026-10-04 17:37,"17,7",62,"10,3","0,77","9,35"
2026-10-04 17:38,"17,7",62,"10,3","0,77","9,35"
2026-10-04 17:39,"17,7",62,"10,3","0,77","9,35"
2026-10-04 17:40,"17,7",62,"10,3","0,77","9,35"
2026-10-04 17:41,"17,7",62,"10,3","0,77","9,35"
2026-10-04 17:42,"17,8",62,"10,4","0,77","9,38"
2026-10-04 17:43,"17,8",62,"10,4","0,77","9,41"
2026-10-04 17:44,"17,8",62,"10,4","0,77","9,41"
2026-10-04 17:45,"17,8",62,"10,4","0,77","9,41"
2026-10-04 17:46,"17,8",62,"10,4","0,77","9,41"
2026-10-04 17:47,"17,8",62,"10,4","0,77","9,41"
2026-10-04 17:48,"17,8",62,"10,4","0,77","9,41"
2026-10-04 17:49,"17,8",62,"10,4","0,77","9,41"
2026-10-04 17:50,"17,8",62,"10,4","0,77","9,41"
2026-10-04 17:51,"17,8",62,"10,4","0,77","9,41"
2026-10-04 17:52,"17,8",62,"10,4","0,77","9,41"
2026-10-04 17:53,"17,8",62,"10,4","0,77","9,41"
2026-10-04 17:54,"17,8",62,"10,4","0,77","9,41"
2026-10-04 17:55,"17,8",62,"10,4","0,77","9,41"
2026-10-04 17:56,"17,8",62,"10,4","0,77","9,41"
2026-10-04 17:57,"17,8",62,"10,4","0,77","9,41"
2026-10-04 17:58,"17,8",62,"10,4","0,77","9,41"
2026-10-04 17:59,"17,8",62,"10,4","0,77","9,41"
2026-10-04 18:00,"17,8",62,"10,4","0,77","9,41"
2026-10-04 18:01,"17,8",62,"10,4","0,77","9,41"
2026-10-04 18:02,"17,8",62,"10,4","0,77","9,41"
2026-10-04 18:03,"17,8",62,"10,4","0,77","9,41"
2026-10-04 18:04,"17,8",62,"10,4","0,77","9,41"
2026-10-04 18:05,"17,8",62,"10,4","0,77","9,41"
2026-10-04 18:06,"17,8",62,"10,4","0,77","9,41"
2026-10-04 18:07,"17,8",62,"10,4","0,77","9,41"
2026-10-04 18:08,"17,8",62,"10,4","0,77","9,41"
2026-10-04 18:09,"17,8",62,"10,4","0,77","9,41"
2026-10-04 18:10,"17,8",62,"10,4","0,77","9,41"
2026-10-04 18:11,"17,8",62,"10,4","0,77","9,41"
2026-10-04 18:12,"17,8",62,"10,5","0,78","9,44"
2026-10-04 18:13,"17,9",62,"10,5","0,78","9,47"
2026-10-04 18:14,"17,9",62,"10,5","0,78","9,47"
2026-10-04 18:15,"17,9",62,"10,5","0,78","9,47"
2026-10-04 18:16,"17,9",62,"10,5","0,78","9,47"
2026-10-04 18:17,"17,9",62,"10,5","0,78","9,47"
2026-10-04 18:18,"17,9",62,"10,5","0,78","9,47"
2026-10-04 18:19,"17,9",62,"10,5","0,78","9,47"
2026-10-04 18:20,"17,9",62,"10,5","0,78","9,47"
2026-10-04 18:21,"17,9",62,"10,5","0,78","9,47"
2026-10-04 18:22,"17,9",62,"10,5","0,78","9,47"
2026-10-04 18:23,"17,9",62,"10,5","0,78","9,47"
2026-10-04 18:24,"17,9",62,"10,5","0,78","9,47"
2026-10-04 18:25,"17,9",62,"10,5","0,78","9,47"
2026-10-04 18:26,"17,9",62,"10,5","0,78","9,47"
2026-10-04 18:27,"17,9",62,"10,5","0,78","9,47"
2026-10-04 18:28,"17,9",62,"10,5","0,78","9,47"
2026-10-04 18:29,"17,9",62,"10,5","0,78","9,47"
2026-10-04 18:30,"17,9",62,"10,5","0,78","9,47"
2026-10-04 18:31,"17,9",62,"10,5","0,78","9,47"
2026-10-04 18:32,"17,9",62,"10,5","0,78","9,47"
2026-10-04 18:33,"17,9",62,"10,5","0,78","9,47"
2026-10-04 18:34,"17,9",62,"10,5","0,78","9,47"
2026-10-04 18:35,"17,9",62,"10,5","0,78","9,47"
2026-10-04 18:36,"17,9",61,"10,3","0,80","9,31"
2026-10-04 18:37,"17,9",61,"10,3","0,80","9,31"
2026-10-04 18:38,"17,9",61,"10,3","0,80","9,31"
2026-10-04 18:39,"17,9",61,"10,3","0,80","9,31"
2026-10-04 18:40,"17,9",61,"10,3","0,80","9,31"
2026-10-04 18:41,"17,9",61,"10,3","0,80","9,31"
2026-10-04 18:42,"18,0",61,"10,3","0,80","9,34"
2026-10-04 18:43,"18,0",61,"10,4","0,80","9,37"
2026-10-04 18:44,"18,0",61,"10,4","0,80","9,37"
2026-10-04 18:45,"18,0",61,"10,4","0,80","9,37"
2026-10-04 18:46,"18,0",61,"10,4","0,80","9,37"
2026-10-04 18:47,"18,0",61,"10,4","0,80","9,37"
2026-10-04 18:48,"18,0",61,"10,4","0,80","9,37"
2026-10-04 18:49,"18,0",61,"10,4","0,80","9,37"
2026-10-04 18:50,"18,0",61,"10,4","0,80","9,37"
2026-10-04 18:51,"18,0",61,"10,4","0,80","9,37"
2026-10-04 18:52,"18,0",61,"10,4","0,80","9,37"
2026-10-04 18:53,"18,0",61,"10,4","0,80","9,37"
2026-10-04 18:54,"18,0",61,"10,4","0,80","9,37"
2026-10-04 18:55,"18,0",61,"10,4","0,80","9,37"
2026-10-04 18:56,"18,0",61,"10,4","0,80","9,37"
2026-10-04 18:57,"18,0",61,"10,4","0,80","9,37"
2026-10-04 18:58,"18,0",61,"10,4","0,80","9,37"
2026-10-04 18:59,"18,0",61,"10,4","0,80","9,37"
2026-10-04 19:00,"18,0",61,"10,4","0,80","9,37"
2026-10-04 19:01,"18,0",61,"10,4","0,80","9,37"
2026-10-04 19:02,"18,0",61,"10,4","0,80","9,37"
2026-10-04 19:03,"18,0",61,"10,4","0,80","9,37"
2026-10-04 19:04,"18,0",61,"10,4","0,80","9,37"
2026-10-04 19:05,"18,0",61,"10,4","0,80","9,37"
2026-10-04 19:06,"18,0",61,"10,4","0,80","9,37"
2026-10-04 19:07,"18,0",61,"10,4","0,80","9,37"
2026-10-04 19:08,"18,0",61,"10,4","0,80","9,37"
2026-10-04 19:09,"18,0",61,"10,4","0,80","9,37"
2026-10-04 19:10,"18,0",61,"10,4","0,80","9,37"
2026-10-04 19:11,"18,0",61,"10,4","0,80","9,37"
2026-10-04 19:12,"18,0",61,"10,4","0,80","9,37"
2026-10-04 19:13,"18,0",61,"10,4","0,80","9,37"
2026-10-04 19:14,"18,0",61,"10,4","0,80","9,37"
2026-10-04 19:15,"18,0",61,"10,4","0,80","9,37"
2026-10-04 19:16,"18,0",61,"10,4","0,80","9,37"
2026-10-04 19:17,"18,0",61,"10,4","0,80","9,37"
2026-10-04 19:18,"18,0",61,"10,4","0,80","9,37"
2026-10-04 19:19,"18,0",61,"10,4","0,80","9,37"
2026-10-04 19:20,"18,0",61,"10,4","0,81","9,40"
2026-10-04 19:21,"18,1",61,"10,5","0,81","9,43"
2026-10-04 19:22,"18,1",61,"10,5","0,81","9,43"
2026-10-04 19:23,"18,1",61,"10,5","0,81","9,43"
2026-10-04 19:24,"18,1",61,"10,5","0,81","9,43"
2026-10-04 19:25,"18,1",61,"10,5","0,81","9,43"
2026-10-04 19:26,"18,1",61,"10,5","0,81","9,43"
2026-10-04 19:27,"18,1",61,"10,5","0,81","9,43"
2026-10-04 19:28,"18,1",61,"10,5","0,81","9,43"
2026-10-04 19:29,"18,1",61,"10,5","0,81","9,43"
2026-10-04 19:30,"18,1",61,"10,5","0,81","9,43"
2026-10-04 19:31,"18,1",61,"10,5","0,81","9,43"
2026-10-04 19:32,"18,1",61,"10,5","0,81","9,43"
2026-10-04 19:33,"18,1",61,"10,5","0,81","9,43"
2026-10-04 19:34,"18,1",61,"10,5","0,81","9,43"
2026-10-04 19:35,"18,1",61,"10,5","0,81","9,43"
2026-10-04 19:36,"18,1",61,"10,5","0,81","9,43"
2026-10-04 19:37,"18,1",61,"10,5","0,81","9,43"
2026-10-04 19:38,"18,1",61,"10,5","0,81","9,43"
2026-10-04 19:39,"18,1",61,"10,5","0,81","9,43"
2026-10-04 19:40,"18,1",61,"10,5","0,81","9,43"
2026-10-04 19:41,"18,1",61,"10,5","0,81","9,43"
2026-10-04 19:42,"18,1",61,"10,5","0,81","9,43"
2026-10-04 19:43,"18,1",61,"10,5","0,81","9,43"
2026-10-04 19:44,"18,1",61,"10,5","0,81","9,43"
2026-10-04 19:45,"18,1",61,"10,5","0,81","9,43"
2026-10-04 19:46,"18,1",61,"10,5","0,81","9,43"
2026-10-04 19:47,"18,1",61,"10,5","0,81","9,43"
2026-10-04 19:48,"18,1",61,"10,5","0,81","9,43"
2026-10-04 19:49,"18,1",61,"10,5","0,81","9,43"
2026-10-04 19:50,"18,1",60,"10,2","0,83","9,27"
2026-10-04 19:51,"18,1",60,"10,2","0,83","9,27"
2026-10-04 19:52,"18,1",60,"10,2","0,83","9,27"
2026-10-04 19:53,"18,1",60,"10,2","0,83","9,27"
2026-10-04 19:54,"18,1",60,"10,2","0,83","9,27"
2026-10-04 19:55,"18,1",60,"10,2","0,83","9,27"
2026-10-04 19:56,"18,1",60,"10,2","0,83","9,27"
2026-10-04 19:57,"18,1",60,"10,2","0,83","9,27"
2026-10-04 19:58,"18,1",60,"10,2","0,83","9,27"
2026-10-04 19:59,"18,1",60,"10,2","0,83","9,27"
2026-10-04 20:00,"18,1",60,"10,2","0,83","9,27"
2026-10-04 20:01,"18,1",60,"10,2","0,83","9,27"
2026-10-04 20:02,"18,1",60,"10,2","0,83","9,27"
2026-10-04 20:03,"18,1",60,"10,2","0,83","9,27"
2026-10-04 20:04,"18,1",60,"10,2","0,83","9,27"
2026-10-04 20:05,"18,1",60,"10,2","0,83","9,27"
2026-10-04 20:06,"18,1",60,"10,2","0,83","9,27"
2026-10-04 20:07,"18,1",60,"10,2","0,83","9,27"
2026-10-04 20:08,"18,1",60,"10,2","0,83","9,27"
2026-10-04 20:09,"18,1",60,"10,2","0,83","9,27"
2026-10-04 20:10,"18,1",60,"10,2","0,83","9,27"
2026-10-04 20:11,"18,1",60,"10,2","0,83","9,27"
2026-10-04 20:12,"18,1",60,"10,2","0,83","9,27"
2026-10-04 20:13,"18,1",60,"10,2","0,83","9,27"
2026-10-04 20:14,"18,1",60,"10,2","0,83","9,27"
2026-10-04 20:15,"18,1",60,"10,2","0,83","9,27"
2026-10-04 20:16,"18,1",60,"10,2","0,83","9,27"
2026-10-04 20:17,"18,1",60,"10,2","0,83","9,27"
2026-10-04 20:18,"18,1",60,"10,2","0,83","9,27"
2026-10-04 20:19,"18,1",60,"10,2","0,83","9,27"
2026-10-04 20:20,"18,1",60,"10,2","0,83","9,27"
2026-10-04 20:21,"18,1",60,"10,2","0,83","9,27"
2026-10-04 20:22,"18,1",60,"10,2","0,83","9,27"
2026-10-04 20:23,"18,1",60,"10,2","0,83","9,27"
2026-10-04 20:24,"18,1",60,"10,2","0,83","9,27"
2026-10-04 20:25,"18,1",60,"10,2","0,83","9,27"
2026-10-04 20:26,"18,1",60,"10,2","0,83","9,27"
2026-10-04 20:27,"18,1",60,"10,2","0,83","9,27"
2026-10-04 20:28,"18,1",60,"10,2","0,83","9,27"
2026-10-04 20:29,"18,1",60,"10,2","0,83","9,27"
2026-10-04 20:30,"18,1",60,"10,2","0,83","9,27"
2026-10-04 20:31,"18,1",60,"10,2","0,83","9,27"
2026-10-04 20:32,"18,1",60,"10,2","0,83","9,27"
2026-10-04 20:33,"18,1",60,"10,2","0,83","9,27"
2026-10-04 20:34,"18,1",60,"10,2","0,83","9,27"
2026-10-04 20:35,"18,1",60,"10,2","0,83","9,27"
2026-10-04 20:36,"18,1",60,"10,2","0,83","9,27"
2026-10-04 20:37,"18,1",60,"10,2","0,83","9,27"
2026-10-04 20:38,"18,1",60,"10,2","0,83","9,27"
2026-10-04 20:39,"18,1",60,"10,2","0,83","9,27"
2026-10-04 20:40,"18,1",60,"10,2","0,83","9,27"
2026-10-04 20:41,"18,1",60,"10,2","0,83","9,27"
2026-10-04 20:42,"18,1",60,"10,2","0,83","9,27"
2026-10-04 20:43,"18,1",60,"10,2","0,83","9,27"
2026-10-04 20:44,"18,1",60,"10,2","0,83","9,27"
2026-10-04 20:45,"18,1",60,"10,2","0,83","9,27"
2026-10-04 20:46,"18,1",60,"10,2","0,83","9,27"
2026-10-04 20:47,"18,1",60,"10,2","0,83","9,27"
2026-10-04 20:48,"18,1",60,"10,2","0,83","9,27"
2026-10-04 20:49,"18,1",60,"10,2","0,83","9,27"
2026-10-04 20:50,"18,1",60,"10,2","0,83","9,27"
2026-10-04 20:51,"18,1",60,"10,2","0,83","9,27"
2026-10-04 20:52,"18,1",60,"10,2","0,83","9,27"
2026-10-04 20:53,"18,1",60,"10,2","0,83","9,27"
2026-10-04 20:54,"18,1",60,"10,2","0,83","9,27"
2026-10-04 20:55,"18,1",60,"10,2","0,83","9,27"
2026-10-04 20:56,"18,1",60,"10,2","0,83","9,27"
2026-10-04 20:57,"18,1",60,"10,2","0,83","9,27"
2026-10-04 20:58,"18,1",60,"10,2","0,83","9,27"
2026-10-04 20:59,"18,1",60,"10,2","0,83","9,27"
2026-10-04 21:00,"18,1",60,"10,2","0,83","9,27"
2026-10-04 21:01,"18,1",60,"10,2","0,83","9,27"
2026-10-04 21:02,"18,1",60,"10,2","0,83","9,27"
2026-10-04 21:03,"18,1",60,"10,2","0,83","9,27"
2026-10-04 21:04,"18,1",60,"10,2","0,83","9,27"
2026-10-04 21:05,"18,1",60,"10,2","0,83","9,27"
2026-10-04 21:06,"18,1",60,"10,2","0,83","9,27"
2026-10-04 21:07,"18,1",60,"10,2","0,83","9,27"
2026-10-04 21:08,"18,1",60,"10,2","0,83","9,27"
2026-10-04 21:09,"18,1",60,"10,2","0,83","9,27"
2026-10-04 21:10,"18,1",60,"10,2","0,83","9,27"
2026-10-04 21:11,"18,1",60,"10,2","0,83","9,27"
2026-10-04 21:12,"18,1",60,"10,2","0,83","9,27"
2026-10-04 21:13,"18,1",60,"10,2","0,83","9,27"
2026-10-04 21:14,"18,2",60,"10,3","0,83","9,30"
2026-10-04 21:15,"18,2",60,"10,3","0,84","9,33"
2026-10-04 21:16,"18,2",60,"10,3","0,84","9,33"
2026-10-04 21:17,"18,2",60,"10,3","0,84","9,33"
2026-10-04 21:18,"18,2",60,"10,3","0,84","9,33"
2026-10-04 21:19,"18,2",60,"10,3","0,84","9,33"
2026-10-04 21:20,"18,2",60,"10,3","0,84","9,33"
2026-10-04 21:21,"18,2",60,"10,3","0,84","9,33"
2026-10-04 21:22,"18,2",60,"10,3","0,84","9,33"
2026-10-04 21:23,"18,2",60,"10,3","0,84","9,33"
2026-10-04 21:24,"18,2",60,"10,3","0,84","9,33"
2026-10-04 21:25,"18,2",60,"10,3","0,84","9,33"
2026-10-04 21:26,"18,2",60,"10,3","0,84","9,33"
2026-10-04 21:27,"18,2",60,"10,3","0,84","9,33"
2026-10-04 21:28,"18,2",60,"10,3","0,84","9,33"
2026-10-04 21:29,"18,2",60,"10,3","0,84","9,33"
2026-10-04 21:30,"18,2",60,"10,3","0,84","9,33"
2026-10-04 21:31,"18,2",60,"10,3","0,84","9,33"
2026-10-04 21:32,"18,2",60,"10,3","0,84","9,33"
2026-10-04 21:33,"18,2",60,"10,3","0,84","9,33"
2026-10-04 21:34,"18,2",60,"10,3","0,84","9,33"
2026-10-04 21:35,"18,2",60,"10,3","0,84","9,33"
2026-10-04 21:36,"18,2",60,"10,3","0,84","9,33"
2026-10-04 21:37,"18,2",60,"10,3","0,84","9,33"
2026-10-04 21:38,"18,2",60,"10,3","0,84","9,33"
2026-10-04 21:39,"18,2",60,"10,3","0,84","9,33"
2026-10-04 21:40,"18,2",60,"10,3","0,84","9,33"
2026-10-04 21:41,"18,2",60,"10,3","0,84","9,33"
2026-10-04 21:42,"18,2",60,"10,3","0,83","9,30"
2026-10-04 21:43,"18,1",60,"10,2","0,83","9,27"
2026-10-04 21:44,"18,1",60,"10,2","0,83","9,27"
2026-10-04 21:45,"18,1",60,"10,2","0,83","9,27"
2026-10-04 21:46,"18,1",60,"10,2","0,83","9,27"
2026-10-04 21:47,"18,1",60,"10,2","0,83","9,27"
2026-10-04 21:48,"18,1",60,"10,2","0,83","9,27"
2026-10-04 21:49,"18,1",60,"10,2","0,83","9,27"
2026-10-04 21:50,"18,1",60,"10,2","0,83","9,27"
2026-10-04 21:51,"18,1",60,"10,2","0,83","9,27"
2026-10-04 21:52,"18,1",60,"10,2","0,83","9,27"
2026-10-04 21:53,"18,1",60,"10,2","0,83","9,27"
2026-10-04 21:54,"18,1",60,"10,2","0,83","9,27"
2026-10-04 21:55,"18,1",60,"10,2","0,83","9,27"
2026-10-04 21:56,"18,1",60,"10,2","0,83","9,27"
2026-10-04 21:57,"18,1",60,"10,2","0,83","9,27"
2026-10-04 21:58,"18,1",60,"10,2","0,83","9,27"
2026-10-04 21:59,"18,1",60,"10,2","0,83","9,27"
2026-10-04 22:00,"18,1",60,"10,2","0,83","9,27"
2026-10-04 22:01,"18,1",60,"10,2","0,83","9,27"
2026-10-04 22:02,"18,0",60,"10,2","0,83","9,24"
2026-10-04 22:03,"18,0",60,"10,1","0,83","9,22"
2026-10-04 22:04,"18,0",60,"10,1","0,83","9,22"
2026-10-04 22:05,"18,0",60,"10,1","0,83","9,22"
2026-10-04 22:06,"18,0",60,"10,1","0,83","9,22"
2026-10-04 22:07,"18,0",60,"10,1","0,83","9,22"
2026-10-04 22:08,"18,0",60,"10,1","0,83","9,22"
2026-10-04 22:09,"18,0",60,"10,1","0,83","9,22"
2026-10-04 22:10,"18,0",60,"10,1","0,83","9,22"
2026-10-04 22:11,"18,0",60,"10,1","0,83","9,22"
2026-10-04 22:12,"18,0",60,"10,1","0,83","9,22"
2026-10-04 22:13,"18,0",60,"10,1","0,83","9,22"
2026-10-04 22:14,"18,0",60,"10,1","0,83","9,22"
2026-10-04 22:15,"18,0",60,"10,1","0,83","9,22"
2026-10-04 22:16,"18,0",60,"10,1","0,83","9,22"
2026-10-04 22:17,"18,0",60,"10,1","0,83","9,22"
2026-10-04 22:18,"18,0",60,"10,1","0,83","9,22"
2026-10-04 22:19,"18,0",60,"10,1","0,83","9,22"
2026-10-04 22:20,"18,0",59,"9,9","0,85","9,06"
2026-10-04 22:21,"18,0",59,"9,9","0,85","9,06"
2026-10-04 22:22,"18,0",59,"9,9","0,85","9,06"
2026-10-04 22:23,"18,0",59,"9,9","0,85","9,06"
2026-10-04 22:24,"18,0",59,"9,8","0,84","9,04"
2026-10-04 22:25,"17,9",59,"9,8","0,84","9,01"
2026-10-04 22:26,"17,9",59,"9,8","0,84","9,01"
2026-10-04 22:27,"17,9",59,"9,8","0,84","9,01"
2026-10-04 22:28,"17,9",59,"9,8","0,84","9,01"
2026-10-04 22:29,"17,9",59,"9,8","0,84","9,01"
2026-10-04 22:30,"17,9",59,"9,8","0,84","9,01"
2026-10-04 22:31,"17,9",59,"9,8","0,84","9,01"
2026-10-04 22:32,"17,9",59,"9,8","0,84","9,01"
2026-10-04 22:33,"17,9",59,"9,8","0,84","9,01"
2026-10-04 22:34,"17,9",59,"9,8","0,84","9,01"
2026-10-04 22:35,"17,9",59,"9,8","0,84","9,01"
2026-10-04 22:36,"17,9",59,"9,8","0,84","9,01"
2026-10-04 22:37,"17,9",59,"9,8","0,84","9,01"
2026-10-04 22:38,"17,9",59,"9,8","0,84","9,01"
2026-10-04 22:39,"17,9",59,"9,8","0,84","9,01"
2026-10-04 22:40,"17,9",59,"9,8","0,84","9,01"
2026-10-04 22:41,"17,9",59,"9,8","0,84","9,01"
2026-10-04 22:42,"17,9",59,"9,8","0,84","9,01"
2026-10-04 22:43,"17,9",59,"9,8","0,84","9,01"
2026-10-04 22:44,"17,9",59,"9,8","0,84","9,01"
2026-10-04 22:45,"17,9",59,"9,8","0,84","9,01"
2026-10-04 22:46,"17,8",59,"9,7","0,84","8,98"
2026-10-04 22:47,"17,8",59,"9,7","0,84","8,95"
2026-10-04 22:48,"17,8",59,"9,7","0,84","8,95"
2026-10-04 22:49,"17,8",59,"9,7","0,84","8,95"
2026-10-04 22:50,"17,8",59,"9,7","0,84","8,95"
2026-10-04 22:51,"17,8",59,"9,7","0,84","8,95"
2026-10-04 22:52,"17,8",59,"9,7","0,84","8,95"
2026-10-04 22:53,"17,8",59,"9,7","0,84","8,95"
2026-10-04 22:54,"17,8",59,"9,7","0,84","8,95"
2026-10-04 22:55,"17,8",59,"9,7","0,84","8,95"
2026-10-04 22:56,"17,8",59,"9,7","0,84","8,95"
2026-10-04 22:57,"17,8",59,"9,7","0,84","8,95"
2026-10-04 22:58,"17,8",59,"9,7","0,84","8,95"
2026-10-04 22:59,"17,8",59,"9,7","0,84","8,95"
2026-10-04 23:00,"17,8",59,"9,7","0,84","8,95"
2026-10-04 23:01,"17,8",59,"9,7","0,84","8,95"
2026-10-04 23:02,"17,8",59,"9,7","0,84","8,95"
2026-10-04 23:03,"17,8",59,"9,7","0,84","8,95"
2026-10-04 23:04,"17,8",59,"9,7","0,84","8,95"
2026-10-04 23:05,"17,8",59,"9,7","0,84","8,95"
2026-10-04 23:06,"17,8",59,"9,7","0,84","8,95"
2026-10-04 23:07,"17,8",59,"9,7","0,84","8,95"
2026-10-04 23:08,"17,8",59,"9,7","0,84","8,95"
2026-10-04 23:09,"17,8",59,"9,7","0,84","8,95"
2026-10-04 23:10,"17,8",59,"9,7","0,84","8,95"
2026-10-04 23:11,"17,8",59,"9,7","0,84","8,95"
2026-10-04 23:12,"17,8",59,"9,7","0,84","8,95"
2026-10-04 23:13,"17,8",59,"9,7","0,84","8,95"
2026-10-04 23:14,"17,8",59,"9,6","0,83","8,93"
2026-10-04 23:15,"17,7",59,"9,6","0,83","8,90"
2026-10-04 23:16,"17,7",59,"9,6","0,83","8,90"
2026-10-04 23:17,"17,7",59,"9,6","0,83","8,90"
2026-10-04 23:18,"17,7",59,"9,6","0,83","8,90"
2026-10-04 23:19,"17,7",59,"9,6","0,83","8,90"
2026-10-04 23:20,"17,7",59,"9,6","0,83","8,90"
2026-10-04 23:21,"17,7",59,"9,6","0,83","8,90"
2026-10-04 23:22,"17,7",59,"9,6","0,83","8,90"
2026-10-04 23:23,"17,7",59,"9,6","0,83","8,90"
2026-10-04 23:24,"17,7",59,"9,6","0,83","8,90"
2026-10-04 23:25,"17,7",59,"9,6","0,83","8,90"
2026-10-04 23:26,"17,7",59,"9,6","0,83","8,90"
2026-10-04 23:27,"17,7",59,"9,6","0,83","8,90"
2026-10-04 23:28,"17,7",59,"9,6","0,83","8,90"
2026-10-04 23:29,"17,7",59,"9,6","0,83","8,90"
2026-10-04 23:30,"17,7",59,"9,6","0,83","8,90"
2026-10-04 23:31,"17,7",59,"9,6","0,83","8,90"
2026-10-04 23:32,"17,7",59,"9,6","0,83","8,90"
2026-10-04 23:33,"17,7",59,"9,6","0,83","8,90"
2026-10-04 23:34,"17,7",59,"9,6","0,83","8,90"
2026-10-04 23:35,"17,7",59,"9,6","0,83","8,90"
2026-10-04 23:36,"17,7",59,"9,6","0,83","8,90"
2026-10-04 23:37,"17,7",59,"9,6","0,83","8,90"
2026-10-04 23:38,"17,7",59,"9,6","0,83","8,90"
2026-10-04 23:39,"17,7",59,"9,6","0,83","8,90"
2026-10-04 23:40,"17,7",59,"9,6","0,83","8,90"
2026-10-04 23:41,"17,7",59,"9,6","0,83","8,90"
2026-10-04 23:42,"17,7",59,"9,6","0,83","8,90"
2026-10-04 23:43,"17,7",59,"9,6","0,83","8,90"
2026-10-04 23:44,"17,7",59,"9,6","0,83","8,90"
2026-10-04 23:45,"17,7",59,"9,6","0,83","8,90"
2026-10-04 23:46,"17,7",59,"9,6","0,83","8,90"
2026-10-04 23:47,"17,7",59,"9,6","0,83","8,90"
2026-10-04 23:48,"17,7",59,"9,6","0,83","8,90"
2026-10-04 23:49,"17,7",59,"9,6","0,83","8,90"
2026-10-04 23:50,"17,7",59,"9,6","0,83","8,90"
2026-10-04 23:51,"17,7",59,"9,6","0,83","8,90"
2026-10-04 23:52,"17,7",59,"9,6","0,83","8,90"
2026-10-04 23:53,"17,7",59,"9,6","0,83","8,90"
2026-10-04 23:54,"17,7",59,"9,5","0,83","8,88"
2026-10-04 23:55,"17,6",59,"9,5","0,83","8,85"
2026-10-04 23:56,"17,6",59,"9,5","0,83","8,85"
2026-10-04 23:57,"17,6",59,"9,5","0,83","8,85"
2026-10-04 23:58,"17,6",59,"9,5","0,83","8,85"
2026-10-04 23:59,"17,6",59,"9,5","0,83","8,85"
2026-10-05 00:00,"17,6",59,"9,5","0,83","8,85"
2026-10-05 00:01,"17,6",59,"9,5","0,83","8,85"
2026-10-05 00:02,"17,6",59,"9,5","0,83","8,85"
2026-10-05 00:03,"17,6",59,"9,5","0,83","8,85"
2026-10-05 00:04,"17,6",59,"9,5","0,83","8,85"
2026-10-05 00:05,"17,6",59,"9,5","0,83","8,85"
2026-10-05 00:06,"17,6",59,"9,5","0,83","8,85"
2026-10-05 00:07,"17,6",59,"9,5","0,83","8,85"
2026-10-05 00:08,"17,6",59,"9,5","0,83","8,85"
2026-10-05 00:09,"17,6",59,"9,5","0,83","8,85"
2026-10-05 00:10,"17,6",59,"9,5","0,83","8,85"
2026-10-05 00:11,"17,6",59,"9,5","0,83","8,85"
2026-10-05 00:12,"17,6",59,"9,5","0,83","8,85"
2026-10-05 00:13,"17,6",59,"9,5","0,83","8,85"
2026-10-05 00:14,"17,6",59,"9,5","0,83","8,85"
2026-10-05 00:15,"17,6",59,"9,5","0,83","8,85"
2026-10-05 00:16,"17,6",59,"9,5","0,83","8,85"
2026-10-05 00:17,"17,6",59,"9,5","0,83","8,85"
2026-10-05 00:18,"17,6",59,"9,5","0,83","8,85"
2026-10-05 00:19,"17,6",59,"9,5","0,83","8,85"
2026-10-05 00:20,"17,6",59,"9,5","0,83","8,85"
2026-10-05 00:21,"17,6",59,"9,5","0,83","8,85"
2026-10-05 00:22,"17,6",59,"9,5","0,83","8,85"
2026-10-05 00:23,"17,6",59,"9,5","0,83","8,85"
2026-10-05 00:24,"17,6",59,"9,5","0,83","8,85"
2026-10-05 00:25,"17,6",59,"9,5","0,83","8,85"
2026-10-05 00:26,"17,6",59,"9,5","0,83","8,85"
2026-10-05 00:27,"17,6",59,"9,5","0,83","8,85"
2026-10-05 00:28,"17,6",59,"9,5","0,83","8,85"
2026-10-05 00:29,"17,6",59,"9,5","0,83","8,85"
2026-10-05 00:30,"17,6",58,"9,2","0,85","8,70"
2026-10-05 00:31,"17,6",58,"9,2","0,85","8,70"
2026-10-05 00:32,"17,6",58,"9,2","0,85","8,70"
2026-10-05 00:33,"17,6",58,"9,2","0,85","8,70"
2026-10-05 00:34,"17,6",58,"9,2","0,85","8,70"
2026-10-05 00:35,"17,6",58,"9,2","0,85","8,70"
2026-10-05 00:36,"17,6",58,"9,2","0,85","8,70"
2026-10-05 00:37,"17,6",58,"9,2","0,85","8,70"
2026-10-05 00:38,"17,6",58,"9,2","0,85","8,70"
2026-10-05 00:39,"17,6",58,"9,2","0,85","8,70"
2026-10-05 00:40,"17,6",58,"9,2","0,85","8,70"
2026-10-05 00:41,"17,6",58,"9,2","0,85","8,70"
2026-10-05 00:42,"17,6",58,"9,2","0,85","8,70"
2026-10-05 00:43,"17,6",58,"9,2","0,85","8,70"
2026-10-05 00:44,"17,6",58,"9,2","0,85","8,70"
2026-10-05 00:45,"17,6",58,"9,2","0,85","8,70"
2026-10-05 00:46,"17,6",58,"9,2","0,85","8,70"
2026-10-05 00:47,"17,6",58,"9,2","0,85","8,70"
2026-10-05 00:48,"17,6",58,"9,2","0,85","8,70"
2026-10-05 00:49,"17,6",58,"9,2","0,85","8,70"
2026-10-05 00:50,"17,6",58,"9,2","0,85","8,70"
2026-10-05 00:51,"17,6",58,"9,2","0,85","8,70"
2026-10-05 00:52,"17,5",58,"9,2","0,84","8,67"
2026-10-05 00:53,"17,5",58,"9,1","0,84","8,65"
2026-10-05 00:54,"17,5",58,"9,1","0,84","8,65"
2026-10-05 00:55,"17,5",58,"9,1","0,84","8,65"
2026-10-05 00:56,"17,5",58,"9,1","0,84","8,65"
2026-10-05 00:57,"17,5",58,"9,1","0,84","8,65"
2026-10-05 00:58,"17,5",58,"9,1","0,84","8,65"
2026-10-05 00:59,"17,5",58,"9,1","0,84","8,65"
2026-10-05 01:00,"17,5",58,"9,1","0,84","8,65"
2026-10-05 01:01,"17,5",58,"9,1","0,84","8,65"
2026-10-05 01:02,"17,5",58,"9,1","0,84","8,65"
2026-10-05 01:03,"17,5",58,"9,1","0,84","8,65"
2026-10-05 01:04,"17,5",58,"9,1","0,84","8,65"
2026-10-05 01:05,"17,5",58,"9,1","0,84","8,65"
2026-10-05 01:06,"17,5",58,"9,1","0,84","8,65"
2026-10-05 01:07,"17,5",58,"9,1","0,84","8,65"
2026-10-05 01:08,"17,5",58,"9,1","0,84","8,65"
2026-10-05 01:09,"17,5",58,"9,1","0,84","8,65"
2026-10-05 01:10,"17,5",58,"9,1","0,84","8,65"
2026-10-05 01:11,"17,5",58,"9,1","0,84","8,65"
2026-10-05 01:12,"17,5",58,"9,1","0,84","8,65"
2026-10-05 01:13,"17,5",58,"9,1","0,84","8,65"
2026-10-05 01:14,"17,5",58,"9,1","0,84","8,65"
2026-10-05 01:15,"17,5",58,"9,1","0,84","8,65"
2026-10-05 01:16,"17,5",58,"9,1","0,84","8,65"
2026-10-05 01:17,"17,5",58,"9,1","0,84","8,65"
2026-10-05 01:18,"17,5",58,"9,1","0,84","8,65"
2026-10-05 01:19,"17,5",58,"9,1","0,84","8,65"
2026-10-05 01:20,"17,5",58,"9,1","0,84","8,65"
2026-10-05 01:21,"17,5",58,"9,1","0,84","8,65"
2026-10-05 01:22,"17,5",58,"9,1","0,84","8,65"
2026-10-05 01:23,"17,5",58,"9,1","0,84","8,65"
2026-10-05 01:24,"17,5",58,"9,1","0,84","8,65"
2026-10-05 01:25,"17,5",58,"9,1","0,84","8,65"
2026-10-05 01:26,"17,5",58,"9,1","0,84","8,65"
2026-10-05 01:27,"17,5",58,"9,1","0,84","8,65"
2026-10-05 01:28,"17,5",58,"9,1","0,84","8,65"
2026-10-05 01:29,"17,5",58,"9,1","0,84","8,65"
2026-10-05 01:30,"17,5",58,"9,1","0,84","8,65"
2026-10-05 01:31,"17,5",58,"9,1","0,84","8,65"
2026-10-05 01:32,"17,5",58,"9,1","0,84","8,65"
2026-10-05 01:33,"17,5",58,"9,1","0,84","8,65"
2026-10-05 01:34,"17,5",58,"9,1","0,84","8,65"
2026-10-05 01:35,"17,5",58,"9,1","0,84","8,65"
2026-10-05 01:36,"17,5",58,"9,1","0,84","8,65"
2026-10-05 01:37,"17,5",58,"9,1","0,84","8,65"
2026-10-05 01:38,"17,5",58,"9,1","0,84","8,65"
2026-10-05 01:39,"17,5",58,"9,1","0,84","8,65"
2026-10-05 01:40,"17,5",58,"9,1","0,84","8,65"
2026-10-05 01:41,"17,5",58,"9,1","0,84","8,65"
2026-10-05 01:42,"17,5",58,"9,1","0,84","8,65"
2026-10-05 01:43,"17,5",58,"9,1","0,84","8,65"
2026-10-05 01:44,"17,5",58,"9,1","0,84","8,65"
2026-10-05 01:45,"17,5",58,"9,1","0,84","8,65"
2026-10-05 01:46,"17,5",57,"8,9","0,86","8,50"
2026-10-05 01:47,"17,5",57,"8,9","0,86","8,50"
2026-10-05 01:48,"17,5",57,"8,9","0,86","8,50"
2026-10-05 01:49,"17,5",57,"8,9","0,86","8,50"
2026-10-05 01:50,"17,5",57,"8,9","0,86","8,50"
2026-10-05 01:51,"17,5",57,"8,9","0,86","8,50"
2026-10-05 01:52,"17,5",57,"8,9","0,86","8,50"
2026-10-05 01:53,"17,5",57,"8,9","0,86","8,50"
2026-10-05 01:54,"17,5",57,"8,9","0,86","8,50"
2026-10-05 01:55,"17,5",57,"8,9","0,86","8,50"
2026-10-05 01:56,"17,5",57,"8,9","0,86","8,50"
2026-10-05 01:57,"17,5",57,"8,9","0,86","8,50"
2026-10-05 01:58,"17,5",57,"8,9","0,86","8,50"
2026-10-05 01:59,"17,5",57,"8,9","0,86","8,50"
2026-10-05 02:00,"17,5",57,"8,9","0,86","8,50"
2026-10-05 02:01,"17,5",57,"8,9","0,86","8,50"
2026-10-05 02:02,"17,5",57,"8,9","0,86","8,50"
2026-10-05 02:03,"17,5",57,"8,9","0,86","8,50"
2026-10-05 02:04,"17,5",57,"8,9","0,86","8,50"
2026-10-05 02:05,"17,5",57,"8,9","0,86","8,50"
2026-10-05 02:06,"17,5",57,"8,8","0,86","8,47"
2026-10-05 02:07,"17,4",57,"8,8","0,85","8,45"
2026-10-05 02:08,"17,4",57,"8,8","0,85","8,45"
2026-10-05 02:09,"17,4",57,"8,8","0,85","8,45"
2026-10-05 02:10,"17,4",57,"8,8","0,85","8,45"
2026-10-05 02:11,"17,4",57,"8,8","0,85","8,45"
2026-10-05 02:12,"17,4",57,"8,8","0,85","8,45"
2026-10-05 02:13,"17,4",57,"8,8","0,85","8,45"
2026-10-05 02:14,"17,4",57,"8,8","0,85","8,45"
2026-10-05 02:15,"17,4",57,"8,8","0,85","8,45"
2026-10-05 02:16,"17,4",57,"8,8","0,85","8,45"
2026-10-05 02:17,"17,4",57,"8,8","0,85","8,45"
2026-10-05 02:18,"17,4",57,"8,8","0,85","8,45"
2026-10-05 02:19,"17,4",57,"8,8","0,85","8,45"
2026-10-05 02:20,"17,4",57,"8,8","0,85","8,45"
2026-10-05 02:21,"17,4",57,"8,8","0,85","8,45"
2026-10-05 02:22,"17,4",57,"8,8","0,85","8,45"
2026-10-05 02:23,"17,4",57,"8,8","0,85","8,45"
2026-10-05 02:24,"17,4",57,"8,8","0,85","8,45"
2026-10-05 02:25,"17,4",57,"8,8","0,85","8,45"
2026-10-05 02:26,"17,4",57,"8,8","0,85","8,45"
2026-10-05 02:27,"17,4",57,"8,8","0,85","8,45"
2026-10-05 02:28,"17,4",57,"8,8","0,85","8,45"
2026-10-05 02:29,"17,4",57,"8,8","0,85","8,45"
2026-10-05 02:30,"17,4",57,"8,8","0,85","8,45"
2026-10-05 02:31,"17,4",57,"8,8","0,85","8,45"
2026-10-05 02:32,"17,4",57,"8,8","0,85","8,45"
2026-10-05 02:33,"17,4",57,"8,8","0,85","8,45"
2026-10-05 02:34,"17,4",57,"8,8","0,85","8,45"
2026-10-05 02:35,"17,4",57,"8,8","0,85","8,45"
2026-10-05 02:36,"17,4",57,"8,8","0,85","8,45"
2026-10-05 02:37,"17,4",57,"8,8","0,85","8,45"
2026-10-05 02:38,"17,4",57,"8,8","0,85","8,45"
2026-10-05 02:39,"17,4",57,"8,8","0,85","8,45"
2026-10-05 02:40,"17,4",57,"8,8","0,85","8,45"
2026-10-05 02:41,"17,4",57,"8,8","0,85","8,45"
2026-10-05 02:42,"17,4",57,"8,8","0,85","8,45"
2026-10-05 02:43,"17,4",57,"8,8","0,85","8,45"
2026-10-05 02:44,"17,4",57,"8,8","0,85","8,45"
2026-10-05 02:45,"17,4",57,"8,8","0,85","8,45"
2026-10-05 02:46,"17,4",57,"8,8","0,85","8,45"
2026-10-05 02:47,"17,4",57,"8,8","0,85","8,45"
2026-10-05 02:48,"17,4",57,"8,8","0,85","8,45"
2026-10-05 02:49,"17,4",57,"8,8","0,85","8,45"
2026-10-05 02:50,"17,4",57,"8,8","0,85","8,45"
2026-10-05 02:51,"17,4",57,"8,8","0,85","8,45"
2026-10-05 02:52,"17,4",57,"8,8","0,85","8,45"
2026-10-05 02:53,"17,4",57,"8,8","0,85","8,45"
2026-10-05 02:54,"17,4",57,"8,8","0,85","8,45"
2026-10-05 02:55,"17,4",57,"8,8","0,85","8,45"
2026-10-05 02:56,"17,4",57,"8,8","0,85","8,45"
2026-10-05 02:57,"17,4",57,"8,8","0,85","8,45"
2026-10-05 02:58,"17,4",57,"8,8","0,85","8,45"
2026-10-05 02:59,"17,4",57,"8,8","0,85","8,45"
2026-10-05 03:00,"17,4",57,"8,8","0,85","8,45"
2026-10-05 03:01,"17,4",57,"8,8","0,85","8,45"
2026-10-05 03:02,"17,4",57,"8,8","0,85","8,45"
2026-10-05 03:03,"17,4",57,"8,8","0,85","8,45"
2026-10-05 03:04,"17,4",57,"8,8","0,85","8,45"
2026-10-05 03:05,"17,4",57,"8,8","0,85","8,45"
2026-10-05 03:06,"17,4",57,"8,8","0,85","8,45"
2026-10-05 03:07,"17,4",57,"8,8","0,85","8,45"
2026-10-05 03:08,"17,4",57,"8,8","0,85","8,45"
2026-10-05 03:09,"17,4",57,"8,8","0,85","8,45"
2026-10-05 03:10,"17,4",57,"8,8","0,85","8,45"
2026-10-05 03:11,"17,4",57,"8,8","0,85","8,45"
2026-10-05 03:12,"17,4",57,"8,8","0,85","8,45"
2026-10-05 03:13,"17,4",57,"8,8","0,85","8,45"
2026-10-05 03:14,"17,4",57,"8,8","0,85","8,45"
2026-10-05 03:15,"17,4",57,"8,8","0,85","8,45"
2026-10-05 03:16,"17,4",57,"8,8","0,85","8,45"
2026-10-05 03:17,"17,4",57,"8,8","0,85","8,45"
2026-10-05 03:18,"17,4",57,"8,8","0,85","8,45"
2026-10-05 03:19,"17,4",57,"8,8","0,85","8,45"
2026-10-05 03:20,"17,4",57,"8,8","0,85","8,45"
2026-10-05 03:21,"17,4",57,"8,8","0,85","8,45"
2026-10-05 03:22,"17,4",57,"8,8","0,85","8,45"
2026-10-05 03:23,"17,4",57,"8,8","0,85","8,45"
2026-10-05 03:24,"17,4",57,"8,8","0,85","8,45"
2026-10-05 03:25,"17,4",57,"8,8","0,85","8,45"
2026-10-05 03:26,"17,4",57,"8,8","0,85","8,45"
2026-10-05 03:27,"17,4",57,"8,8","0,85","8,45"
2026-10-05 03:28,"17,4",57,"8,8","0,85","8,45"
2026-10-05 03:29,"17,4",57,"8,8","0,85","8,45"
2026-10-05 03:30,"17,4",57,"8,8","0,85","8,45"
2026-10-05 03:31,"17,4",57,"8,8","0,85","8,45"
2026-10-05 03:32,"17,4",57,"8,8","0,85","8,45"
2026-10-05 03:33,"17,4",57,"8,8","0,85","8,45"
2026-10-05 03:34,"17,4",57,"8,8","0,85","8,45"
2026-10-05 03:35,"17,4",57,"8,8","0,85","8,45"
2026-10-05 03:36,"17,4",57,"8,8","0,85","8,45"
2026-10-05 03:37,"17,4",57,"8,8","0,85","8,45"
2026-10-05 03:38,"17,4",57,"8,8","0,85","8,45"
2026-10-05 03:39,"17,4",57,"8,8","0,85","8,45"
2026-10-05 03:40,"17,4",57,"8,8","0,85","8,45"
2026-10-05 03:41,"17,4",57,"8,8","0,85","8,45"
2026-10-05 03:42,"17,4",57,"8,8","0,85","8,45"
2026-10-05 03:43,"17,4",57,"8,8","0,85","8,45"
2026-10-05 03:44,"17,4",57,"8,8","0,85","8,45"
2026-10-05 03:45,"17,4",57,"8,8","0,85","8,45"
2026-10-05 03:46,"17,4",56,"8,5","0,87","8,30"
2026-10-05 03:47,"17,4",56,"8,5","0,87","8,30"
2026-10-05 03:48,"17,4",56,"8,5","0,87","8,30"
2026-10-05 03:49,"17,4",56,"8,5","0,87","8,30"
2026-10-05 03:50,"17,4",56,"8,5","0,87","8,30"
2026-10-05 03:51,"17,4",56,"8,5","0,87","8,30"
2026-10-05 03:52,"17,4",56,"8,5","0,87","8,30"
2026-10-05 03:53,"17,4",56,"8,5","0,87","8,30"
2026-10-05 03:54,"17,4",56,"8,5","0,87","8,30"
2026-10-05 03:55,"17,4",56,"8,5","0,87","8,30"
2026-10-05 03:56,"17,4",56,"8,5","0,87","8,30"
2026-10-05 03:57,"17,4",56,"8,5","0,87","8,30"
2026-10-05 03:58,"17,4",56,"8,5","0,87","8,30"
2026-10-05 03:59,"17,4",56,"8,5","0,87","8,30"
2026-10-05 04:00,"17,4",56,"8,5","0,87","8,30"
2026-10-05 04:01,"17,4",56,"8,5","0,87","8,30"
2026-10-05 04:02,"17,4",56,"8,5","0,87","8,30"
2026-10-05 04:03,"17,4",56,"8,5","0,87","8,30"
2026-10-05 04:04,"17,4",56,"8,5","0,87","8,30"
2026-10-05 04:05,"17,4",56,"8,5","0,87","8,30"
2026-10-05 04:06,"17,4",56,"8,5","0,87","8,30"
2026-10-05 04:07,"17,4",56,"8,5","0,87","8,30"
2026-10-05 04:08,"17,4",56,"8,5","0,87","8,30"
2026-10-05 04:09,"17,4",56,"8,5","0,87","8,30"
2026-10-05 04:10,"17,4",56,"8,5","0,87","8,30"
2026-10-05 04:11,"17,4",56,"8,5","0,87","8,30"
2026-10-05 04:12,"17,4",56,"8,5","0,87","8,30"
2026-10-05 04:13,"17,4",56,"8,5","0,87","8,30"
2026-10-05 04:14,"17,4",56,"8,5","0,87","8,30"
2026-10-05 04:15,"17,4",56,"8,5","0,87","8,30"
2026-10-05 04:16,"17,4",56,"8,5","0,87","8,30"
2026-10-05 04:17,"17,4",56,"8,5","0,87","8,30"
2026-10-05 04:18,"17,5",56,"8,6","0,88","8,32"
2026-10-05 04:19,"17,5",56,"8,6","0,88","8,35"
2026-10-05 04:20,"17,5",56,"8,6","0,88","8,35"
2026-10-05 04:21,"17,5",56,"8,6","0,88","8,35"
2026-10-05 04:22,"17,5",56,"8,6","0,88","8,35"
2026-10-05 04:23,"17,5",56,"8,6","0,88","8,35"
2026-10-05 04:24,"17,5",56,"8,6","0,88","8,35"
2026-10-05 04:25,"17,5",56,"8,6","0,88","8,35"
2026-10-05 04:26,"17,5",56,"8,6","0,88","8,35"
2026-10-05 04:27,"17,5",56,"8,6","0,88","8,35"
2026-10-05 04:28,"17,5",56,"8,6","0,88","8,35"
2026-10-05 04:29,"17,5",56,"8,6","0,88","8,35"
2026-10-05 04:30,"17,5",56,"8,6","0,88","8,35"
2026-10-05 04:31,"17,5",56,"8,6","0,88","8,35"
2026-10-05 04:32,"17,5",56,"8,6","0,88","8,35"
2026-10-05 04:33,"17,5",56,"8,6","0,88","8,35"
2026-10-05 04:34,"17,5",56,"8,6","0,88","8,35"
2026-10-05 04:35,"17,5",56,"8,6","0,88","8,35"
2026-10-05 04:36,"17,5",56,"8,6","0,88","8,35"
2026-10-05 04:37,"17,5",56,"8,6","0,88","8,35"
2026-10-05 04:38,"17,5",56,"8,6","0,88","8,35"
2026-10-05 04:39,"17,5",56,"8,6","0,88","8,35"
2026-10-05 04:40,"17,5",56,"8,6","0,88","8,35"
2026-10-05 04:41,"17,5",56,"8,6","0,88","8,35"
2026-10-05 04:42,"17,5",56,"8,6","0,88","8,35"
2026-10-05 04:43,"17,5",56,"8,6","0,88","8,35"
2026-10-05 04:44,"17,5",56,"8,6","0,88","8,35"
2026-10-05 04:45,"17,5",56,"8,6","0,88","8,35"
2026-10-05 04:46,"17,5",56,"8,6","0,88","8,35"
2026-10-05 04:47,"17,5",56,"8,6","0,88","8,35"
2026-10-05 04:48,"17,5",56,"8,6","0,88","8,35"
2026-10-05 04:49,"17,5",56,"8,6","0,88","8,35"
2026-10-05 04:50,"17,5",56,"8,6","0,88","8,35"
2026-10-05 04:51,"17,5",56,"8,6","0,88","8,35"
2026-10-05 04:52,"17,5",56,"8,6","0,88","8,35"
2026-10-05 04:53,"17,5",56,"8,6","0,88","8,35"
2026-10-05 04:54,"17,5",56,"8,6","0,88","8,35"
2026-10-05 04:55,"17,5",56,"8,6","0,88","8,35"
2026-10-05 04:56,"17,5",56,"8,6","0,88","8,35"
2026-10-05 04:57,"17,5",56,"8,6","0,88","8,35"
2026-10-05 04:58,"17,5",56,"8,6","0,88","8,35"
2026-10-05 04:59,"17,5",56,"8,6","0,88","8,35"
2026-10-05 05:00,"17,5",56,"8,6","0,88","8,35"
2026-10-05 05:01,"17,5",56,"8,6","0,88","8,35"
2026-10-05 05:02,"17,5",56,"8,6","0,88","8,35"
2026-10-05 05:03,"17,5",56,"8,6","0,88","8,35"
2026-10-05 05:04,"17,5",56,"8,6","0,88","8,35"
2026-10-05 05:05,"17,5",56,"8,6","0,88","8,35"
2026-10-05 05:06,"17,5",56,"8,6","0,88","8,35"
2026-10-05 05:07,"17,5",56,"8,6","0,88","8,35"
2026-10-05 05:08,"17,5",56,"8,6","0,88","8,35"
2026-10-05 05:09,"17,5",56,"8,6","0,88","8,35"
2026-10-05 05:10,"17,5",56,"8,6","0,88","8,35"
2026-10-05 05:11,"17,5",56,"8,6","0,88","8,35"
2026-10-05 05:12,"17,5",56,"8,6","0,88","8,35"
2026-10-05 05:13,"17,5",56,"8,6","0,88","8,35"
2026-10-05 05:14,"17,5",56,"8,6","0,88","8,35"
2026-10-05 05:15,"17,5",56,"8,6","0,88","8,35"
2026-10-05 05:16,"17,5",56,"8,6","0,88","8,35"
2026-10-05 05:17,"17,5",56,"8,6","0,88","8,35"
2026-10-05 05:18,"17,5",56,"8,6","0,88","8,35"
2026-10-05 05:19,"17,5",56,"8,6","0,88","8,35"
2026-10-05 05:20,"17,5",56,"8,6","0,88","8,35"
2026-10-05 05:21,"17,5",56,"8,6","0,88","8,35"
2026-10-05 05:22,"17,5",56,"8,6","0,88","8,35"
2026-10-05 05:23,"17,5",56,"8,6","0,88","8,35"
2026-10-05 05:24,"17,5",56,"8,6","0,88","8,35"
2026-10-05 05:25,"17,5",56,"8,6","0,88","8,35"
2026-10-05 05:26,"17,5",56,"8,6","0,88","8,35"
2026-10-05 05:27,"17,5",56,"8,6","0,88","8,35"
2026-10-05 05:28,"17,5",56,"8,6","0,88","8,35"
2026-10-05 05:29,"17,5",56,"8,6","0,88","8,35"
2026-10-05 05:30,"17,5",56,"8,6","0,88","8,35"
2026-10-05 05:31,"17,5",56,"8,6","0,88","8,35"
2026-10-05 05:32,"17,5",56,"8,6","0,88","8,35"
2026-10-05 05:33,"17,5",56,"8,6","0,88","8,35"
2026-10-05 05:34,"17,5",56,"8,6","0,88","8,35"
2026-10-05 05:35,"17,5",56,"8,6","0,88","8,35"
2026-10-05 05:36,"17,5",56,"8,6","0,88","8,35"
2026-10-05 05:37,"17,5",56,"8,6","0,88","8,35"
2026-10-05 05:38,"17,5",56,"8,6","0,88","8,35"
2026-10-05 05:39,"17,5",56,"8,6","0,88","8,35"
2026-10-05 05:40,"17,5",56,"8,6","0,88","8,35"
2026-10-05 05:41,"17,5",56,"8,6","0,88","8,35"
2026-10-05 05:42,"17,5",56,"8,6","0,88","8,35"
2026-10-05 05:43,"17,5",56,"8,6","0,88","8,35"
2026-10-05 05:44,"17,5",56,"8,7","0,88","8,37"
2026-10-05 05:45,"17,6",56,"8,7","0,89","8,40"
2026-10-05 05:46,"17,6",56,"8,7","0,89","8,40"
2026-10-05 05:47,"17,6",56,"8,7","0,89","8,40"
2026-10-05 05:48,"17,6",56,"8,7","0,89","8,40"
2026-10-05 05:49,"17,6",56,"8,7","0,89","8,40"
2026-10-05 05:50,"17,6",56,"8,7","0,89","8,40"
2026-10-05 05:51,"17,6",56,"8,7","0,89","8,40"
2026-10-05 05:52,"17,6",56,"8,7","0,89","8,40"
2026-10-05 05:53,"17,6",56,"8,7","0,89","8,40"
2026-10-05 05:54,"17,6",56,"8,7","0,89","8,40"
2026-10-05 05:55,"17,6",56,"8,7","0,89","8,40"
2026-10-05 05:56,"17,6",56,"8,7","0,89","8,40"
2026-10-05 05:57,"17,6",56,"8,7","0,89","8,40"
2026-10-05 05:58,"17,6",56,"8,7","0,89","8,40"
2026-10-05 05:59,"17,6",56,"8,7","0,89","8,40"
2026-10-05 06:00,"17,6",56,"8,7","0,89","8,40"
2026-10-05 06:01,"17,6",56,"8,7","0,89","8,40"
2026-10-05 06:02,"17,7",56,"8,8","0,89","8,42"
2026-10-05 06:03,"17,7",56,"8,8","0,89","8,45"
2026-10-05 06:04,"17,7",56,"8,8","0,89","8,45"
2026-10-05 06:05,"17,7",56,"8,8","0,89","8,45"
2026-10-05 06:06,"17,7",56,"8,8","0,89","8,45"
2026-10-05 06:07,"17,7",56,"8,8","0,89","8,45"
2026-10-05 06:08,"17,7",56,"8,8","0,89","8,45"
2026-10-05 06:09,"17,7",56,"8,8","0,89","8,45"
2026-10-05 06:10,"17,7",56,"8,8","0,89","8,45"
2026-10-05 06:11,"17,7",56,"8,8","0,89","8,45"
2026-10-05 06:12,"17,7",56,"8,8","0,89","8,45"
2026-10-05 06:13,"17,7",56,"8,8","0,89","8,45"
2026-10-05 06:14,"17,7",56,"8,8","0,89","8,45"
2026-10-05 06:15,"17,7",56,"8,8","0,89","8,45"
2026-10-05 06:16,"17,7",56,"8,8","0,89","8,45"
2026-10-05 06:17,"17,7",56,"8,8","0,89","8,45"
2026-10-05 06:18,"17,7",56,"8,8","0,89","8,45"
2026-10-05 06:19,"17,7",56,"8,8","0,89","8,45"
2026-10-05 06:20,"17,7",56,"8,8","0,89","8,45"
2026-10-05 06:21,"17,7",56,"8,8","0,89","8,45"
2026-10-05 06:22,"17,7",56,"8,8","0,89","8,45"
2026-10-05 06:23,"17,7",56,"8,8","0,89","8,45"
2026-10-05 06:24,"17,7",56,"8,8","0,89","8,45"
2026-10-05 06:25,"17,7",56,"8,8","0,89","8,45"
2026-10-05 06:26,"17,8",56,"8,9","0,89","8,47"
2026-10-05 06:27,"17,8",56,"8,9","0,90","8,50"
2026-10-05 06:28,"17,8",56,"8,9","0,90","8,50"
2026-10-05 06:29,"17,8",56,"8,9","0,90","8,50"
2026-10-05 06:30,"17,8",56,"8,9","0,90","8,50"
2026-10-05 06:31,"17,8",56,"8,9","0,90","8,50"
2026-10-05 06:32,"17,8",56,"8,9","0,90","8,50"
2026-10-05 06:33,"17,8",56,"8,9","0,90","8,50"
2026-10-05 06:34,"17,8",56,"8,9","0,90","8,50"
2026-10-05 06:35,"17,8",56,"8,9","0,90","8,50"
2026-10-05 06:36,"17,8",56,"8,9","0,90","8,50"
2026-10-05 06:37,"17,8",56,"8,9","0,90","8,50"
2026-10-05 06:38,"17,8",56,"8,9","0,90","8,50"
2026-10-05 06:39,"17,8",56,"8,9","0,90","8,50"
2026-10-05 06:40,"17,8",56,"8,9","0,90","8,50"
2026-10-05 06:41,"17,8",56,"8,9","0,90","8,50"
2026-10-05 06:42,"17,8",56,"8,9","0,90","8,50"
2026-10-05 06:43,"17,8",56,"8,9","0,90","8,50"
2026-10-05 06:44,"17,8",56,"8,9","0,90","8,50"
2026-10-05 06:45,"17,8",56,"8,9","0,90","8,50"
2026-10-05 06:46,"17,8",56,"8,9","0,90","8,50"
2026-10-05 06:47,"17,8",56,"8,9","0,90","8,50"
2026-10-05 06:48,"17,8",56,"8,9","0,90","8,50"
2026-10-05 06:49,"17,8",56,"8,9","0,90","8,50"
2026-10-05 06:50,"17,8",56,"8,9","0,90","8,50"
2026-10-05 06:51,"17,8",56,"8,9","0,90","8,50"
2026-10-05 06:52,"17,8",56,"8,9","0,90","8,50"
2026-10-05 06:53,"17,8",56,"8,9","0,90","8,50"
2026-10-05 06:54,"17,8",56,"8,9","0,90","8,50"
2026-10-05 06:55,"17,8",56,"8,9","0,90","8,50"
2026-10-05 06:56,"17,8",56,"8,9","0,90","8,50"
2026-10-05 06:57,"17,8",56,"8,9","0,90","8,50"
2026-10-05 06:58,"17,8",56,"8,9","0,90","8,50"
2026-10-05 06:59,"17,8",56,"8,9","0,90","8,50"
2026-10-05 07:00,"17,8",56,"8,9","0,90","8,50"
2026-10-05 07:01,"17,8",56,"8,9","0,90","8,50"
2026-10-05 07:02,"17,8",56,"8,9","0,90","8,50"
2026-10-05 07:03,"17,8",56,"8,9","0,90","8,50"
2026-10-05 07:04,"17,8",56,"8,9","0,90","8,50"
2026-10-05 07:05,"17,8",56,"8,9","0,90","8,50"
2026-10-05 07:06,"17,8",56,"8,9","0,90","8,50"
2026-10-05 07:07,"17,8",56,"8,9","0,90","8,50"
2026-10-05 07:08,"17,8",56,"8,9","0,90","8,50"
2026-10-05 07:09,"17,8",56,"8,9","0,90","8,50"
2026-10-05 07:10,"17,8",56,"8,9","0,90","8,50"
2026-10-05 07:11,"17,8",56,"8,9","0,90","8,50"
2026-10-05 07:12,"17,8",56,"8,9","0,90","8,50"
2026-10-05 07:13,"17,8",56,"8,9","0,90","8,50"
2026-10-05 07:14,"17,8",56,"8,9","0,90","8,50"
2026-10-05 07:15,"17,8",56,"8,9","0,90","8,50"
2026-10-05 07:16,"17,8",56,"8,9","0,90","8,50"
2026-10-05 07:17,"17,8",56,"8,9","0,90","8,50"
2026-10-05 07:18,"17,8",56,"8,9","0,90","8,50"
2026-10-05 07:19,"17,8",56,"8,9","0,90","8,50"
2026-10-05 07:20,"17,8",56,"8,9","0,90","8,50"
2026-10-05 07:21,"17,8",56,"8,9","0,90","8,50"
2026-10-05 07:22,"17,8",56,"8,9","0,90","8,50"
2026-10-05 07:23,"17,8",56,"8,9","0,90","8,50"
2026-10-05 07:24,"17,8",56,"8,9","0,90","8,50"
2026-10-05 07:25,"17,8",56,"8,9","0,90","8,50"
2026-10-05 07:26,"17,8",56,"8,9","0,90","8,50"
2026-10-05 07:27,"17,8",56,"8,9","0,90","8,50"
2026-10-05 07:28,"17,8",56,"8,9","0,90","8,50"
2026-10-05 07:29,"17,8",56,"8,9","0,90","8,50"
2026-10-05 07:30,"17,8",56,"8,9","0,90","8,50"
2026-10-05 07:31,"17,8",56,"8,9","0,90","8,50"
2026-10-05 07:32,"17,8",56,"8,9","0,90","8,50"
2026-10-05 07:33,"17,8",56,"8,9","0,90","8,50"
2026-10-05 07:34,"17,8",56,"8,9","0,90","8,50"
2026-10-05 07:35,"17,8",56,"8,9","0,90","8,50"
2026-10-05 07:36,"17,8",56,"8,9","0,90","8,50"
2026-10-05 07:37,"17,8",56,"8,9","0,90","8,50"
2026-10-05 07:38,"17,8",56,"8,9","0,90","8,50"
2026-10-05 07:39,"17,8",56,"8,9","0,90","8,50"
2026-10-05 07:40,"17,8",56,"8,9","0,90","8,50"
2026-10-05 07:41,"17,8",56,"8,9","0,90","8,50"
2026-10-05 07:42,"17,8",56,"8,9","0,90","8,50"
2026-10-05 07:43,"17,8",56,"8,9","0,90","8,50"
2026-10-05 07:44,"17,8",56,"8,9","0,90","8,50"
2026-10-05 07:45,"17,8",56,"8,9","0,90","8,50"
2026-10-05 07:46,"17,8",56,"8,9","0,90","8,50"
2026-10-05 07:47,"17,8",56,"8,9","0,90","8,50"
2026-10-05 07:48,"17,8",56,"8,9","0,90","8,52"
2026-10-05 07:49,"17,9",56,"9,0","0,90","8,55"
2026-10-05 07:50,"17,9",56,"9,0","0,90","8,55"
2026-10-05 07:51,"17,9",56,"9,0","0,90","8,55"
2026-10-05 07:52,"17,9",56,"9,0","0,90","8,55"
2026-10-05 07:53,"17,9",56,"9,0","0,90","8,55"
2026-10-05 07:54,"17,9",56,"9,0","0,90","8,55"
2026-10-05 07:55,"17,9",56,"9,0","0,90","8,55"
2026-10-05 07:56,"17,9",56,"9,0","0,90","8,55"
2026-10-05 07:57,"17,9",56,"9,0","0,90","8,55"
2026-10-05 07:58,"17,9",56,"9,0","0,90","8,55"
2026-10-05 07:59,"17,9",56,"9,0","0,90","8,55"
2026-10-05 08:00,"17,9",56,"9,0","0,90","8,55"
2026-10-05 08:01,"17,9",56,"9,0","0,90","8,55"
2026-10-05 08:02,"17,9",56,"9,0","0,90","8,55"
2026-10-05 08:03,"17,9",56,"9,0","0,90","8,55"
2026-10-05 08:04,"17,9",56,"9,0","0,90","8,55"
2026-10-05 08:05,"17,9",56,"9,0","0,90","8,55"
2026-10-05 08:06,"17,9",56,"9,0","0,90","8,55"
2026-10-05 08:07,"17,9",56,"9,0","0,90","8,55"
2026-10-05 08:08,"17,9",56,"9,0","0,90","8,55"
2026-10-05 08:09,"17,9",56,"9,0","0,90","8,55"
2026-10-05 08:10,"17,9",56,"9,0","0,90","8,55"
2026-10-05 08:11,"17,9",56,"9,0","0,90","8,55"
2026-10-05 08:12,"17,9",56,"9,0","0,90","8,55"
2026-10-05 08:13,"17,9",56,"9,0","0,90","8,55"
2026-10-05 08:14,"17,9",56,"9,0","0,90","8,55"
2026-10-05 08:15,"17,9",56,"9,0","0,90","8,55"
2026-10-05 08:16,"17,9",56,"9,0","0,90","8,55"
2026-10-05 08:17,"17,9",56,"9,0","0,90","8,55"
2026-10-05 08:18,"17,9",56,"9,0","0,90","8,55"
2026-10-05 08:19,"17,9",56,"9,0","0,90","8,55"
2026-10-05 08:20,"17,9",53,"8,2","0,96","8,09"
2026-10-05 08:21,"17,9",50,"7,3","1,03","7,63"
2026-10-05 08:22,"17,9",51,"7,6","1,00","7,79"
2026-10-05 08:23,"17,9",53,"8,2","0,96","8,09"
2026-10-05 08:24,"17,9",53,"8,2","0,96","8,09"
2026-10-05 08:25,"17,9",53,"8,2","0,96","8,09"
2026-10-05 08:26,"17,9",53,"8,2","0,96","8,09"
2026-10-05 08:27,"17,9",53,"8,2","0,96","8,09"
2026-10-05 08:28,"17,9",53,"8,2","0,96","8,09"
2026-10-05 08:29,"17,9",54,"8,5","0,94","8,24"
2026-10-05 08:30,"17,9",54,"8,5","0,94","8,24"
2026-10-05 08:31,"17,9",54,"8,5","0,94","8,24"
2026-10-05 08:32,"17,9",54,"8,5","0,94","8,24"
2026-10-05 08:33,"17,9",54,"8,5","0,94","8,24"
2026-10-05 08:34,"17,9",54,"8,5","0,94","8,24"
2026-10-05 08:35,"17,9",54,"8,5","0,94","8,24"
2026-10-05 08:36,"17,9",54,"8,5","0,94","8,24"
2026-10-05 08:37,"17,9",54,"8,5","0,94","8,24"
2026-10-05 08:38,"17,9",54,"8,5","0,94","8,24"
2026-10-05 08:39,"17,9",54,"8,5","0,94","8,24"
2026-10-05 08:40,"17,9",54,"8,5","0,94","8,24"
2026-10-05 08:41,"17,9",54,"8,5","0,94","8,24"
2026-10-05 08:42,"17,9",54,"8,5","0,94","8,24"
2026-10-05 08:43,"17,9",54,"8,5","0,94","8,24"
2026-10-05 08:44,"17,9",54,"8,5","0,94","8,24"
2026-10-05 08:45,"17,9",54,"8,5","0,94","8,24"
2026-10-05 08:46,"17,9",54,"8,5","0,94","8,24"
2026-10-05 08:47,"17,9",54,"8,5","0,94","8,24"
2026-10-05 08:48,"17,9",54,"8,5","0,94","8,24"
2026-10-05 08:49,"17,9",54,"8,5","0,94","8,24"
2026-10-05 08:50,"17,9",54,"8,5","0,94","8,24"
2026-10-05 08:51,"17,9",54,"8,5","0,94","8,24"
2026-10-05 08:52,"17,9",54,"8,5","0,94","8,24"
2026-10-05 08:53,"17,9",54,"8,5","0,94","8,24"
2026-10-05 08:54,"17,9",54,"8,5","0,94","8,24"
2026-10-05 08:55,"17,9",54,"8,5","0,94","8,24"
2026-10-05 08:56,"17,9",54,"8,5","0,94","8,24"
2026-10-05 08:57,"17,9",54,"8,5","0,94","8,24"
2026-10-05 08:58,"17,8",54,"8,4","0,94","8,22"
2026-10-05 08:59,"17,8",55,"8,6","0,92","8,35"
2026-10-05 09:00,"17,8",55,"8,6","0,92","8,35"
2026-10-05 09:01,"17,8",55,"8,6","0,92","8,35"
2026-10-05 09:02,"17,8",55,"8,6","0,92","8,35"
2026-10-05 09:03,"17,8",55,"8,6","0,92","8,35"
2026-10-05 09:04,"17,8",55,"8,6","0,92","8,35"
2026-10-05 09:05,"17,8",55,"8,6","0,92","8,35"
2026-10-05 09:06,"17,8",55,"8,6","0,92","8,35"
2026-10-05 09:07,"17,8",55,"8,6","0,92","8,35"
2026-10-05 09:08,"17,8",55,"8,6","0,92","8,35"
2026-10-05 09:09,"17,8",55,"8,6","0,92","8,35"
2026-10-05 09:10,"17,8",55,"8,6","0,92","8,35"
2026-10-05 09:11,"17,8",55,"8,6","0,92","8,35"
2026-10-05 09:12,"17,8",55,"8,6","0,92","8,35"
2026-10-05 09:13,"17,8",55,"8,6","0,92","8,35"
2026-10-05 09:14,"17,8",55,"8,6","0,92","8,35"
2026-10-05 09:15,"17,8",55,"8,6","0,92","8,35"
2026-10-05 09:16,"17,8",55,"8,6","0,92","8,35"
2026-10-05 09:17,"17,8",55,"8,6","0,92","8,35"
2026-10-05 09:18,"17,8",55,"8,6","0,92","8,35"
2026-10-05 09:19,"17,8",55,"8,6","0,92","8,35"
2026-10-05 09:20,"17,8",55,"8,6","0,92","8,35"
2026-10-05 09:21,"17,8",56,"8,9","0,90","8,50"
2026-10-05 09:22,"17,8",56,"8,9","0,90","8,50"
2026-10-05 09:23,"17,8",56,"8,9","0,90","8,50"
2026-10-05 09:24,"17,8",56,"8,9","0,90","8,50"
2026-10-05 09:25,"17,8",56,"8,9","0,90","8,50"
2026-10-05 09:26,"17,8",56,"8,9","0,90","8,50"
2026-10-05 09:27,"17,8",56,"8,9","0,90","8,50"
2026-10-05 09:28,"17,8",56,"8,9","0,90","8,50"
2026-10-05 09:29,"17,8",56,"8,9","0,90","8,50"
2026-10-05 09:30,"17,8",56,"8,9","0,90","8,50"
2026-10-05 09:31,"17,8",56,"8,9","0,90","8,50"
2026-10-05 09:32,"17,8",56,"8,9","0,90","8,50"
2026-10-05 09:33,"17,8",56,"8,9","0,90","8,50"
2026-10-05 09:34,"17,8",56,"8,9","0,90","8,50"
2026-10-05 09:35,"17,8",56,"8,9","0,90","8,50"
2026-10-05 09:36,"17,8",56,"8,9","0,90","8,50"
2026-10-05 09:37,"17,8",56,"8,9","0,90","8,50"
2026-10-05 09:38,"17,8",56,"8,9","0,89","8,47"
2026-10-05 09:39,"17,7",56,"8,8","0,89","8,45"
2026-10-05 09:40,"17,7",56,"8,8","0,89","8,45"
2026-10-05 09:41,"17,7",56,"8,8","0,89","8,45"
2026-10-05 09:42,"17,7",56,"8,8","0,89","8,45"
2026-10-05 09:43,"17,7",56,"8,8","0,89","8,45"
2026-10-05 09:44,"17,7",56,"8,8","0,89","8,45"
2026-10-05 09:45,"17,7",57,"9,1","0,87","8,60"
2026-10-05 09:46,"17,7",57,"9,1","0,87","8,60"
2026-10-05 09:47,"17,7",57,"9,1","0,87","8,60"
2026-10-05 09:48,"17,7",57,"9,1","0,87","8,60"
2026-10-05 09:49,"17,7",57,"9,1","0,87","8,60"
2026-10-05 09:50,"17,7",57,"9,1","0,87","8,60"
2026-10-05 09:51,"17,7",57,"9,1","0,87","8,60"
2026-10-05 09:52,"17,7",57,"9,1","0,87","8,60"
2026-10-05 09:53,"17,7",57,"9,1","0,87","8,60"
2026-10-05 09:54,"17,7",57,"9,1","0,87","8,60"
2026-10-05 09:55,"17,7",57,"9,1","0,87","8,60"
2026-10-05 09:56,"17,7",57,"9,1","0,87","8,60"
2026-10-05 09:57,"17,7",57,"9,1","0,87","8,60"
2026-10-05 09:58,"17,7",57,"9,1","0,87","8,60"
2026-10-05 09:59,"17,7",57,"9,1","0,87","8,60"
2026-10-05 10:00,"17,7",57,"9,1","0,87","8,60"
2026-10-05 10:01,"17,7",57,"9,1","0,87","8,60"
2026-10-05 10:02,"17,7",57,"9,1","0,87","8,60"
2026-10-05 10:03,"17,7",57,"9,1","0,87","8,60"
2026-10-05 10:04,"17,7",57,"9,1","0,87","8,60"
2026-10-05 10:05,"17,7",57,"9,1","0,87","8,60"
2026-10-05 10:06,"17,7",57,"9,1","0,87","8,60"
2026-10-05 10:07,"17,7",57,"9,1","0,87","8,60"
2026-10-05 10:08,"17,7",57,"9,1","0,87","8,60"
2026-10-05 10:09,"17,7",57,"9,1","0,87","8,60"
2026-10-05 10:10,"17,7",57,"9,1","0,87","8,60"
2026-10-05 10:11,"17,7",58,"9,3","0,85","8,75"
2026-10-05 10:12,"17,7",58,"9,3","0,85","8,75"
2026-10-05 10:13,"17,7",58,"9,3","0,85","8,75"
2026-10-05 10:14,"17,7",58,"9,3","0,85","8,75"
2026-10-05 10:15,"17,7",58,"9,3","0,85","8,75"
2026-10-05 10:16,"17,7",58,"9,3","0,85","8,75"
2026-10-05 10:17,"17,7",58,"9,3","0,85","8,75"
2026-10-05 10:18,"17,7",58,"9,3","0,85","8,75"
2026-10-05 10:19,"17,7",58,"9,3","0,85","8,75"
2026-10-05 10:20,"17,7",58,"9,3","0,85","8,75"
2026-10-05 10:21,"17,7",58,"9,3","0,85","8,75"
2026-10-05 10:22,"17,7",58,"9,3","0,85","8,75"
2026-10-05 10:23,"17,7",58,"9,3","0,85","8,75"
2026-10-05 10:24,"17,7",58,"9,3","0,85","8,75"
2026-10-05 10:25,"17,7",58,"9,3","0,85","8,75"
2026-10-05 10:26,"17,7",58,"9,3","0,85","8,75"
2026-10-05 10:27,"17,7",58,"9,3","0,85","8,75"
2026-10-05 10:28,"17,7",58,"9,3","0,85","8,75"
2026-10-05 10:29,"17,7",58,"9,3","0,85","8,75"
2026-10-05 10:30,"17,7",58,"9,3","0,85","8,75"
2026-10-05 10:31,"17,7",58,"9,3","0,85","8,75"
2026-10-05 10:32,"17,7",58,"9,3","0,85","8,75"
2026-10-05 10:33,"17,7",58,"9,3","0,85","8,75"
2026-10-05 10:34,"17,7",58,"9,3","0,85","8,75"
2026-10-05 10:35,"17,7",58,"9,3","0,85","8,75"
2026-10-05 10:36,"17,7",58,"9,3","0,85","8,75"
2026-10-05 10:37,"17,7",58,"9,3","0,85","8,75"
2026-10-05 10:38,"17,7",58,"9,3","0,85","8,75"
2026-10-05 10:39,"17,7",59,"9,6","0,83","8,90"
2026-10-05 10:40,"17,7",59,"9,6","0,83","8,90"
2026-10-05 10:41,"17,7",59,"9,6","0,83","8,90"
2026-10-05 10:42,"17,7",59,"9,6","0,83","8,90"
2026-10-05 10:43,"17,7",59,"9,6","0,83","8,90"
2026-10-05 10:44,"17,7",59,"9,5","0,83","8,88"
2026-10-05 10:45,"17,6",59,"9,5","0,83","8,85"
2026-10-05 10:46,"17,6",59,"9,5","0,83","8,85"
2026-10-05 10:47,"17,6",59,"9,5","0,83","8,85"
2026-10-05 10:48,"17,6",59,"9,5","0,83","8,85"
2026-10-05 10:49,"17,6",59,"9,5","0,83","8,85"
2026-10-05 10:50,"17,6",59,"9,5","0,83","8,85"
2026-10-05 10:51,"17,6",59,"9,5","0,83","8,85"
2026-10-05 10:52,"17,6",59,"9,5","0,83","8,85"
2026-10-05 10:53,"17,6",59,"9,5","0,83","8,85"
2026-10-05 10:54,"17,6",59,"9,5","0,83","8,85"
2026-10-05 10:55,"17,6",59,"9,5","0,83","8,85"
2026-10-05 10:56,"17,6",59,"9,5","0,83","8,85"
2026-10-05 10:57,"17,6",59,"9,5","0,83","8,85"
2026-10-05 10:58,"17,6",59,"9,5","0,83","8,85"
2026-10-05 10:59,"17,6",59,"9,5","0,83","8,85"
2026-10-05 11:00,"17,6",59,"9,5","0,83","8,85"
2026-10-05 11:01,"17,6",59,"9,5","0,83","8,85"
2026-10-05 11:02,"17,6",59,"9,5","0,83","8,85"
2026-10-05 11:03,"17,6",59,"9,5","0,83","8,85"
2026-10-05 11:04,"17,6",59,"9,5","0,83","8,85"
2026-10-05 11:05,"17,6",59,"9,5","0,83","8,85"
2026-10-05 11:06,"17,6",59,"9,5","0,83","8,85"
2026-10-05 11:07,"17,6",59,"9,5","0,83","8,85"
2026-10-05 11:08,"17,6",59,"9,5","0,83","8,85"
2026-10-05 11:09,"17,6",59,"9,5","0,83","8,85"
2026-10-05 11:10,"17,6",59,"9,5","0,83","8,85"
2026-10-05 11:11,"17,6",60,"9,7","0,81","9,00"
2026-10-05 11:12,"17,6",60,"9,7","0,81","9,00"
2026-10-05 11:13,"17,6",60,"9,7","0,81","9,00"
2026-10-05 11:14,"17,6",60,"9,7","0,81","9,00"
2026-10-05 11:15,"17,6",60,"9,7","0,81","9,00"
2026-10-05 11:16,"17,6",60,"9,7","0,81","9,00"
2026-10-05 11:17,"17,6",60,"9,7","0,81","9,00"
2026-10-05 11:18,"17,6",60,"9,7","0,81","9,00"
2026-10-05 11:19,"17,6",60,"9,7","0,81","9,00"
2026-10-05 11:20,"17,6",60,"9,7","0,81","9,00"
2026-10-05 11:21,"17,6",60,"9,7","0,81","9,00"
2026-10-05 11:22,"17,6",60,"9,7","0,81","9,00"
2026-10-05 11:23,"17,6",60,"9,7","0,81","9,00"
2026-10-05 11:24,"17,6",60,"9,7","0,81","9,00"
2026-10-05 11:25,"17,6",60,"9,7","0,81","9,00"
2026-10-05 11:26,"17,6",60,"9,7","0,81","9,00"
2026-10-05 11:27,"17,6",60,"9,7","0,81","9,00"
2026-10-05 11:28,"17,6",60,"9,7","0,81","9,00"
2026-10-05 11:29,"17,6",60,"9,7","0,81","9,00"
2026-10-05 11:30,"17,6",60,"9,7","0,81","9,00"
2026-10-05 11:31,"17,6",60,"9,7","0,81","9,00"
2026-10-05 11:32,"17,6",60,"9,7","0,81","9,00"
2026-10-05 11:33,"17,6",60,"9,7","0,81","9,00"
2026-10-05 11:34,"17,6",60,"9,7","0,81","9,00"
2026-10-05 11:35,"17,6",60,"9,7","0,81","9,00"
2026-10-05 11:36,"17,6",60,"9,7","0,81","9,00"
2026-10-05 11:37,"17,6",60,"9,7","0,81","9,00"
2026-10-05 11:38,"17,6",60,"9,7","0,81","9,00"
2026-10-05 11:39,"17,6",60,"9,7","0,81","9,00"
2026-10-05 11:40,"17,6",60,"9,7","0,81","9,00"
2026-10-05 11:41,"17,6",60,"9,7","0,81","9,00"
2026-10-05 11:42,"17,6",60,"9,7","0,81","9,00"
2026-10-05 11:43,"17,6",60,"9,7","0,81","9,00"
2026-10-05 11:44,"17,6",60,"9,7","0,81","9,00"
2026-10-05 11:45,"17,6",60,"9,7","0,81","9,00"
2026-10-05 11:46,"17,6",60,"9,7","0,81","9,00"
2026-10-05 11:47,"17,6",60,"9,7","0,81","9,00"
2026-10-05 11:48,"17,6",60,"9,7","0,81","9,00"
2026-10-05 11:49,"17,6",61,"10,0","0,78","9,15"
2026-10-05 11:50,"17,6",61,"10,0","0,78","9,15"
2026-10-05 11:51,"17,6",61,"10,0","0,78","9,15"
2026-10-05 11:52,"17,6",61,"10,0","0,78","9,15"
2026-10-05 11:53,"17,6",61,"10,0","0,78","9,15"
2026-10-05 11:54,"17,6",61,"10,0","0,78","9,15"
2026-10-05 11:55,"17,6",61,"10,0","0,78","9,15"
2026-10-05 11:56,"17,6",61,"10,0","0,78","9,15"
2026-10-05 11:57,"17,6",61,"10,0","0,78","9,15"
2026-10-05 11:58,"17,6",61,"10,0","0,78","9,15"
2026-10-05 11:59,"17,6",61,"10,0","0,78","9,15"
2026-10-05 12:00,"17,6",61,"10,0","0,78","9,15"
2026-10-05 12:01,"17,6",61,"10,0","0,78","9,15"
2026-10-05 12:02,"17,6",61,"10,0","0,78","9,15"
2026-10-05 12:03,"17,6",61,"10,0","0,78","9,15"
2026-10-05 12:04,"17,6",61,"10,0","0,78","9,15"
2026-10-05 12:05,"17,6",61,"10,0","0,78","9,15"
2026-10-05 12:06,"17,6",61,"10,0","0,78","9,15"
2026-10-05 12:07,"17,6",61,"10,0","0,78","9,15"
2026-10-05 12:08,"17,6",61,"10,0","0,78","9,15"
2026-10-05 12:09,"17,6",61,"10,0","0,78","9,15"
2026-10-05 12:10,"17,6",61,"10,0","0,78","9,15"
2026-10-05 12:11,"17,6",61,"10,0","0,78","9,15"
2026-10-05 12:12,"17,6",61,"10,0","0,78","9,15"
2026-10-05 12:13,"17,6",61,"10,0","0,78","9,15"
2026-10-05 12:14,"17,6",61,"10,0","0,78","9,15"
2026-10-05 12:15,"17,6",61,"10,0","0,78","9,15"
2026-10-05 12:16,"17,6",61,"10,0","0,78","9,15"
2026-10-05 12:17,"17,6",61,"10,0","0,78","9,15"
2026-10-05 12:18,"17,6",61,"10,0","0,78","9,15"
2026-10-05 12:19,"17,6",61,"10,0","0,78","9,15"
2026-10-05 12:20,"17,6",61,"10,0","0,78","9,15"
2026-10-05 12:21,"17,6",61,"10,0","0,78","9,15"
2026-10-05 12:22,"17,6",61,"10,0","0,78","9,15"
2026-10-05 12:23,"17,6",61,"10,0","0,78","9,15"
2026-10-05 12:24,"17,6",61,"10,0","0,78","9,15"
2026-10-05 12:25,"17,6",62,"10,2","0,76","9,30"
2026-10-05 12:26,"17,6",62,"10,2","0,76","9,30"
2026-10-05 12:27,"17,6",62,"10,2","0,76","9,30"
2026-10-05 12:28,"17,6",62,"10,2","0,76","9,30"
2026-10-05 12:29,"17,6",62,"10,2","0,76","9,30"
2026-10-05 12:30,"17,5",62,"10,2","0,76","9,27"
2026-10-05 12:31,"17,5",62,"10,1","0,76","9,24"
2026-10-05 12:32,"17,5",62,"10,1","0,76","9,24"
2026-10-05 12:33,"17,5",62,"10,1","0,76","9,24"
2026-10-05 12:34,"17,5",62,"10,1","0,76","9,24"
2026-10-05 12:35,"17,5",62,"10,1","0,76","9,24"
2026-10-05 12:36,"17,5",62,"10,1","0,76","9,24"
2026-10-05 12:37,"17,5",62,"10,1","0,76","9,24"
2026-10-05 12:38,"17,5",62,"10,1","0,76","9,24"
2026-10-05 12:39,"17,5",62,"10,1","0,76","9,24"
2026-10-05 12:40,"17,5",62,"10,1","0,76","9,24"
2026-10-05 12:41,"17,5",62,"10,1","0,76","9,24"
2026-10-05 12:42,"17,5",62,"10,1","0,76","9,24"
2026-10-05 12:43,"17,5",62,"10,1","0,76","9,24"
2026-10-05 12:44,"17,5",62,"10,1","0,76","9,24"
2026-10-05 12:45,"17,5",62,"10,1","0,76","9,24"
2026-10-05 12:46,"17,5",62,"10,1","0,76","9,24"
2026-10-05 12:47,"17,5",62,"10,1","0,76","9,24"
2026-10-05 12:48,"17,5",62,"10,1","0,76","9,24"
2026-10-05 12:49,"17,5",62,"10,1","0,76","9,24"
2026-10-05 12:50,"17,5",62,"10,1","0,76","9,24"
2026-10-05 12:51,"17,5",62,"10,1","0,76","9,24"
2026-10-05 12:52,"17,5",62,"10,1","0,76","9,24"
2026-10-05 12:53,"17,5",62,"10,1","0,76","9,24"
2026-10-05 12:54,"17,5",62,"10,1","0,76","9,24"
2026-10-05 12:55,"17,5",62,"10,1","0,76","9,24"
2026-10-05 12:56,"17,5",62,"10,1","0,76","9,24"
2026-10-05 12:57,"17,5",62,"10,1","0,76","9,24"
2026-10-05 12:58,"17,5",62,"10,1","0,76","9,24"
2026-10-05 12:59,"17,5",62,"10,1","0,76","9,24"
2026-10-05 13:00,"17,5",62,"10,1","0,76","9,24"
2026-10-05 13:01,"17,5",62,"10,1","0,76","9,24"
2026-10-05 13:02,"17,5",62,"10,1","0,76","9,24"
2026-10-05 13:03,"17,5",63,"10,4","0,74","9,39"
2026-10-05 13:04,"17,5",63,"10,4","0,74","9,39"
2026-10-05 13:05,"17,5",63,"10,4","0,74","9,39"
2026-10-05 13:06,"17,5",63,"10,4","0,74","9,39"
2026-10-05 13:07,"17,5",63,"10,4","0,74","9,39"
2026-10-05 13:08,"17,5",63,"10,4","0,74","9,39"
2026-10-05 13:09,"17,5",63,"10,4","0,74","9,39"
2026-10-05 13:10,"17,5",63,"10,4","0,74","9,39"
2026-10-05 13:11,"17,5",63,"10,4","0,74","9,39"
2026-10-05 13:12,"17,5",63,"10,4","0,74","9,39"
2026-10-05 13:13,"17,5",63,"10,4","0,74","9,39"
2026-10-05 13:14,"17,5",63,"10,4","0,74","9,39"
2026-10-05 13:15,"17,5",63,"10,4","0,74","9,39"
2026-10-05 13:16,"17,5",63,"10,4","0,74","9,39"
2026-10-05 13:17,"17,5",63,"10,4","0,74","9,39"
2026-10-05 13:18,"17,5",63,"10,4","0,74","9,39"
2026-10-05 13:19,"17,5",63,"10,4","0,74","9,39"
2026-10-05 13:20,"17,5",63,"10,4","0,74","9,39"
2026-10-05 13:21,"17,5",63,"10,4","0,74","9,39"
2026-10-05 13:22,"17,5",63,"10,4","0,74","9,39"
2026-10-05 13:23,"17,5",63,"10,4","0,74","9,39"
2026-10-05 13:24,"17,5",63,"10,4","0,74","9,39"
2026-10-05 13:25,"17,5",63,"10,4","0,74","9,39"
2026-10-05 13:26,"17,5",63,"10,4","0,74","9,39"
2026-10-05 13:27,"17,5",63,"10,4","0,74","9,39"
2026-10-05 13:28,"17,5",63,"10,4","0,74","9,39"
2026-10-05 13:29,"17,5",63,"10,4","0,74","9,39"
2026-10-05 13:30,"17,5",63,"10,4","0,74","9,39"
2026-10-05 13:31,"17,5",63,"10,4","0,74","9,39"
2026-10-05 13:32,"17,5",63,"10,4","0,74","9,39"
2026-10-05 13:33,"17,5",63,"10,4","0,74","9,39"
2026-10-05 13:34,"17,5",63,"10,4","0,74","9,39"
2026-10-05 13:35,"17,5",63,"10,4","0,74","9,39"
2026-10-05 13:36,"17,5",63,"10,4","0,74","9,39"
2026-10-05 13:37,"17,5",63,"10,4","0,74","9,39"
2026-10-05 13:38,"17,5",63,"10,4","0,74","9,39"
2026-10-05 13:39,"17,5",63,"10,4","0,74","9,39"
2026-10-05 13:40,"17,5",63,"10,4","0,74","9,39"
2026-10-05 13:41,"17,5",64,"10,6","0,72","9,54"
2026-10-05 13:42,"17,5",64,"10,6","0,72","9,54"
2026-10-05 13:43,"17,5",64,"10,6","0,72","9,54"
2026-10-05 13:44,"17,5",64,"10,6","0,72","9,54"
2026-10-05 13:45,"17,5",64,"10,6","0,72","9,54"
2026-10-05 13:46,"17,5",64,"10,6","0,72","9,54"
2026-10-05 13:47,"17,5",64,"10,6","0,72","9,54"
2026-10-05 13:48,"17,5",64,"10,6","0,72","9,54"
2026-10-05 13:49,"17,5",64,"10,6","0,72","9,54"
2026-10-05 13:50,"17,5",64,"10,6","0,72","9,54"
2026-10-05 13:51,"17,5",64,"10,6","0,72","9,54"
2026-10-05 13:52,"17,5",64,"10,6","0,72","9,54"
2026-10-05 13:53,"17,5",64,"10,6","0,72","9,54"
2026-10-05 13:54,"17,5",64,"10,6","0,72","9,54"
2026-10-05 13:55,"17,5",64,"10,6","0,72","9,54"
2026-10-05 13:56,"17,5",64,"10,6","0,72","9,54"
2026-10-05 13:57,"17,5",64,"10,6","0,72","9,54"
2026-10-05 13:58,"17,5",64,"10,6","0,72","9,54"
2026-10-05 13:59,"17,5",64,"10,6","0,72","9,54"
2026-10-05 14:00,"17,5",64,"10,6","0,72","9,54"
2026-10-05 14:01,"17,5",64,"10,6","0,72","9,54"
2026-10-05 14:02,"17,5",64,"10,6","0,72","9,54"
2026-10-05 14:03,"17,5",64,"10,6","0,72","9,54"
2026-10-05 14:04,"17,5",64,"10,6","0,72","9,54"
2026-10-05 14:05,"17,5",64,"10,6","0,72","9,54"
2026-10-05 14:06,"17,5",64,"10,6","0,72","9,54"
2026-10-05 14:07,"17,5",64,"10,6","0,72","9,54"
2026-10-05 14:08,"17,5",64,"10,6","0,72","9,54"
2026-10-05 14:09,"17,5",64,"10,6","0,72","9,54"
2026-10-05 14:10,"17,5",64,"10,6","0,72","9,54"
2026-10-05 14:11,"17,5",64,"10,6","0,72","9,54"
2026-10-05 14:12,"17,5",64,"10,6","0,72","9,54"
2026-10-05 14:13,"17,5",64,"10,6","0,72","9,54"
2026-10-05 14:14,"17,5",64,"10,6","0,72","9,54"
2026-10-05 14:15,"17,5",64,"10,6","0,72","9,54"
2026-10-05 14:16,"17,5",64,"10,6","0,72","9,54"
2026-10-05 14:17,"17,5",64,"10,6","0,72","9,54"
2026-10-05 14:18,"17,5",64,"10,6","0,72","9,54"
2026-10-05 14:19,"17,5",64,"10,6","0,72","9,54"
2026-10-05 14:20,"17,5",64,"10,6","0,72","9,54"
2026-10-05 14:21,"17,5",64,"10,6","0,72","9,54"
2026-10-05 14:22,"17,5",64,"10,6","0,72","9,54"
2026-10-05 14:23,"17,5",64,"10,6","0,72","9,54"
2026-10-05 14:24,"17,5",64,"10,6","0,72","9,54"
2026-10-05 14:25,"17,5",64,"10,6","0,72","9,54"
2026-10-05 14:26,"17,5",64,"10,6","0,72","9,54"
2026-10-05 14:27,"17,5",65,"10,8","0,70","9,69"
2026-10-05 14:28,"17,5",65,"10,8","0,70","9,69"
2026-10-05 14:29,"17,5",65,"10,8","0,70","9,69"
2026-10-05 14:30,"17,5",65,"10,8","0,70","9,69"
2026-10-05 14:31,"17,5",65,"10,8","0,70","9,69"
2026-10-05 14:32,"17,5",65,"10,8","0,70","9,69"
2026-10-05 14:33,"17,5",65,"10,8","0,70","9,69"
2026-10-05 14:34,"17,5",65,"10,8","0,70","9,69"
2026-10-05 14:35,"17,5",65,"10,8","0,70","9,69"
2026-10-05 14:36,"17,5",65,"10,8","0,70","9,69"
2026-10-05 14:37,"17,5",65,"10,8","0,70","9,69"
2026-10-05 14:38,"17,5",65,"10,8","0,70","9,69"
2026-10-05 14:39,"17,5",65,"10,8","0,70","9,69"
2026-10-05 14:40,"17,5",65,"10,8","0,70","9,69"
2026-10-05 14:41,"17,5",65,"10,8","0,70","9,69"
2026-10-05 14:42,"17,5",65,"10,8","0,70","9,69"
2026-10-05 14:43,"17,5",65,"10,8","0,70","9,69"
2026-10-05 14:44,"17,5",65,"10,8","0,70","9,69"
2026-10-05 14:45,"17,5",65,"10,8","0,70","9,69"
2026-10-05 14:46,"17,5",65,"10,8","0,70","9,69"
2026-10-05 14:47,"17,5",65,"10,8","0,70","9,69"
2026-10-05 14:48,"17,5",65,"10,8","0,70","9,69"
2026-10-05 14:49,"17,5",65,"10,8","0,70","9,69"
2026-10-05 14:50,"17,5",65,"10,8","0,70","9,69"
2026-10-05 14:51,"17,5",65,"10,8","0,70","9,69"
2026-10-05 14:52,"17,5",65,"10,8","0,70","9,66"
2026-10-05 14:53,"17,4",65,"10,7","0,70","9,63"
2026-10-05 14:54,"17,4",65,"10,7","0,70","9,63"
2026-10-05 14:55,"17,4",65,"10,7","0,70","9,63"
2026-10-05 14:56,"17,4",65,"10,7","0,70","9,63"
2026-10-05 14:57,"17,4",65,"10,7","0,70","9,63"
2026-10-05 14:58,"17,4",65,"10,7","0,70","9,63"
2026-10-05 14:59,"17,4",65,"10,7","0,70","9,63"
2026-10-05 15:00,"17,4",65,"10,7","0,70","9,63"
2026-10-05 15:01,"17,4",65,"10,7","0,70","9,63"
2026-10-05 15:02,"17,4",65,"10,7","0,70","9,63"
2026-10-05 15:03,"17,4",65,"10,7","0,70","9,63"
2026-10-05 15:04,"17,4",65,"10,7","0,70","9,63"
2026-10-05 15:05,"17,4",65,"10,7","0,70","9,63"
2026-10-05 15:06,"17,4",65,"10,7","0,70","9,63"
2026-10-05 15:07,"17,4",65,"10,7","0,70","9,63"
2026-10-05 15:08,"17,4",65,"10,7","0,70","9,63"
2026-10-05 15:09,"17,4",65,"10,7","0,70","9,63"
2026-10-05 15:10,"17,4",65,"10,7","0,70","9,63"
2026-10-05 15:11,"17,4",65,"10,7","0,70","9,63"
2026-10-05 15:12,"17,4",65,"10,7","0,70","9,63"
2026-10-05 15:13,"17,4",65,"10,7","0,70","9,63"
2026-10-05 15:14,"17,4",65,"10,7","0,70","9,63"
2026-10-05 15:15,"17,4",65,"10,7","0,70","9,63"
2026-10-05 15:16,"17,4",65,"10,7","0,70","9,63"
2026-10-05 15:17,"17,4",65,"10,7","0,70","9,63"
2026-10-05 15:18,"17,4",65,"10,7","0,70","9,63"
2026-10-05 15:19,"17,4",65,"10,7","0,70","9,63"
2026-10-05 15:20,"17,4",65,"10,7","0,70","9,63"
2026-10-05 15:21,"17,4",65,"10,7","0,70","9,63"
2026-10-05 15:22,"17,4",65,"10,7","0,70","9,63"
2026-10-05 15:23,"17,4",66,"11,0","0,68","9,78"
2026-10-05 15:24,"17,4",66,"11,0","0,68","9,78"
2026-10-05 15:25,"17,4",66,"11,0","0,68","9,78"
2026-10-05 15:26,"17,4",66,"11,0","0,68","9,78"
2026-10-05 15:27,"17,4",66,"11,0","0,68","9,78"
2026-10-05 15:28,"17,4",66,"11,0","0,68","9,78"
2026-10-05 15:29,"17,4",66,"11,0","0,68","9,78"
2026-10-05 15:30,"17,4",66,"11,0","0,68","9,78"
2026-10-05 15:31,"17,4",66,"11,0","0,68","9,78"
2026-10-05 15:32,"17,4",66,"11,0","0,68","9,78"
2026-10-05 15:33,"17,4",66,"11,0","0,68","9,78"
2026-10-05 15:34,"17,4",66,"11,0","0,68","9,78"
2026-10-05 15:35,"17,4",66,"11,0","0,68","9,78"
2026-10-05 15:36,"17,4",66,"11,0","0,68","9,78"
2026-10-05 15:37,"17,4",66,"11,0","0,68","9,78"
2026-10-05 15:38,"17,4",66,"11,0","0,68","9,78"
2026-10-05 15:39,"17,4",66,"11,0","0,68","9,78"
2026-10-05 15:40,"17,4",66,"11,0","0,68","9,78"
2026-10-05 15:41,"17,4",66,"11,0","0,68","9,78"
2026-10-05 15:42,"17,4",66,"11,0","0,68","9,78"
2026-10-05 15:43,"17,4",66,"11,0","0,68","9,78"
2026-10-05 15:44,"17,4",66,"11,0","0,68","9,78"
2026-10-05 15:45,"17,4",66,"11,0","0,68","9,78"
2026-10-05 15:46,"17,4",66,"11,0","0,68","9,78"
2026-10-05 15:47,"17,4",66,"11,0","0,68","9,78"
2026-10-05 15:48,"17,4",66,"11,0","0,68","9,78"
2026-10-05 15:49,"17,4",66,"11,0","0,68","9,78"
2026-10-05 15:50,"17,4",66,"11,0","0,68","9,78"
2026-10-05 15:51,"17,4",66,"11,0","0,68","9,78"
2026-10-05 15:52,"17,4",66,"11,0","0,68","9,78"
2026-10-05 15:53,"17,4",66,"11,0","0,68","9,78"
2026-10-05 15:54,"17,4",66,"11,0","0,68","9,78"
2026-10-05 15:55,"17,4",66,"11,0","0,68","9,78"
2026-10-05 15:56,"17,4",66,"11,0","0,68","9,78"
2026-10-05 15:57,"17,4",66,"11,0","0,68","9,78"
2026-10-05 15:58,"17,4",66,"11,0","0,68","9,78"
2026-10-05 15:59,"17,4",66,"11,0","0,68","9,78"
2026-10-05 16:00,"17,4",66,"11,0","0,68","9,78"
2026-10-05 16:01,"17,4",66,"11,0","0,68","9,78"
2026-10-05 16:02,"17,4",66,"11,0","0,68","9,78"
2026-10-05 16:03,"17,4",66,"11,0","0,68","9,78"
2026-10-05 16:04,"17,4",66,"11,0","0,68","9,78"
2026-10-05 16:05,"17,4",66,"11,0","0,68","9,78"
2026-10-05 16:06,"17,4",66,"11,0","0,68","9,78"
2026-10-05 16:07,"17,4",66,"11,0","0,68","9,78"
2026-10-05 16:08,"17,4",66,"11,0","0,68","9,78"
2026-10-05 16:09,"17,4",66,"11,0","0,68","9,78"
2026-10-05 16:10,"17,4",66,"11,0","0,68","9,78"
2026-10-05 16:11,"17,4",66,"11,0","0,68","9,78"
2026-10-05 16:12,"17,4",66,"11,0","0,68","9,78"
2026-10-05 16:13,"17,4",66,"11,0","0,68","9,78"
2026-10-05 16:14,"17,4",66,"11,0","0,68","9,78"
2026-10-05 16:15,"17,4",66,"11,0","0,68","9,78"
2026-10-05 16:16,"17,4",66,"11,0","0,68","9,78"
2026-10-05 16:17,"17,4",66,"11,0","0,68","9,78"
2026-10-05 16:18,"17,4",66,"11,0","0,68","9,78"
2026-10-05 16:19,"17,4",66,"11,0","0,68","9,78"
2026-10-05 16:20,"17,4",66,"11,0","0,68","9,78"
2026-10-05 16:21,"17,4",66,"11,0","0,68","9,78"
2026-10-05 16:22,"17,4",66,"11,0","0,68","9,78"
2026-10-05 16:23,"17,4",66,"11,0","0,68","9,78"
2026-10-05 16:24,"17,4",66,"11,0","0,68","9,78"
2026-10-05 16:25,"17,4",66,"11,0","0,68","9,78"
2026-10-05 16:26,"17,4",66,"11,0","0,68","9,78"
2026-10-05 16:27,"17,4",66,"11,0","0,68","9,78"
2026-10-05 16:28,"17,4",66,"11,0","0,68","9,78"
2026-10-05 16:29,"17,4",66,"11,0","0,68","9,78"
2026-10-05 16:30,"17,4",66,"11,0","0,68","9,78"
2026-10-05 16:31,"17,4",66,"11,0","0,68","9,78"
2026-10-05 16:32,"17,4",66,"11,0","0,68","9,78"
2026-10-05 16:33,"17,4",66,"11,0","0,68","9,78"
2026-10-05 16:34,"17,4",66,"11,0","0,68","9,78"
2026-10-05 16:35,"17,4",67,"11,2","0,66","9,93"
2026-10-05 16:36,"17,4",67,"11,2","0,66","9,93"
2026-10-05 16:37,"17,4",67,"11,2","0,66","9,93"
2026-10-05 16:38,"17,4",67,"11,2","0,66","9,93"
2026-10-05 16:39,"17,4",67,"11,2","0,66","9,93"
2026-10-05 16:40,"17,4",67,"11,2","0,66","9,93"
2026-10-05 16:41,"17,4",67,"11,2","0,66","9,93"
2026-10-05 16:42,"17,4",67,"11,2","0,66","9,93"
2026-10-05 16:43,"17,4",67,"11,2","0,66","9,93"
2026-10-05 16:44,"17,4",67,"11,2","0,66","9,93"
2026-10-05 16:45,"17,4",67,"11,2","0,66","9,93"
2026-10-05 16:46,"17,4",67,"11,2","0,66","9,93"
2026-10-05 16:47,"17,4",67,"11,2","0,66","9,93"
2026-10-05 16:48,"17,4",67,"11,2","0,66","9,93"
2026-10-05 16:49,"17,4",67,"11,2","0,66","9,93"
2026-10-05 16:50,"17,4",67,"11,2","0,66","9,93"
2026-10-05 16:51,"17,4",67,"11,2","0,66","9,93"
2026-10-05 16:52,"17,4",67,"11,2","0,66","9,93"
2026-10-05 16:53,"17,4",67,"11,2","0,66","9,93"
2026-10-05 16:54,"17,4",67,"11,2","0,66","9,93"
2026-10-05 16:55,"17,4",67,"11,2","0,66","9,93"
2026-10-05 16:56,"17,4",67,"11,2","0,66","9,93"
2026-10-05 16:57,"17,4",67,"11,2","0,66","9,93"
2026-10-05 16:58,"17,4",67,"11,2","0,66","9,93"
2026-10-05 16:59,"17,4",67,"11,2","0,66","9,93"
2026-10-05 17:00,"17,4",67,"11,2","0,66","9,93"
2026-10-05 17:01,"17,4",67,"11,2","0,66","9,93"
2026-10-05 17:02,"17,4",67,"11,2","0,66","9,93"
2026-10-05 17:03,"17,4",67,"11,2","0,66","9,93"
2026-10-05 17:04,"17,4",67,"11,2","0,66","9,93"
2026-10-05 17:05,"17,4",67,"11,2","0,66","9,93"
2026-10-05 17:06,"17,4",67,"11,2","0,66","9,93"
2026-10-05 17:07,"17,4",67,"11,2","0,66","9,93"
2026-10-05 17:08,"17,4",67,"11,2","0,66","9,93"
2026-10-05 17:09,"17,4",67,"11,2","0,66","9,93"
2026-10-05 17:10,"17,4",67,"11,2","0,66","9,93"
2026-10-05 17:11,"17,4",67,"11,2","0,66","9,93"
2026-10-05 17:12,"17,4",67,"11,2","0,66","9,93"
2026-10-05 17:13,"17,4",67,"11,2","0,66","9,93"
2026-10-05 17:14,"17,4",67,"11,2","0,66","9,93"
2026-10-05 17:15,"17,4",67,"11,2","0,66","9,93"
2026-10-05 17:16,"17,4",67,"11,2","0,66","9,93"
2026-10-05 17:17,"17,4",67,"11,2","0,66","9,93"
2026-10-05 17:18,"17,4",67,"11,2","0,66","9,93"
2026-10-05 17:19,"17,4",67,"11,2","0,66","9,93"
2026-10-05 17:20,"17,4",67,"11,2","0,66","9,93"
2026-10-05 17:21,"17,4",67,"11,2","0,66","9,93"
2026-10-05 17:22,"17,4",67,"11,2","0,66","9,93"
2026-10-05 17:23,"17,4",67,"11,2","0,66","9,93"
2026-10-05 17:24,"17,4",67,"11,2","0,66","9,93"
2026-10-05 17:25,"17,4",67,"11,2","0,66","9,93"
2026-10-05 17:26,"17,4",67,"11,2","0,66","9,93"
2026-10-05 17:27,"17,4",67,"11,2","0,66","9,93"
2026-10-05 17:28,"17,4",67,"11,2","0,66","9,93"
2026-10-05 17:29,"17,4",67,"11,2","0,66","9,93"
2026-10-05 17:30,"17,4",67,"11,2","0,66","9,93"
2026-10-05 17:31,"17,4",67,"11,2","0,66","9,93"
2026-10-05 17:32,"17,4",67,"11,2","0,66","9,93"
2026-10-05 17:33,"17,4",67,"11,2","0,66","9,93"
2026-10-05 17:34,"17,4",67,"11,2","0,66","9,93"
2026-10-05 17:35,"17,4",67,"11,2","0,66","9,93"
2026-10-05 17:36,"17,4",67,"11,2","0,66","9,93"
2026-10-05 17:37,"17,4",67,"11,2","0,66","9,93"
2026-10-05 17:38,"17,4",67,"11,2","0,66","9,93"
2026-10-05 17:39,"17,4",67,"11,2","0,66","9,93"
2026-10-05 17:40,"17,4",67,"11,2","0,66","9,93"
2026-10-05 17:41,"17,4",67,"11,2","0,66","9,93"
2026-10-05 17:42,"17,4",67,"11,2","0,66","9,93"
2026-10-05 17:43,"17,4",67,"11,2","0,66","9,93"
2026-10-05 17:44,"17,4",67,"11,2","0,66","9,93"
2026-10-05 17:45,"17,4",67,"11,2","0,66","9,93"
2026-10-05 17:46,"17,4",67,"11,2","0,66","9,93"
2026-10-05 17:47,"17,4",67,"11,2","0,66","9,93"
2026-10-05 17:48,"17,4",67,"11,2","0,66","9,93"
2026-10-05 17:49,"17,4",67,"11,2","0,66","9,93"
2026-10-05 17:50,"17,4",67,"11,2","0,66","9,93"
2026-10-05 17:51,"17,4",67,"11,2","0,66","9,93"
2026-10-05 17:52,"17,4",67,"11,2","0,66","9,93"
2026-10-05 17:53,"17,4",67,"11,2","0,66","9,93"
2026-10-05 17:54,"17,4",67,"11,2","0,66","9,93"
2026-10-05 17:55,"17,4",67,"11,2","0,66","9,93"
2026-10-05 17:56,"17,4",67,"11,2","0,66","9,93"
2026-10-05 17:57,"17,4",67,"11,2","0,66","9,93"
2026-10-05 17:58,"17,4",67,"11,2","0,66","9,93"
2026-10-05 17:59,"17,4",67,"11,2","0,66","9,93"
2026-10-05 18:00,"17,4",67,"11,2","0,66","9,93"
2026-10-05 18:01,"17,4",68,"11,4","0,64","10,08"
2026-10-05 18:02,"17,4",68,"11,4","0,64","10,08"
2026-10-05 18:03,"17,4",68,"11,4","0,64","10,08"
2026-10-05 18:04,"17,4",68,"11,4","0,64","10,08"
2026-10-05 18:05,"17,4",68,"11,4","0,64","10,08"
2026-10-05 18:06,"17,4",68,"11,4","0,64","10,08"
2026-10-05 18:07,"17,4",68,"11,4","0,64","10,08"
2026-10-05 18:08,"17,4",68,"11,4","0,64","10,08"
2026-10-05 18:09,"17,4",68,"11,4","0,64","10,08"
2026-10-05 18:10,"17,4",68,"11,4","0,64","10,08"
2026-10-05 18:11,"17,4",68,"11,4","0,64","10,08"
2026-10-05 18:12,"17,4",68,"11,4","0,64","10,08"
2026-10-05 18:13,"17,4",68,"11,4","0,64","10,08"
2026-10-05 18:14,"17,4",68,"11,4","0,64","10,08"
2026-10-05 18:15,"17,4",68,"11,4","0,64","10,08"
2026-10-05 18:16,"17,4",68,"11,4","0,64","10,08"
2026-10-05 18:17,"17,4",68,"11,4","0,64","10,08"
2026-10-05 18:18,"17,4",68,"11,4","0,64","10,08"
2026-10-05 18:19,"17,4",68,"11,4","0,64","10,08"
2026-10-05 18:20,"17,4",68,"11,4","0,64","10,08"
2026-10-05 18:21,"17,4",68,"11,4","0,64","10,08"
2026-10-05 18:22,"17,4",68,"11,4","0,64","10,08"
2026-10-05 18:23,"17,4",68,"11,4","0,64","10,08"
2026-10-05 18:24,"17,4",68,"11,4","0,64","10,08"
2026-10-05 18:25,"17,4",68,"11,4","0,64","10,08"
2026-10-05 18:26,"17,4",66,"11,0","0,68","9,78"
2026-10-05 18:27,"17,4",65,"10,7","0,70","9,63"
2026-10-05 18:28,"17,5",65,"10,8","0,70","9,66"
2026-10-05 18:29,"17,5",65,"10,8","0,70","9,69"
2026-10-05 18:30,"17,5",64,"10,6","0,72","9,54"
2026-10-05 18:31,"17,5",64,"10,6","0,72","9,54"
2026-10-05 18:32,"17,5",64,"10,6","0,72","9,54"
2026-10-05 18:33,"17,5",64,"10,6","0,72","9,54"
2026-10-05 18:34,"17,5",64,"10,6","0,72","9,54"
2026-10-05 18:35,"17,5",64,"10,6","0,72","9,54"
2026-10-05 18:36,"17,5",64,"10,6","0,72","9,54"
2026-10-05 18:37,"17,5",64,"10,6","0,72","9,54"
2026-10-05 18:38,"17,5",64,"10,6","0,72","9,54"
2026-10-05 18:39,"17,5",64,"10,6","0,72","9,54"
2026-10-05 18:40,"17,5",64,"10,6","0,72","9,54"
2026-10-05 18:41,"17,5",64,"10,6","0,72","9,54"
2026-10-05 18:42,"17,5",64,"10,6","0,72","9,54"
2026-10-05 18:43,"17,5",64,"10,6","0,72","9,54"
2026-10-05 18:44,"17,5",64,"10,6","0,72","9,54"
2026-10-05 18:45,"17,5",64,"10,6","0,72","9,54"
2026-10-05 18:46,"17,5",64,"10,6","0,72","9,54"
2026-10-05 18:47,"17,5",64,"10,6","0,72","9,54"
2026-10-05 18:48,"17,5",64,"10,6","0,72","9,54"
2026-10-05 18:49,"17,5",64,"10,6","0,72","9,54"
2026-10-05 18:50,"17,5",64,"10,6","0,72","9,54"
2026-10-05 18:51,"17,5",65,"10,8","0,70","9,69"
2026-10-05 18:52,"17,5",65,"10,8","0,70","9,66"
2026-10-05 18:53,"17,4",65,"10,7","0,70","9,63"
2026-10-05 18:54,"17,4",65,"10,7","0,70","9,63"
2026-10-05 18:55,"17,4",65,"10,7","0,70","9,63"
2026-10-05 18:56,"17,4",65,"10,7","0,70","9,63"
2026-10-05 18:57,"17,4",65,"10,7","0,70","9,63"
2026-10-05 18:58,"17,4",65,"10,7","0,70","9,63"
2026-10-05 18:59,"17,4",65,"10,7","0,70","9,63"
2026-10-05 19:00,"17,4",65,"10,7","0,70","9,63"
2026-10-05 19:01,"17,4",65,"10,7","0,70","9,63"
2026-10-05 19:02,"17,4",65,"10,7","0,70","9,63"
2026-10-05 19:03,"17,4",65,"10,7","0,70","9,63"
2026-10-05 19:04,"17,4",65,"10,7","0,70","9,63"
2026-10-05 19:05,"17,4",65,"10,7","0,70","9,63"
2026-10-05 19:06,"17,4",65,"10,7","0,70","9,63"
2026-10-05 19:07,"17,4",65,"10,7","0,70","9,63"
2026-10-05 19:08,"17,4",65,"10,7","0,70","9,63"
2026-10-05 19:09,"17,4",65,"10,7","0,70","9,63"
2026-10-05 19:10,"17,4",65,"10,7","0,70","9,63"
2026-10-05 19:11,"17,4",65,"10,7","0,70","9,63"
2026-10-05 19:12,"17,4",65,"10,7","0,70","9,63"
2026-10-05 19:13,"17,4",65,"10,7","0,70","9,63"
2026-10-05 19:14,"17,4",65,"10,7","0,70","9,63"
2026-10-05 19:15,"17,4",65,"10,7","0,70","9,63"
2026-10-05 19:16,"17,4",65,"10,7","0,70","9,63"
2026-10-05 19:17,"17,4",65,"10,7","0,70","9,63"
2026-10-05 19:18,"17,4",65,"10,7","0,70","9,63"
2026-10-05 19:19,"17,4",66,"11,0","0,68","9,78"
2026-10-05 19:20,"17,4",66,"11,0","0,68","9,78"
2026-10-05 19:21,"17,4",66,"11,0","0,68","9,78"
2026-10-05 19:22,"17,4",66,"11,0","0,68","9,78"
2026-10-05 19:23,"17,4",66,"11,0","0,68","9,78"
2026-10-05 19:24,"17,4",66,"11,0","0,68","9,78"
2026-10-05 19:25,"17,4",66,"11,0","0,68","9,78"
2026-10-05 19:26,"17,4",66,"11,0","0,68","9,78"
2026-10-05 19:27,"17,4",66,"11,0","0,68","9,78"
2026-10-05 19:28,"17,4",66,"11,0","0,68","9,78"
2026-10-05 19:29,"17,4",66,"11,0","0,68","9,78"
2026-10-05 19:30,"17,4",66,"11,0","0,68","9,78"
2026-10-05 19:31,"17,4",66,"11,0","0,68","9,78"
2026-10-05 19:32,"17,4",66,"11,0","0,68","9,78"
2026-10-05 19:33,"17,4",66,"11,0","0,68","9,78"
2026-10-05 19:34,"17,4",66,"11,0","0,68","9,78"
2026-10-05 19:35,"17,4",66,"11,0","0,68","9,78"
2026-10-05 19:36,"17,4",66,"11,0","0,68","9,78"
2026-10-05 19:37,"17,4",66,"11,0","0,68","9,78"
2026-10-05 19:38,"17,4",66,"11,0","0,68","9,78"
2026-10-05 19:39,"17,4",66,"11,0","0,68","9,78"
2026-10-05 19:40,"17,4",66,"11,0","0,68","9,78"
2026-10-05 19:41,"17,4",66,"11,0","0,68","9,78"
2026-10-05 19:42,"17,4",66,"11,0","0,68","9,78"
2026-10-05 19:43,"17,4",66,"11,0","0,68","9,78"
2026-10-05 19:44,"17,4",66,"11,0","0,68","9,78"
2026-10-05 19:45,"17,4",66,"11,0","0,68","9,78"
2026-10-05 19:46,"17,4",66,"11,0","0,68","9,78"
2026-10-05 19:47,"17,4",66,"11,0","0,68","9,78"
2026-10-05 19:48,"17,4",66,"11,0","0,68","9,78"
2026-10-05 19:49,"17,4",66,"11,0","0,68","9,78"
2026-10-05 19:50,"17,4",66,"11,0","0,68","9,78"
2026-10-05 19:51,"17,4",66,"11,0","0,68","9,78"
2026-10-05 19:52,"17,4",66,"11,0","0,68","9,78"
2026-10-05 19:53,"17,4",66,"11,0","0,68","9,78"
2026-10-05 19:54,"17,4",66,"11,0","0,68","9,78"
2026-10-05 19:55,"17,4",66,"11,0","0,68","9,78"
2026-10-05 19:56,"17,4",66,"11,0","0,68","9,78"
2026-10-05 19:57,"17,4",66,"11,0","0,68","9,78"
2026-10-05 19:58,"17,4",66,"11,0","0,68","9,78"
2026-10-05 19:59,"17,4",67,"11,2","0,66","9,93"
2026-10-05 20:00,"17,4",67,"11,2","0,66","9,93"
2026-10-05 20:01,"17,4",67,"11,2","0,66","9,93"
2026-10-05 20:02,"17,4",67,"11,2","0,66","9,93"
2026-10-05 20:03,"17,4",67,"11,2","0,66","9,93"
2026-10-05 20:04,"17,4",67,"11,2","0,66","9,93"
2026-10-05 20:05,"17,4",67,"11,2","0,66","9,93"
2026-10-05 20:06,"17,4",67,"11,2","0,66","9,93"
2026-10-05 20:07,"17,4",67,"11,2","0,66","9,93"
2026-10-05 20:08,"17,4",67,"11,2","0,66","9,93"
2026-10-05 20:09,"17,4",67,"11,2","0,66","9,93"
2026-10-05 20:10,"17,4",67,"11,2","0,66","9,93"
2026-10-05 20:11,"17,4",67,"11,2","0,66","9,93"
2026-10-05 20:12,"17,4",67,"11,2","0,66","9,93"
2026-10-05 20:13,"17,4",67,"11,2","0,66","9,93"
2026-10-05 20:14,"17,4",67,"11,2","0,66","9,93"
2026-10-05 20:15,"17,4",67,"11,2","0,66","9,93"
2026-10-05 20:16,"17,4",67,"11,2","0,66","9,93"
2026-10-05 20:17,"17,4",67,"11,2","0,66","9,93"
2026-10-05 20:18,"17,4",67,"11,2","0,66","9,93"
2026-10-05 20:19,"17,4",67,"11,2","0,66","9,93"
2026-10-05 20:20,"17,4",67,"11,2","0,66","9,93"
2026-10-05 20:21,"17,4",67,"11,2","0,66","9,93"
2026-10-05 20:22,"17,4",67,"11,2","0,66","9,93"
2026-10-05 20:23,"17,4",67,"11,2","0,66","9,93"
2026-10-05 20:24,"17,4",67,"11,2","0,66","9,93"
2026-10-05 20:25,"17,4",67,"11,2","0,66","9,93"
2026-10-05 20:26,"17,4",67,"11,2","0,66","9,93"
2026-10-05 20:27,"17,4",67,"11,2","0,66","9,93"
2026-10-05 20:28,"17,4",67,"11,2","0,66","9,93"
2026-10-05 20:29,"17,4",67,"11,2","0,66","9,93"
2026-10-05 20:30,"17,4",67,"11,2","0,66","9,93"
2026-10-05 20:31,"17,4",67,"11,2","0,66","9,93"
2026-10-05 20:32,"17,4",67,"11,2","0,66","9,93"
2026-10-05 20:33,"17,4",67,"11,2","0,66","9,93"
2026-10-05 20:34,"17,4",67,"11,2","0,66","9,93"
2026-10-05 20:35,"17,4",67,"11,2","0,66","9,93"
2026-10-05 20:36,"17,4",67,"11,2","0,66","9,93"
2026-10-05 20:37,"17,4",67,"11,2","0,66","9,93"
2026-10-05 20:38,"17,4",67,"11,2","0,66","9,93"
2026-10-05 20:39,"17,4",67,"11,2","0,66","9,93"
2026-10-05 20:40,"17,4",67,"11,2","0,66","9,93"
2026-10-05 20:41,"17,4",67,"11,2","0,66","9,93"
2026-10-05 20:42,"17,4",67,"11,2","0,66","9,93"
2026-10-05 20:43,"17,4",67,"11,2","0,66","9,93"
2026-10-05 20:44,"17,4",67,"11,2","0,66","9,93"
2026-10-05 20:45,"17,4",67,"11,2","0,66","9,93"
2026-10-05 20:46,"17,4",67,"11,2","0,66","9,93"
2026-10-05 20:47,"17,4",67,"11,2","0,66","9,93"
2026-10-05 20:48,"17,4",67,"11,2","0,66","9,93"
2026-10-05 20:49,"17,4",67,"11,2","0,66","9,93"
2026-10-05 20:50,"17,4",67,"11,2","0,66","9,93"
2026-10-05 20:51,"17,4",67,"11,2","0,66","9,93"
2026-10-05 20:52,"17,4",67,"11,2","0,66","9,93"
2026-10-05 20:53,"17,4",67,"11,2","0,66","9,93"
2026-10-05 20:54,"17,4",67,"11,2","0,66","9,93"
2026-10-05 20:55,"17,4",67,"11,2","0,66","9,93"
2026-10-05 20:56,"17,4",67,"11,2","0,66","9,93"
2026-10-05 20:57,"17,4",67,"11,2","0,66","9,93"
2026-10-05 20:58,"17,4",67,"11,2","0,66","9,93"
2026-10-05 20:59,"17,4",67,"11,2","0,66","9,93"
2026-10-05 21:00,"17,4",67,"11,2","0,66","9,93"
2026-10-05 21:01,"17,4",67,"11,2","0,66","9,93"
2026-10-05 21:02,"17,4",67,"11,2","0,66","9,93"
2026-10-05 21:03,"17,4",68,"11,4","0,64","10,08"
2026-10-05 21:04,"17,4",68,"11,4","0,64","10,08"
2026-10-05 21:05,"17,4",68,"11,4","0,64","10,08"
2026-10-05 21:06,"17,4",68,"11,4","0,64","10,08"
2026-10-05 21:07,"17,4",68,"11,4","0,64","10,08"
2026-10-05 21:08,"17,4",68,"11,4","0,64","10,08"
2026-10-05 21:09,"17,4",68,"11,4","0,64","10,08"
2026-10-05 21:10,"17,4",68,"11,4","0,64","10,08"
2026-10-05 21:11,"17,4",68,"11,4","0,64","10,08"
2026-10-05 21:12,"17,4",68,"11,4","0,64","10,08"
2026-10-05 21:13,"17,4",68,"11,4","0,64","10,08"
2026-10-05 21:14,"17,4",68,"11,4","0,64","10,08"
2026-10-05 21:15,"17,4",68,"11,4","0,64","10,08"
2026-10-05 21:16,"17,4",68,"11,4","0,64","10,08"
2026-10-05 21:17,"17,4",68,"11,4","0,64","10,08"
2026-10-05 21:18,"17,4",68,"11,4","0,64","10,08"
2026-10-05 21:19,"17,4",68,"11,4","0,64","10,08"
2026-10-05 21:20,"17,4",68,"11,4","0,64","10,08"
2026-10-05 21:21,"17,4",68,"11,4","0,64","10,08"
2026-10-05 21:22,"17,4",68,"11,4","0,64","10,08"
2026-10-05 21:23,"17,4",68,"11,4","0,64","10,08"
2026-10-05 21:24,"17,4",68,"11,4","0,64","10,08"
2026-10-05 21:25,"17,4",68,"11,4","0,64","10,08"
2026-10-05 21:26,"17,4",68,"11,4","0,64","10,08"
2026-10-05 21:27,"17,4",68,"11,4","0,64","10,08"
2026-10-05 21:28,"17,4",68,"11,4","0,64","10,08"
2026-10-05 21:29,"17,4",68,"11,4","0,64","10,08"
2026-10-05 21:30,"17,4",68,"11,4","0,64","10,08"
2026-10-05 21:31,"17,4",68,"11,4","0,64","10,08"
2026-10-05 21:32,"17,4",68,"11,4","0,64","10,08"
2026-10-05 21:33,"17,4",68,"11,4","0,64","10,08"
2026-10-05 21:34,"17,4",68,"11,4","0,64","10,08"
2026-10-05 21:35,"17,4",68,"11,4","0,64","10,08"
2026-10-05 21:36,"17,4",68,"11,4","0,64","10,08"
2026-10-05 21:37,"17,4",68,"11,4","0,64","10,08"
2026-10-05 21:38,"17,4",68,"11,4","0,64","10,08"
2026-10-05 21:39,"17,4",68,"11,4","0,64","10,08"
2026-10-05 21:40,"17,4",68,"11,4","0,64","10,08"
2026-10-05 21:41,"17,4",68,"11,4","0,64","10,08"
2026-10-05 21:42,"17,4",68,"11,4","0,64","10,08"
2026-10-05 21:43,"17,4",68,"11,4","0,64","10,08"
2026-10-05 21:44,"17,4",68,"11,4","0,64","10,08"
2026-10-05 21:45,"17,4",68,"11,4","0,64","10,08"
2026-10-05 21:46,"17,4",68,"11,4","0,64","10,08"
2026-10-05 21:47,"17,4",68,"11,4","0,64","10,08"
2026-10-05 21:48,"17,3",68,"11,4","0,63","10,05"
2026-10-05 21:49,"17,3",68,"11,3","0,63","10,02"
2026-10-05 21:50,"17,3",68,"11,3","0,63","10,02"
2026-10-05 21:51,"17,3",68,"11,3","0,63","10,02"
2026-10-05 21:52,"17,3",68,"11,3","0,63","10,02"
2026-10-05 21:53,"17,3",68,"11,3","0,63","10,02"
2026-10-05 21:54,"17,3",68,"11,3","0,63","10,02"
2026-10-05 21:55,"17,3",68,"11,3","0,63","10,02"
2026-10-05 21:56,"17,3",68,"11,3","0,63","10,02"
2026-10-05 21:57,"17,3",68,"11,3","0,63","10,02"
2026-10-05 21:58,"17,3",68,"11,3","0,63","10,02"
2026-10-05 21:59,"17,3",68,"11,3","0,63","10,02"
2026-10-05 22:00,"17,3",68,"11,3","0,63","10,02"
2026-10-05 22:01,"17,3",68,"11,3","0,63","10,02"
2026-10-05 22:02,"17,3",68,"11,3","0,63","10,02"
2026-10-05 22:03,"17,3",68,"11,3","0,63","10,02"
2026-10-05 22:04,"17,3",68,"11,3","0,63","10,02"
2026-10-05 22:05,"17,3",68,"11,3","0,63","10,02"
2026-10-05 22:06,"17,3",68,"11,3","0,63","10,02"
2026-10-05 22:07,"17,3",68,"11,3","0,63","10,02"
2026-10-05 22:08,"17,3",68,"11,3","0,63","10,02"
2026-10-05 22:09,"17,3",68,"11,3","0,63","10,02"
2026-10-05 22:10,"17,3",68,"11,3","0,63","10,02"
2026-10-05 22:11,"17,3",68,"11,3","0,63","10,02"
2026-10-05 22:12,"17,3",68,"11,3","0,63","10,02"
2026-10-05 22:13,"17,3",68,"11,3","0,63","10,02"
2026-10-05 22:14,"17,3",68,"11,3","0,63","10,02"
2026-10-05 22:15,"17,3",68,"11,3","0,63","10,02"
2026-10-05 22:16,"17,3",68,"11,3","0,63","10,02"
2026-10-05 22:17,"17,3",68,"11,3","0,63","10,02"
2026-10-05 22:18,"17,3",68,"11,3","0,63","10,02"
2026-10-05 22:19,"17,3",68,"11,3","0,63","10,02"
2026-10-05 22:20,"17,3",68,"11,3","0,63","10,02"
2026-10-05 22:21,"17,3",68,"11,3","0,63","10,02"
2026-10-05 22:22,"17,3",68,"11,3","0,63","10,02"
2026-10-05 22:23,"17,3",68,"11,3","0,63","10,02"
2026-10-05 22:24,"17,3",68,"11,3","0,63","10,02"
2026-10-05 22:25,"17,3",68,"11,3","0,63","10,02"
2026-10-05 22:26,"17,3",68,"11,3","0,63","10,02"
2026-10-05 22:27,"17,3",68,"11,3","0,63","10,02"
2026-10-05 22:28,"17,3",68,"11,3","0,63","10,02"
2026-10-05 22:29,"17,3",68,"11,3","0,63","10,02"
2026-10-05 22:30,"17,3",68,"11,3","0,63","10,02"
2026-10-05 22:31,"17,3",68,"11,3","0,63","10,02"
2026-10-05 22:32,"17,3",68,"11,3","0,63","10,02"
2026-10-05 22:33,"17,3",68,"11,3","0,63","10,02"
2026-10-05 22:34,"17,3",68,"11,3","0,63","10,02"
2026-10-05 22:35,"17,3",68,"11,3","0,63","10,02"
2026-10-05 22:36,"17,3",68,"11,3","0,63","10,02"
2026-10-05 22:37,"17,3",68,"11,3","0,63","10,02"
2026-10-05 22:38,"17,3",68,"11,3","0,63","10,02"
2026-10-05 22:39,"17,3",68,"11,3","0,63","10,02"
2026-10-05 22:40,"17,3",68,"11,3","0,63","10,02"
2026-10-05 22:41,"17,3",68,"11,3","0,63","10,02"
2026-10-05 22:42,"17,3",68,"11,3","0,63","10,02"
2026-10-05 22:43,"17,3",68,"11,3","0,63","10,02"
2026-10-05 22:44,"17,3",68,"11,3","0,63","10,02"
2026-10-05 22:45,"17,3",68,"11,3","0,63","10,02"
2026-10-05 22:46,"17,3",68,"11,3","0,63","10,02"
2026-10-05 22:47,"17,3",68,"11,3","0,63","10,02"
2026-10-05 22:48,"17,3",68,"11,3","0,63","10,02"
2026-10-05 22:49,"17,3",68,"11,3","0,63","10,02"
2026-10-05 22:50,"17,3",68,"11,3","0,63","10,02"
2026-10-05 22:51,"17,3",68,"11,3","0,63","10,02"
2026-10-05 22:52,"17,3",68,"11,3","0,63","10,02"
2026-10-05 22:53,"17,3",68,"11,3","0,63","10,02"
2026-10-05 22:54,"17,3",68,"11,3","0,63","10,02"
2026-10-05 22:55,"17,3",68,"11,3","0,63","10,02"
2026-10-05 22:56,"17,3",68,"11,3","0,63","10,02"
2026-10-05 22:57,"17,3",68,"11,3","0,63","10,02"
2026-10-05 22:58,"17,3",68,"11,3","0,63","10,02"
2026-10-05 22:59,"17,3",68,"11,3","0,63","10,02"
2026-10-05 23:00,"17,3",68,"11,3","0,63","10,02"
2026-10-05 23:01,"17,3",68,"11,3","0,63","10,02"
2026-10-05 23:02,"17,3",68,"11,3","0,63","10,02"
2026-10-05 23:03,"17,3",68,"11,3","0,63","10,02"
2026-10-05 23:04,"17,3",68,"11,3","0,63","10,02"
2026-10-05 23:05,"17,3",68,"11,3","0,63","10,02"
2026-10-05 23:06,"17,3",68,"11,3","0,63","10,02"
2026-10-05 23:07,"17,3",69,"11,6","0,61","10,16"
2026-10-05 23:08,"17,3",69,"11,6","0,61","10,16"
2026-10-05 23:09,"17,3",69,"11,6","0,61","10,16"
2026-10-05 23:10,"17,3",69,"11,6","0,61","10,16"
2026-10-05 23:11,"17,3",69,"11,6","0,61","10,16"
2026-10-05 23:12,"17,3",69,"11,6","0,61","10,16"
2026-10-05 23:13,"17,3",69,"11,6","0,61","10,16"
2026-10-05 23:14,"17,3",69,"11,6","0,61","10,16"
2026-10-05 23:15,"17,3",69,"11,6","0,61","10,16"
2026-10-05 23:16,"17,3",69,"11,6","0,61","10,16"
2026-10-05 23:17,"17,3",69,"11,6","0,61","10,16"
2026-10-05 23:18,"17,3",69,"11,6","0,61","10,16"
2026-10-05 23:19,"17,3",69,"11,6","0,61","10,16"
2026-10-05 23:20,"17,3",69,"11,6","0,61","10,16"
2026-10-05 23:21,"17,3",69,"11,6","0,61","10,16"
2026-10-05 23:22,"17,3",69,"11,6","0,61","10,16"
2026-10-05 23:23,"17,3",69,"11,6","0,61","10,16"
2026-10-05 23:24,"17,3",69,"11,6","0,61","10,16"
2026-10-05 23:25,"17,3",69,"11,6","0,61","10,16"
2026-10-05 23:26,"17,3",69,"11,6","0,61","10,16"
2026-10-05 23:27,"17,3",69,"11,6","0,61","10,16"
2026-10-05 23:28,"17,3",69,"11,6","0,61","10,16"
2026-10-05 23:29,"17,3",69,"11,6","0,61","10,16"
2026-10-05 23:30,"17,3",69,"11,6","0,61","10,16"
2026-10-05 23:31,"17,3",69,"11,6","0,61","10,16"
2026-10-05 23:32,"17,3",69,"11,6","0,61","10,16"
2026-10-05 23:33,"17,3",69,"11,6","0,61","10,16"
2026-10-05 23:34,"17,3",69,"11,6","0,61","10,16"
2026-10-05 23:35,"17,3",69,"11,6","0,61","10,16"
2026-10-05 23:36,"17,3",69,"11,6","0,61","10,16"
2026-10-05 23:37,"17,3",69,"11,6","0,61","10,16"
2026-10-05 23:38,"17,3",69,"11,6","0,61","10,16"
2026-10-05 23:39,"17,3",69,"11,6","0,61","10,16"
2026-10-05 23:40,"17,3",69,"11,6","0,61","10,16"
2026-10-05 23:41,"17,3",69,"11,6","0,61","10,16"
2026-10-05 23:42,"17,3",69,"11,6","0,61","10,16"
2026-10-05 23:43,"17,3",69,"11,6","0,61","10,16"
2026-10-05 23:44,"17,3",69,"11,6","0,61","10,16"
2026-10-05 23:45,"17,3",69,"11,6","0,61","10,16"
2026-10-05 23:46,"17,3",69,"11,6","0,61","10,16"
2026-10-05 23:47,"17,3",69,"11,6","0,61","10,16"
2026-10-05 23:48,"17,3",69,"11,6","0,61","10,16"
2026-10-05 23:49,"17,3",69,"11,6","0,61","10,16"
2026-10-05 23:50,"17,3",69,"11,6","0,61","10,16"
2026-10-05 23:51,"17,3",69,"11,6","0,61","10,16"
2026-10-05 23:52,"17,3",69,"11,6","0,61","10,16"
2026-10-05 23:53,"17,3",69,"11,6","0,61","10,16"
2026-10-05 23:54,"17,3",69,"11,6","0,61","10,16"
2026-10-05 23:55,"17,3",69,"11,6","0,61","10,16"
2026-10-05 23:56,"17,3",69,"11,6","0,61","10,16"
2026-10-05 23:57,"17,3",69,"11,6","0,61","10,16"
2026-10-05 23:58,"17,3",69,"11,6","0,61","10,16"
2026-10-05 23:59,"17,3",69,"11,6","0,61","10,16"
2026-10-06 00:00,"17,3",69,"11,6","0,61","10,16"
2026-10-06 00:01,"17,3",69,"11,6","0,61","10,16"
2026-10-06 00:02,"17,3",69,"11,6","0,61","10,16"
2026-10-06 00:03,"17,3",69,"11,6","0,61","10,16"
2026-10-06 00:04,"17,3",69,"11,6","0,61","10,16"
2026-10-06 00:05,"17,3",69,"11,6","0,61","10,16"
2026-10-06 00:06,"17,3",69,"11,6","0,61","10,16"
2026-10-06 00:07,"17,3",69,"11,6","0,61","10,16"
2026-10-06 00:08,"17,3",69,"11,6","0,61","10,16"
2026-10-06 00:09,"17,3",69,"11,6","0,61","10,16"
2026-10-06 00:10,"17,3",69,"11,6","0,61","10,16"
2026-10-06 00:11,"17,3",69,"11,6","0,61","10,16"
2026-10-06 00:12,"17,3",69,"11,6","0,61","10,16"
2026-10-06 00:13,"17,3",69,"11,6","0,61","10,16"
2026-10-06 00:14,"17,3",69,"11,6","0,61","10,16"
2026-10-06 00:15,"17,3",69,"11,6","0,61","10,16"
2026-10-06 00:16,"17,3",69,"11,6","0,61","10,16"
2026-10-06 00:17,"17,3",69,"11,6","0,61","10,16"
2026-10-06 00:18,"17,3",69,"11,6","0,61","10,16"
2026-10-06 00:19,"17,3",69,"11,6","0,61","10,16"
2026-10-06 00:20,"17,3",69,"11,6","0,61","10,16"
2026-10-06 00:21,"17,3",69,"11,6","0,61","10,16"
2026-10-06 00:22,"17,3",69,"11,6","0,61","10,16"
2026-10-06 00:23,"17,3",69,"11,6","0,61","10,16"
2026-10-06 00:24,"17,3",69,"11,6","0,61","10,16"
2026-10-06 00:25,"17,3",69,"11,6","0,61","10,16"
2026-10-06 00:26,"17,3",69,"11,6","0,61","10,16"
2026-10-06 00:27,"17,3",69,"11,6","0,61","10,16"
2026-10-06 00:28,"17,3",69,"11,6","0,61","10,16"
2026-10-06 00:29,"17,3",69,"11,6","0,61","10,16"
2026-10-06 00:30,"17,3",69,"11,6","0,61","10,16"
2026-10-06 00:31,"17,3",69,"11,6","0,61","10,16"
2026-10-06 00:32,"17,3",69,"11,6","0,61","10,16"
2026-10-06 00:33,"17,3",69,"11,6","0,61","10,16"
2026-10-06 00:34,"17,3",69,"11,6","0,61","10,16"
2026-10-06 00:35,"17,3",69,"11,6","0,61","10,16"
2026-10-06 00:36,"17,3",69,"11,6","0,61","10,16"
2026-10-06 00:37,"17,3",69,"11,6","0,61","10,16"
2026-10-06 00:38,"17,3",69,"11,6","0,61","10,16"
2026-10-06 00:39,"17,3",69,"11,6","0,61","10,16"
2026-10-06 00:40,"17,3",69,"11,6","0,61","10,16"
2026-10-06 00:41,"17,3",69,"11,6","0,61","10,16"
2026-10-06 00:42,"17,3",69,"11,6","0,61","10,16"
2026-10-06 00:43,"17,3",69,"11,6","0,61","10,16"
2026-10-06 00:44,"17,3",69,"11,6","0,61","10,16"
2026-10-06 00:45,"17,3",69,"11,6","0,61","10,16"
2026-10-06 00:46,"17,3",69,"11,6","0,61","10,16"
2026-10-06 00:47,"17,3",69,"11,6","0,61","10,16"
2026-10-06 00:48,"17,3",69,"11,6","0,61","10,16"
2026-10-06 00:49,"17,3",69,"11,6","0,61","10,16"
2026-10-06 00:50,"17,3",69,"11,5","0,61","10,13"
2026-10-06 00:51,"17,2",69,"11,5","0,61","10,10"
2026-10-06 00:52,"17,2",69,"11,5","0,61","10,10"
2026-10-06 00:53,"17,2",69,"11,5","0,61","10,10"
2026-10-06 00:54,"17,2",69,"11,5","0,61","10,10"
2026-10-06 00:55,"17,2",69,"11,5","0,61","10,10"
2026-10-06 00:56,"17,2",69,"11,5","0,61","10,10"
2026-10-06 00:57,"17,2",69,"11,5","0,61","10,10"
2026-10-06 00:58,"17,2",69,"11,5","0,61","10,10"
2026-10-06 00:59,"17,2",69,"11,5","0,61","10,10"
2026-10-06 01:00,"17,2",68,"11,2","0,63","9,96"
2026-10-06 01:01,"17,2",68,"11,2","0,63","9,96"
2026-10-06 01:02,"17,2",68,"11,2","0,63","9,96"
2026-10-06 01:03,"17,2",68,"11,2","0,63","9,96"
2026-10-06 01:04,"17,2",68,"11,2","0,63","9,96"
2026-10-06 01:05,"17,2",68,"11,2","0,63","9,96"
2026-10-06 01:06,"17,2",68,"11,2","0,63","9,96"
2026-10-06 01:07,"17,2",68,"11,2","0,63","9,96"
2026-10-06 01:08,"17,2",68,"11,2","0,63","9,96"
2026-10-06 01:09,"17,2",68,"11,2","0,63","9,96"
2026-10-06 01:10,"17,2",68,"11,2","0,63","9,96"
2026-10-06 01:11,"17,2",68,"11,2","0,63","9,96"
2026-10-06 01:12,"17,2",68,"11,2","0,63","9,96"
2026-10-06 01:13,"17,2",68,"11,2","0,63","9,96"
2026-10-06 01:14,"17,2",68,"11,2","0,63","9,96"
2026-10-06 01:15,"17,2",68,"11,2","0,63","9,96"
2026-10-06 01:16,"17,2",68,"11,2","0,63","9,96"
2026-10-06 01:17,"17,2",68,"11,2","0,63","9,96"
2026-10-06 01:18,"17,2",68,"11,2","0,63","9,96"
2026-10-06 01:19,"17,2",68,"11,2","0,63","9,96"
2026-10-06 01:20,"17,2",68,"11,2","0,63","9,96"
2026-10-06 01:21,"17,2",68,"11,2","0,63","9,96"
2026-10-06 01:22,"17,2",68,"11,2","0,63","9,96"
2026-10-06 01:23,"17,2",68,"11,2","0,63","9,96"
2026-10-06 01:24,"17,2",68,"11,2","0,63","9,96"
2026-10-06 01:25,"17,2",68,"11,2","0,63","9,96"
2026-10-06 01:26,"17,2",68,"11,2","0,63","9,96"
2026-10-06 01:27,"17,2",68,"11,2","0,63","9,96"
2026-10-06 01:28,"17,2",68,"11,2","0,63","9,96"
2026-10-06 01:29,"17,2",68,"11,2","0,63","9,96"
2026-10-06 01:30,"17,2",68,"11,2","0,63","9,96"
2026-10-06 01:31,"17,2",68,"11,2","0,63","9,96"
2026-10-06 01:32,"17,2",68,"11,2","0,63","9,96"
2026-10-06 01:33,"17,2",68,"11,2","0,63","9,96"
2026-10-06 01:34,"17,2",68,"11,2","0,63","9,96"
2026-10-06 01:35,"17,2",68,"11,2","0,63","9,96"
2026-10-06 01:36,"17,2",68,"11,2","0,63","9,96"
2026-10-06 01:37,"17,2",68,"11,2","0,63","9,96"
2026-10-06 01:38,"17,2",68,"11,2","0,63","9,96"
2026-10-06 01:39,"17,2",68,"11,2","0,63","9,96"
2026-10-06 01:40,"17,2",68,"11,2","0,63","9,96"
2026-10-06 01:41,"17,2",68,"11,2","0,63","9,96"
2026-10-06 01:42,"17,2",68,"11,2","0,63","9,96"
2026-10-06 01:43,"17,2",68,"11,2","0,63","9,96"
2026-10-06 01:44,"17,2",68,"11,2","0,63","9,96"
2026-10-06 01:45,"17,2",68,"11,2","0,63","9,96"
2026-10-06 01:46,"17,2",68,"11,2","0,63","9,96"
2026-10-06 01:47,"17,2",68,"11,2","0,63","9,96"
2026-10-06 01:48,"17,2",68,"11,2","0,63","9,96"
2026-10-06 01:49,"17,2",68,"11,2","0,63","9,96"
2026-10-06 01:50,"17,2",68,"11,2","0,63","9,96"
2026-10-06 01:51,"17,2",68,"11,2","0,63","9,96"
2026-10-06 01:52,"17,2",68,"11,2","0,63","9,96"
2026-10-06 01:53,"17,2",68,"11,2","0,63","9,96"
2026-10-06 01:54,"17,2",68,"11,2","0,63","9,96"
2026-10-06 01:55,"17,2",68,"11,2","0,63","9,96"
2026-10-06 01:56,"17,2",68,"11,2","0,63","9,96"
2026-10-06 01:57,"17,2",68,"11,2","0,63","9,96"
2026-10-06 01:58,"17,2",68,"11,2","0,63","9,96"
2026-10-06 01:59,"17,2",68,"11,2","0,63","9,96"
2026-10-06 02:00,"17,2",68,"11,2","0,63","9,96"
2026-10-06 02:01,"17,2",68,"11,2","0,63","9,96"
2026-10-06 02:02,"17,2",68,"11,2","0,63","9,96"
2026-10-06 02:03,"17,2",68,"11,2","0,63","9,96"
2026-10-06 02:04,"17,2",68,"11,2","0,63","9,96"
2026-10-06 02:05,"17,2",68,"11,2","0,63","9,96"
2026-10-06 02:06,"17,2",68,"11,2","0,63","9,96"
2026-10-06 02:07,"17,2",68,"11,2","0,63","9,96"
2026-10-06 02:08,"17,2",68,"11,2","0,63","9,96"
2026-10-06 02:09,"17,2",68,"11,2","0,63","9,96"
2026-10-06 02:10,"17,2",68,"11,2","0,63","9,96"
2026-10-06 02:11,"17,2",68,"11,2","0,63","9,96"
2026-10-06 02:12,"17,2",68,"11,2","0,63","9,96"
2026-10-06 02:13,"17,2",68,"11,2","0,63","9,96"
2026-10-06 02:14,"17,2",68,"11,2","0,63","9,96"
2026-10-06 02:15,"17,2",68,"11,2","0,63","9,96"
2026-10-06 02:16,"17,2",68,"11,2","0,63","9,96"
2026-10-06 02:17,"17,2",68,"11,2","0,63","9,96"
2026-10-06 02:18,"17,2",68,"11,2","0,63","9,96"
2026-10-06 02:19,"17,2",68,"11,2","0,63","9,96"
2026-10-06 02:20,"17,2",68,"11,2","0,63","9,96"
2026-10-06 02:21,"17,2",68,"11,2","0,63","9,96"
2026-10-06 02:22,"17,2",68,"11,2","0,63","9,96"
2026-10-06 02:23,"17,2",68,"11,2","0,63","9,96"
2026-10-06 02:24,"17,2",68,"11,2","0,63","9,96"
2026-10-06 02:25,"17,2",68,"11,2","0,63","9,96"
2026-10-06 02:26,"17,2",68,"11,2","0,63","9,96"
2026-10-06 02:27,"17,2",68,"11,2","0,63","9,96"
2026-10-06 02:28,"17,2",68,"11,2","0,63","9,96"
2026-10-06 02:29,"17,2",68,"11,2","0,63","9,96"
2026-10-06 02:30,"17,2",68,"11,2","0,63","9,96"
2026-10-06 02:31,"17,2",68,"11,2","0,63","9,96"
2026-10-06 02:32,"17,2",68,"11,2","0,63","9,96"
2026-10-06 02:33,"17,2",68,"11,2","0,63","9,96"
2026-10-06 02:34,"17,2",68,"11,2","0,63","9,96"
2026-10-06 02:35,"17,2",68,"11,2","0,63","9,96"
2026-10-06 02:36,"17,2",68,"11,2","0,63","9,96"
2026-10-06 02:37,"17,2",68,"11,2","0,63","9,96"
2026-10-06 02:38,"17,2",68,"11,2","0,63","9,96"
2026-10-06 02:39,"17,2",68,"11,2","0,63","9,96"
2026-10-06 02:40,"17,2",68,"11,2","0,63","9,96"
2026-10-06 02:41,"17,2",68,"11,2","0,63","9,96"
2026-10-06 02:42,"17,2",68,"11,2","0,63","9,96"
2026-10-06 02:43,"17,2",68,"11,2","0,63","9,96"
2026-10-06 02:44,"17,2",68,"11,2","0,63","9,96"
2026-10-06 02:45,"17,2",68,"11,2","0,63","9,96"
2026-10-06 02:46,"17,2",68,"11,2","0,63","9,96"
2026-10-06 02:47,"17,2",68,"11,2","0,63","9,96"
2026-10-06 02:48,"17,2",68,"11,2","0,63","9,96"
2026-10-06 02:49,"17,2",68,"11,2","0,63","9,96"
2026-10-06 02:50,"17,2",68,"11,2","0,63","9,96"
2026-10-06 02:51,"17,2",68,"11,2","0,63","9,96"
2026-10-06 02:52,"17,2",68,"11,2","0,63","9,96"
2026-10-06 02:53,"17,2",68,"11,2","0,63","9,96"
2026-10-06 02:54,"17,2",68,"11,2","0,63","9,96"
2026-10-06 02:55,"17,2",68,"11,2","0,63","9,96"
2026-10-06 02:56,"17,2",68,"11,2","0,63","9,96"
2026-10-06 02:57,"17,2",68,"11,2","0,63","9,96"
2026-10-06 02:58,"17,2",68,"11,2","0,63","9,96"
2026-10-06 02:59,"17,2",68,"11,2","0,63","9,96"
2026-10-06 03:00,"17,2",68,"11,2","0,63","9,96"
2026-10-06 03:01,"17,2",68,"11,2","0,63","9,96"
2026-10-06 03:02,"17,2",68,"11,2","0,63","9,96"
2026-10-06 03:03,"17,2",68,"11,2","0,63","9,96"
2026-10-06 03:04,"17,2",68,"11,2","0,63","9,96"
2026-10-06 03:05,"17,2",68,"11,2","0,63","9,96"
2026-10-06 03:06,"17,2",68,"11,2","0,63","9,96"
2026-10-06 03:07,"17,2",68,"11,2","0,63","9,96"
2026-10-06 03:08,"17,2",68,"11,2","0,63","9,96"
2026-10-06 03:09,"17,2",68,"11,2","0,63","9,96"
2026-10-06 03:10,"17,2",68,"11,2","0,63","9,96"
2026-10-06 03:11,"17,2",68,"11,2","0,63","9,96"
2026-10-06 03:12,"17,2",68,"11,2","0,63","9,96"
2026-10-06 03:13,"17,2",68,"11,2","0,63","9,96"
2026-10-06 03:14,"17,2",68,"11,2","0,63","9,96"
2026-10-06 03:15,"17,2",68,"11,2","0,63","9,96"
2026-10-06 03:16,"17,2",68,"11,2","0,63","9,96"
2026-10-06 03:17,"17,2",68,"11,2","0,63","9,96"
2026-10-06 03:18,"17,2",68,"11,2","0,63","9,96"
2026-10-06 03:19,"17,2",68,"11,2","0,63","9,96"
2026-10-06 03:20,"17,2",68,"11,2","0,63","9,96"
2026-10-06 03:21,"17,2",68,"11,2","0,63","9,96"
2026-10-06 03:22,"17,2",68,"11,2","0,63","9,96"
2026-10-06 03:23,"17,2",68,"11,2","0,63","9,96"
2026-10-06 03:24,"17,2",68,"11,2","0,63","9,96"
2026-10-06 03:25,"17,2",68,"11,2","0,63","9,96"
2026-10-06 03:26,"17,2",68,"11,2","0,63","9,96"
2026-10-06 03:27,"17,2",68,"11,2","0,63","9,96"
2026-10-06 03:28,"17,2",68,"11,2","0,63","9,96"
2026-10-06 03:29,"17,2",68,"11,2","0,63","9,96"
2026-10-06 03:30,"17,2",68,"11,2","0,63","9,96"
2026-10-06 03:31,"17,2",68,"11,2","0,63","9,96"
2026-10-06 03:32,"17,2",68,"11,2","0,63","9,96"
2026-10-06 03:33,"17,2",68,"11,2","0,63","9,96"
2026-10-06 03:34,"17,2",68,"11,2","0,63","9,96"
2026-10-06 03:35,"17,2",68,"11,2","0,63","9,96"
2026-10-06 03:36,"17,2",68,"11,2","0,63","9,96"
2026-10-06 03:37,"17,2",68,"11,2","0,63","9,96"
2026-10-06 03:38,"17,2",67,"11,0","0,65","9,81"
2026-10-06 03:39,"17,2",67,"11,0","0,65","9,81"
2026-10-06 03:40,"17,2",67,"11,0","0,65","9,81"
2026-10-06 03:41,"17,2",67,"11,0","0,65","9,81"
2026-10-06 03:42,"17,2",67,"11,0","0,65","9,81"
2026-10-06 03:43,"17,2",67,"11,0","0,65","9,81"
2026-10-06 03:44,"17,2",67,"11,0","0,65","9,81"
2026-10-06 03:45,"17,2",67,"11,0","0,65","9,81"
2026-10-06 03:46,"17,2",67,"11,0","0,65","9,81"
2026-10-06 03:47,"17,2",67,"11,0","0,65","9,81"
2026-10-06 03:48,"17,2",67,"11,0","0,65","9,81"
2026-10-06 03:49,"17,2",67,"11,0","0,65","9,81"
2026-10-06 03:50,"17,2",67,"11,0","0,65","9,81"
2026-10-06 03:51,"17,2",67,"11,0","0,65","9,81"
2026-10-06 03:52,"17,2",67,"11,0","0,65","9,81"
2026-10-06 03:53,"17,2",67,"11,0","0,65","9,81"
2026-10-06 03:54,"17,2",67,"11,0","0,65","9,81"
2026-10-06 03:55,"17,2",67,"11,0","0,65","9,81"
2026-10-06 03:56,"17,2",67,"11,0","0,65","9,81"
2026-10-06 03:57,"17,2",67,"11,0","0,65","9,81"
2026-10-06 03:58,"17,2",67,"11,0","0,65","9,81"
2026-10-06 03:59,"17,2",67,"11,0","0,65","9,81"
2026-10-06 04:00,"17,2",67,"11,0","0,65","9,81"
2026-10-06 04:01,"17,2",67,"11,0","0,65","9,81"
2026-10-06 04:02,"17,2",67,"11,0","0,65","9,81"
2026-10-06 04:03,"17,2",67,"11,0","0,65","9,81"
2026-10-06 04:04,"17,2",67,"11,0","0,65","9,81"
2026-10-06 04:05,"17,2",67,"11,0","0,65","9,81"
2026-10-06 04:06,"17,2",67,"11,0","0,65","9,81"
2026-10-06 04:07,"17,2",67,"11,0","0,65","9,81"
2026-10-06 04:08,"17,2",67,"11,0","0,65","9,81"
2026-10-06 04:09,"17,2",67,"11,0","0,65","9,81"
2026-10-06 04:10,"17,2",67,"11,0","0,65","9,81"
2026-10-06 04:11,"17,2",67,"11,0","0,65","9,81"
2026-10-06 04:12,"17,2",67,"11,0","0,65","9,81"
2026-10-06 04:13,"17,2",67,"11,0","0,65","9,81"
2026-10-06 04:14,"17,2",67,"11,0","0,65","9,81"
2026-10-06 04:15,"17,2",67,"11,0","0,65","9,81"
2026-10-06 04:16,"17,2",67,"11,0","0,65","9,81"
2026-10-06 04:17,"17,2",67,"11,0","0,65","9,81"
2026-10-06 04:18,"17,2",67,"11,0","0,65","9,81"
2026-10-06 04:19,"17,2",67,"11,0","0,65","9,81"
2026-10-06 04:20,"17,2",67,"11,0","0,65","9,81"
2026-10-06 04:21,"17,2",67,"11,0","0,65","9,81"
2026-10-06 04:22,"17,2",67,"11,0","0,65","9,81"
2026-10-06 04:23,"17,2",67,"11,0","0,65","9,81"
2026-10-06 04:24,"17,2",67,"11,0","0,65","9,81"
2026-10-06 04:25,"17,2",67,"11,0","0,65","9,81"
2026-10-06 04:26,"17,2",67,"11,0","0,65","9,81"
2026-10-06 04:27,"17,2",67,"11,0","0,65","9,81"
2026-10-06 04:28,"17,2",67,"11,0","0,65","9,81"
2026-10-06 04:29,"17,2",67,"11,0","0,65","9,81"
2026-10-06 04:30,"17,2",67,"11,0","0,65","9,81"
2026-10-06 04:31,"17,2",67,"11,0","0,65","9,81"
2026-10-06 04:32,"17,2",67,"11,0","0,65","9,81"
2026-10-06 04:33,"17,2",67,"11,0","0,65","9,81"
2026-10-06 04:34,"17,2",67,"11,0","0,65","9,81"
2026-10-06 04:35,"17,2",67,"11,0","0,65","9,81"
2026-10-06 04:36,"17,2",67,"11,0","0,65","9,81"
2026-10-06 04:37,"17,2",67,"11,0","0,65","9,81"
2026-10-06 04:38,"17,2",67,"11,0","0,65","9,78"
2026-10-06 04:39,"17,1",67,"10,9","0,64","9,75"
2026-10-06 04:40,"17,1",67,"10,9","0,64","9,75"
2026-10-06 04:41,"17,1",67,"10,9","0,64","9,75"
2026-10-06 04:42,"17,1",67,"10,9","0,64","9,75"
2026-10-06 04:43,"17,1",67,"10,9","0,64","9,75"
2026-10-06 04:44,"17,1",67,"10,9","0,64","9,75"
2026-10-06 04:45,"17,1",67,"10,9","0,64","9,75"
2026-10-06 04:46,"17,1",67,"10,9","0,64","9,75"
2026-10-06 04:47,"17,1",67,"10,9","0,64","9,75"
2026-10-06 04:48,"17,1",67,"10,9","0,64","9,75"
2026-10-06 04:49,"17,1",67,"10,9","0,64","9,75"
2026-10-06 04:50,"17,1",67,"10,9","0,64","9,75"
2026-10-06 04:51,"17,1",67,"10,9","0,64","9,75"
2026-10-06 04:52,"17,1",67,"10,9","0,64","9,75"
2026-10-06 04:53,"17,1",67,"10,9","0,64","9,75"
2026-10-06 04:54,"17,1",67,"10,9","0,64","9,75"
2026-10-06 04:55,"17,1",67,"10,9","0,64","9,75"
2026-10-06 04:56,"17,1",67,"10,9","0,64","9,75"
2026-10-06 04:57,"17,1",67,"10,9","0,64","9,75"
2026-10-06 04:58,"17,1",67,"10,9","0,64","9,75"
2026-10-06 04:59,"17,1",67,"10,9","0,64","9,75"
2026-10-06 05:00,"17,1",67,"10,9","0,64","9,75"
2026-10-06 05:01,"17,1",67,"10,9","0,64","9,75"
2026-10-06 05:02,"17,1",67,"10,9","0,64","9,75"
2026-10-06 05:03,"17,1",67,"10,9","0,64","9,75"
2026-10-06 05:04,"17,1",67,"10,9","0,64","9,75"
2026-10-06 05:05,"17,1",67,"10,9","0,64","9,75"
2026-10-06 05:06,"17,1",67,"10,9","0,64","9,75"
2026-10-06 05:07,"17,1",67,"10,9","0,64","9,75"
2026-10-06 05:08,"17,1",67,"10,9","0,64","9,75"
2026-10-06 05:09,"17,1",67,"10,9","0,64","9,75"
2026-10-06 05:10,"17,1",67,"10,9","0,64","9,75"
2026-10-06 05:11,"17,1",67,"10,9","0,64","9,75"
2026-10-06 05:12,"17,1",67,"10,9","0,64","9,75"
2026-10-06 05:13,"17,1",67,"10,9","0,64","9,75"
2026-10-06 05:14,"17,1",67,"10,9","0,64","9,75"
2026-10-06 05:15,"17,1",67,"10,9","0,64","9,75"
2026-10-06 05:16,"17,1",67,"10,9","0,64","9,75"
2026-10-06 05:17,"17,1",67,"10,9","0,64","9,75"
2026-10-06 05:18,"17,1",67,"10,9","0,64","9,75"
2026-10-06 05:19,"17,1",67,"10,9","0,64","9,75"
2026-10-06 05:20,"17,1",67,"10,9","0,64","9,75"
2026-10-06 05:21,"17,1",67,"10,9","0,64","9,75"
2026-10-06 05:22,"17,1",67,"10,9","0,64","9,75"
2026-10-06 05:23,"17,1",67,"10,9","0,64","9,75"
2026-10-06 05:24,"17,1",67,"10,9","0,64","9,75"
2026-10-06 05:25,"17,1",67,"10,9","0,64","9,75"
2026-10-06 05:26,"17,1",67,"10,9","0,64","9,75"
2026-10-06 05:27,"17,1",67,"10,9","0,64","9,75"
2026-10-06 05:28,"17,1",67,"10,9","0,64","9,75"
2026-10-06 05:29,"17,1",67,"10,9","0,64","9,75"
2026-10-06 05:30,"17,1",67,"10,9","0,64","9,75"
2026-10-06 05:31,"17,1",67,"10,9","0,64","9,75"
2026-10-06 05:32,"17,1",67,"10,9","0,64","9,75"
2026-10-06 05:33,"17,1",67,"10,9","0,64","9,75"
2026-10-06 05:34,"17,1",67,"10,9","0,64","9,75"
2026-10-06 05:35,"17,1",67,"10,9","0,64","9,75"
2026-10-06 05:36,"17,1",67,"10,9","0,64","9,75"
2026-10-06 05:37,"17,1",67,"10,9","0,64","9,75"
2026-10-06 05:38,"17,1",67,"10,9","0,64","9,75"
2026-10-06 05:39,"17,1",67,"10,9","0,64","9,75"
2026-10-06 05:40,"17,1",67,"10,9","0,64","9,75"
2026-10-06 05:41,"17,1",67,"10,9","0,64","9,75"
2026-10-06 05:42,"17,1",67,"10,9","0,64","9,75"
2026-10-06 05:43,"17,1",67,"10,9","0,64","9,75"
2026-10-06 05:44,"17,1",67,"10,9","0,64","9,75"
2026-10-06 05:45,"17,1",67,"10,9","0,64","9,75"
2026-10-06 05:46,"17,1",66,"10,7","0,66","9,61"
2026-10-06 05:47,"17,1",66,"10,7","0,66","9,61"
2026-10-06 05:48,"17,1",66,"10,7","0,66","9,61"
2026-10-06 05:49,"17,1",66,"10,7","0,66","9,61"
2026-10-06 05:50,"17,1",66,"10,7","0,66","9,61"
2026-10-06 05:51,"17,1",66,"10,7","0,66","9,61"
2026-10-06 05:52,"17,1",66,"10,7","0,66","9,61"
2026-10-06 05:53,"17,1",66,"10,7","0,66","9,61"
2026-10-06 05:54,"17,1",66,"10,7","0,66","9,61"
2026-10-06 05:55,"17,1",66,"10,7","0,66","9,61"
2026-10-06 05:56,"17,1",66,"10,7","0,66","9,61"
2026-10-06 05:57,"17,1",66,"10,7","0,66","9,61"
2026-10-06 05:58,"17,1",66,"10,7","0,66","9,61"
2026-10-06 05:59,"17,1",66,"10,7","0,66","9,61"
2026-10-06 06:00,"17,2",66,"10,7","0,67","9,64"
2026-10-06 06:01,"17,2",66,"10,8","0,67","9,66"
2026-10-06 06:02,"17,2",66,"10,8","0,67","9,66"
2026-10-06 06:03,"17,2",66,"10,8","0,67","9,66"
2026-10-06 06:04,"17,2",66,"10,8","0,67","9,66"
2026-10-06 06:05,"17,2",66,"10,8","0,67","9,66"
2026-10-06 06:06,"17,2",66,"10,8","0,67","9,66"
2026-10-06 06:07,"17,2",66,"10,8","0,67","9,66"
2026-10-06 06:08,"17,2",66,"10,8","0,67","9,66"
2026-10-06 06:09,"17,2",66,"10,8","0,67","9,66"
2026-10-06 06:10,"17,2",66,"10,8","0,67","9,66"
2026-10-06 06:11,"17,2",66,"10,8","0,67","9,66"
2026-10-06 06:12,"17,2",66,"10,8","0,67","9,66"
2026-10-06 06:13,"17,2",66,"10,8","0,67","9,66"
2026-10-06 06:14,"17,2",66,"10,8","0,67","9,66"
2026-10-06 06:15,"17,2",66,"10,8","0,67","9,66"
2026-10-06 06:16,"17,2",66,"10,8","0,67","9,66"
2026-10-06 06:17,"17,2",66,"10,8","0,67","9,66"
2026-10-06 06:18,"17,2",66,"10,8","0,67","9,66"
2026-10-06 06:19,"17,2",66,"10,8","0,67","9,66"
2026-10-06 06:20,"17,2",66,"10,8","0,67","9,66"
2026-10-06 06:21,"17,2",66,"10,8","0,67","9,66"
2026-10-06 06:22,"17,2",66,"10,8","0,67","9,66"
2026-10-06 06:23,"17,2",66,"10,8","0,67","9,66"
2026-10-06 06:24,"17,2",66,"10,8","0,67","9,66"
2026-10-06 06:25,"17,2",66,"10,8","0,67","9,66"
2026-10-06 06:26,"17,2",66,"10,8","0,67","9,66"
2026-10-06 06:27,"17,2",66,"10,8","0,67","9,66"
2026-10-06 06:28,"17,2",66,"10,8","0,67","9,66"
2026-10-06 06:29,"17,2",66,"10,8","0,67","9,66"
2026-10-06 06:30,"17,2",66,"10,8","0,67","9,66"
2026-10-06 06:31,"17,2",66,"10,8","0,67","9,66"
2026-10-06 06:32,"17,2",66,"10,8","0,67","9,66"
2026-10-06 06:33,"17,2",66,"10,8","0,67","9,66"
2026-10-06 06:34,"17,2",66,"10,8","0,67","9,66"
2026-10-06 06:35,"17,2",66,"10,8","0,67","9,66"
2026-10-06 06:36,"17,2",66,"10,8","0,67","9,66"
2026-10-06 06:37,"17,2",66,"10,8","0,67","9,66"
2026-10-06 06:38,"17,2",66,"10,8","0,67","9,66"
2026-10-06 06:39,"17,2",66,"10,8","0,67","9,66"
2026-10-06 06:40,"17,2",66,"10,8","0,67","9,66"
2026-10-06 06:41,"17,2",66,"10,8","0,67","9,66"
2026-10-06 06:42,"17,2",66,"10,8","0,67","9,66"
2026-10-06 06:43,"17,2",66,"10,8","0,67","9,66"
2026-10-06 06:44,"17,2",66,"10,8","0,67","9,66"
2026-10-06 06:45,"17,2",66,"10,8","0,67","9,66"
2026-10-06 06:46,"17,2",66,"10,8","0,67","9,66"
2026-10-06 06:47,"17,2",66,"10,8","0,67","9,66"
2026-10-06 06:48,"17,2",66,"10,8","0,67","9,66"
2026-10-06 06:49,"17,2",66,"10,8","0,67","9,66"
2026-10-06 06:50,"17,2",66,"10,8","0,67","9,66"
2026-10-06 06:51,"17,2",66,"10,8","0,67","9,66"
2026-10-06 06:52,"17,2",66,"10,8","0,67","9,66"
2026-10-06 06:53,"17,2",66,"10,8","0,67","9,66"
2026-10-06 06:54,"17,2",66,"10,8","0,67","9,66"
2026-10-06 06:55,"17,2",66,"10,8","0,67","9,66"
2026-10-06 06:56,"17,2",66,"10,8","0,67","9,66"
2026-10-06 06:57,"17,2",66,"10,8","0,67","9,66"
2026-10-06 06:58,"17,2",66,"10,8","0,67","9,66"
2026-10-06 06:59,"17,2",66,"10,8","0,67","9,66"
2026-10-06 07:00,"17,2",66,"10,8","0,67","9,66"
2026-10-06 07:01,"17,2",66,"10,8","0,67","9,66"
2026-10-06 07:02,"17,2",66,"10,8","0,67","9,66"
2026-10-06 07:03,"17,2",66,"10,8","0,67","9,66"
2026-10-06 07:04,"17,2",66,"10,8","0,67","9,66"
2026-10-06 07:05,"17,2",66,"10,8","0,67","9,66"
2026-10-06 07:06,"17,2",66,"10,8","0,67","9,66"
2026-10-06 07:07,"17,2",66,"10,8","0,67","9,66"
2026-10-06 07:08,"17,2",66,"10,8","0,67","9,66"
2026-10-06 07:09,"17,2",66,"10,8","0,67","9,66"
2026-10-06 07:10,"17,2",66,"10,8","0,67","9,66"
2026-10-06 07:11,"17,2",66,"10,8","0,67","9,66"
2026-10-06 07:12,"17,2",66,"10,8","0,67","9,66"
2026-10-06 07:13,"17,2",66,"10,8","0,67","9,66"
2026-10-06 07:14,"17,2",66,"10,8","0,67","9,66"
2026-10-06 07:15,"17,2",66,"10,8","0,67","9,66"
2026-10-06 07:16,"17,2",66,"10,8","0,67","9,66"
2026-10-06 07:17,"17,2",66,"10,8","0,67","9,66"
2026-10-06 07:18,"17,2",66,"10,8","0,67","9,66"
2026-10-06 07:19,"17,2",66,"10,8","0,67","9,66"
2026-10-06 07:20,"17,2",66,"10,8","0,67","9,66"
2026-10-06 07:21,"17,2",66,"10,8","0,67","9,66"
2026-10-06 07:22,"17,2",66,"10,8","0,67","9,66"
2026-10-06 07:23,"17,2",66,"10,8","0,67","9,66"
2026-10-06 07:24,"17,2",66,"10,8","0,67","9,66"
2026-10-06 07:25,"17,2",66,"10,8","0,67","9,66"
2026-10-06 07:26,"17,2",66,"10,8","0,67","9,66"
2026-10-06 07:27,"17,2",66,"10,8","0,67","9,66"
2026-10-06 07:28,"17,2",66,"10,8","0,67","9,66"
2026-10-06 07:29,"17,2",66,"10,8","0,67","9,66"
2026-10-06 07:30,"17,2",66,"10,8","0,67","9,66"
2026-10-06 07:31,"17,2",66,"10,8","0,67","9,66"
2026-10-06 07:32,"17,2",66,"10,8","0,67","9,66"
2026-10-06 07:33,"17,2",66,"10,8","0,67","9,66"
2026-10-06 07:34,"17,2",66,"10,8","0,67","9,66"
2026-10-06 07:35,"17,2",66,"10,8","0,67","9,66"
2026-10-06 07:36,"17,2",66,"10,8","0,67","9,66"
2026-10-06 07:37,"17,2",66,"10,8","0,67","9,66"
2026-10-06 07:38,"17,2",66,"10,8","0,67","9,66"
2026-10-06 07:39,"17,2",66,"10,8","0,67","9,66"
2026-10-06 07:40,"17,2",66,"10,8","0,67","9,66"
2026-10-06 07:41,"17,2",66,"10,8","0,67","9,66"
2026-10-06 07:42,"17,2",66,"10,8","0,67","9,66"
2026-10-06 07:43,"17,2",66,"10,8","0,67","9,66"
2026-10-06 07:44,"17,2",66,"10,8","0,67","9,66"
2026-10-06 07:45,"17,2",66,"10,8","0,67","9,66"
2026-10-06 07:46,"17,2",66,"10,8","0,67","9,66"
2026-10-06 07:47,"17,2",66,"10,8","0,67","9,66"
2026-10-06 07:48,"17,2",66,"10,8","0,67","9,66"
2026-10-06 07:49,"17,2",66,"10,8","0,67","9,66"
2026-10-06 07:50,"17,2",66,"10,8","0,67","9,66"
2026-10-06 07:51,"17,2",66,"10,8","0,67","9,66"
2026-10-06 07:52,"17,2",66,"10,8","0,67","9,66"
2026-10-06 07:53,"17,2",66,"10,8","0,67","9,66"
2026-10-06 07:54,"17,2",66,"10,8","0,67","9,66"
2026-10-06 07:55,"17,2",66,"10,8","0,67","9,66"
2026-10-06 07:56,"17,2",66,"10,8","0,67","9,66"
2026-10-06 07:57,"17,2",66,"10,8","0,67","9,66"
2026-10-06 07:58,"17,2",66,"10,8","0,67","9,66"
2026-10-06 07:59,"17,2",66,"10,8","0,67","9,66"
2026-10-06 08:00,"17,2",66,"10,8","0,67","9,66"
2026-10-06 08:01,"17,2",66,"10,8","0,67","9,66"
2026-10-06 08:02,"17,2",66,"10,8","0,67","9,66"
2026-10-06 08:03,"17,2",66,"10,8","0,67","9,66"
2026-10-06 08:04,"17,2",66,"10,8","0,67","9,66"
2026-10-06 08:05,"17,2",66,"10,8","0,67","9,66"
2026-10-06 08:06,"17,2",66,"10,8","0,67","9,66"
2026-10-06 08:07,"17,2",66,"10,8","0,67","9,66"
2026-10-06 08:08,"17,2",66,"10,8","0,67","9,66"
2026-10-06 08:09,"17,2",66,"10,8","0,67","9,66"
2026-10-06 08:10,"17,2",66,"10,8","0,67","9,66"
2026-10-06 08:11,"17,2",66,"10,8","0,67","9,66"
2026-10-06 08:12,"17,2",66,"10,8","0,67","9,66"
2026-10-06 08:13,"17,2",66,"10,8","0,67","9,66"
2026-10-06 08:14,"17,2",66,"10,8","0,67","9,66"
2026-10-06 08:15,"17,2",66,"10,8","0,67","9,66"
2026-10-06 08:16,"17,2",66,"10,8","0,67","9,66"
2026-10-06 08:17,"17,2",66,"10,8","0,67","9,66"
2026-10-06 08:18,"17,2",66,"10,8","0,67","9,66"
2026-10-06 08:19,"17,2",66,"10,8","0,67","9,66"
2026-10-06 08:20,"17,2",66,"10,8","0,67","9,66"
2026-10-06 08:21,"17,2",66,"10,8","0,67","9,66"
2026-10-06 08:22,"17,2",66,"10,8","0,67","9,66"
2026-10-06 08:23,"17,2",66,"10,8","0,67","9,66"
2026-10-06 08:24,"17,2",66,"10,8","0,67","9,66"
2026-10-06 08:25,"17,2",66,"10,8","0,67","9,66"
2026-10-06 08:26,"17,2",66,"10,8","0,67","9,66"
2026-10-06 08:27,"17,2",66,"10,8","0,67","9,66"
2026-10-06 08:28,"17,2",66,"10,8","0,67","9,66"
2026-10-06 08:29,"17,2",66,"10,8","0,67","9,66"
2026-10-06 08:30,"17,2",66,"10,8","0,67","9,66"
2026-10-06 08:31,"17,2",66,"10,8","0,67","9,66"
2026-10-06 08:32,"17,2",66,"10,8","0,67","9,66"
2026-10-06 08:33,"17,2",66,"10,8","0,67","9,66"
2026-10-06 08:34,"17,2",66,"10,8","0,67","9,66"
2026-10-06 08:35,"17,2",66,"10,8","0,67","9,66"
2026-10-06 08:36,"17,2",66,"10,8","0,67","9,66"
2026-10-06 08:37,"17,2",66,"10,8","0,67","9,66"
2026-10-06 08:38,"17,2",66,"10,8","0,67","9,66"
2026-10-06 08:39,"17,2",66,"10,8","0,67","9,66"
2026-10-06 08:40,"17,2",66,"10,8","0,67","9,66"
2026-10-06 08:41,"17,2",66,"10,8","0,67","9,66"
2026-10-06 08:42,"17,2",66,"10,8","0,67","9,66"
2026-10-06 08:43,"17,2",66,"10,8","0,67","9,66"
2026-10-06 08:44,"17,2",66,"10,8","0,67","9,66"
2026-10-06 08:45,"17,2",66,"10,8","0,67","9,66"
2026-10-06 08:46,"17,2",66,"10,8","0,67","9,66"
2026-10-06 08:47,"17,2",66,"10,8","0,67","9,66"
2026-10-06 08:48,"17,2",66,"10,8","0,67","9,66"
2026-10-06 08:49,"17,2",66,"10,8","0,67","9,66"
2026-10-06 08:50,"17,2",66,"10,8","0,67","9,66"
2026-10-06 08:51,"17,2",66,"10,8","0,67","9,66"
2026-10-06 08:52,"17,2",66,"10,8","0,67","9,66"
2026-10-06 08:53,"17,2",66,"10,8","0,67","9,66"
2026-10-06 08:54,"17,2",66,"10,8","0,67","9,66"
2026-10-06 08:55,"17,2",66,"10,8","0,67","9,66"
2026-10-06 08:56,"17,2",66,"10,8","0,67","9,66"
2026-10-06 08:57,"17,2",66,"10,8","0,67","9,66"
2026-10-06 08:58,"17,2",66,"10,8","0,67","9,66"
2026-10-06 08:59,"17,2",66,"10,8","0,67","9,66"
2026-10-06 09:00,"17,2",66,"10,8","0,67","9,66"
2026-10-06 09:01,"17,2",66,"10,8","0,67","9,66"
2026-10-06 09:02,"17,2",66,"10,8","0,67","9,66"
2026-10-06 09:03,"17,2",66,"10,8","0,67","9,66"
2026-10-06 09:04,"17,2",66,"10,8","0,67","9,66"
2026-10-06 09:05,"17,2",66,"10,8","0,67","9,66"
2026-10-06 09:06,"17,2",66,"10,8","0,67","9,66"
2026-10-06 09:07,"17,2",66,"10,8","0,67","9,66"
2026-10-06 09:08,"17,2",66,"10,8","0,67","9,66"
2026-10-06 09:09,"17,2",66,"10,8","0,67","9,66"
2026-10-06 09:10,"17,2",66,"10,8","0,67","9,66"
2026-10-06 09:11,"17,2",66,"10,8","0,67","9,66"
2026-10-06 09:12,"17,2",66,"10,8","0,67","9,66"
2026-10-06 09:13,"17,2",66,"10,8","0,67","9,66"
2026-10-06 09:14,"17,2",66,"10,8","0,67","9,66"
2026-10-06 09:15,"17,2",66,"10,8","0,67","9,66"
2026-10-06 09:16,"17,2",66,"10,8","0,67","9,66"
2026-10-06 09:17,"17,2",66,"10,8","0,67","9,66"
2026-10-06 09:18,"17,2",66,"10,8","0,67","9,66"
2026-10-06 09:19,"17,2",66,"10,8","0,67","9,66"
2026-10-06 09:20,"17,2",66,"10,8","0,67","9,66"
2026-10-06 09:21,"17,2",66,"10,8","0,67","9,66"
2026-10-06 09:22,"17,2",66,"10,8","0,67","9,66"
2026-10-06 09:23,"17,2",66,"10,8","0,67","9,66"
2026-10-06 09:24,"17,2",66,"10,8","0,67","9,66"
2026-10-06 09:25,"17,2",66,"10,8","0,67","9,66"
2026-10-06 09:26,"17,2",66,"10,8","0,67","9,66"
2026-10-06 09:27,"17,2",66,"10,8","0,67","9,66"
2026-10-06 09:28,"17,2",66,"10,8","0,67","9,66"
2026-10-06 09:29,"17,2",66,"10,8","0,67","9,66"
2026-10-06 09:30,"17,2",66,"10,8","0,67","9,66"
2026-10-06 09:31,"17,2",66,"10,8","0,67","9,66"
2026-10-06 09:32,"17,2",66,"10,8","0,67","9,66"
2026-10-06 09:33,"17,2",66,"10,8","0,67","9,66"
2026-10-06 09:34,"17,2",66,"10,8","0,67","9,66"
2026-10-06 09:35,"17,2",66,"10,8","0,67","9,66"
2026-10-06 09:36,"17,2",66,"10,8","0,67","9,66"
2026-10-06 09:37,"17,2",66,"10,8","0,67","9,66"
2026-10-06 09:38,"17,2",66,"10,8","0,67","9,66"
2026-10-06 09:39,"17,2",66,"10,8","0,67","9,66"
2026-10-06 09:40,"17,2",66,"10,8","0,67","9,66"
2026-10-06 09:41,"17,2",66,"10,8","0,67","9,66"
2026-10-06 09:42,"17,2",66,"10,8","0,67","9,66"
2026-10-06 09:43,"17,2",66,"10,8","0,67","9,66"
2026-10-06 09:44,"17,2",66,"10,8","0,67","9,66"
2026-10-06 09:45,"17,2",66,"10,8","0,67","9,66"
2026-10-06 09:46,"17,2",66,"10,8","0,67","9,66"
2026-10-06 09:47,"17,2",66,"10,8","0,67","9,66"
2026-10-06 09:48,"17,2",66,"10,8","0,67","9,66"
2026-10-06 09:49,"17,2",66,"10,8","0,67","9,66"
2026-10-06 09:50,"17,2",66,"10,8","0,67","9,66"
2026-10-06 09:51,"17,2",66,"10,8","0,67","9,66"
2026-10-06 09:52,"17,2",66,"10,8","0,67","9,66"
2026-10-06 09:53,"17,2",66,"10,8","0,67","9,66"
2026-10-06 09:54,"17,2",66,"10,8","0,67","9,66"
2026-10-06 09:55,"17,2",66,"10,8","0,67","9,66"
2026-10-06 09:56,"17,2",66,"10,8","0,67","9,66"
2026-10-06 09:57,"17,2",66,"10,8","0,67","9,66"
2026-10-06 09:58,"17,2",66,"10,8","0,67","9,66"
2026-10-06 09:59,"17,2",66,"10,8","0,67","9,66"
2026-10-06 10:00,"17,2",66,"10,8","0,67","9,66"
2026-10-06 10:01,"17,2",66,"10,8","0,67","9,66"
2026-10-06 10:02,"17,2",66,"10,8","0,67","9,66"
2026-10-06 10:03,"17,2",66,"10,8","0,67","9,66"
2026-10-06 10:04,"17,2",66,"10,8","0,67","9,66"
2026-10-06 10:05,"17,2",67,"11,0","0,65","9,81"
2026-10-06 10:06,"17,2",67,"11,0","0,65","9,81"
2026-10-06 10:07,"17,2",67,"11,0","0,65","9,81"
2026-10-06 10:08,"17,2",67,"11,0","0,65","9,81"
2026-10-06 10:09,"17,2",67,"11,0","0,65","9,81"
2026-10-06 10:10,"17,2",67,"11,0","0,65","9,81"
2026-10-06 10:11,"17,2",67,"11,0","0,65","9,81"
2026-10-06 10:12,"17,2",67,"11,0","0,65","9,81"
2026-10-06 10:13,"17,2",67,"11,0","0,65","9,81"
2026-10-06 10:14,"17,2",67,"11,0","0,65","9,81"
2026-10-06 10:15,"17,2",67,"11,0","0,65","9,81"
2026-10-06 10:16,"17,2",67,"11,0","0,65","9,81"
2026-10-06 10:17,"17,2",67,"11,0","0,65","9,81"
2026-10-06 10:18,"17,2",67,"11,0","0,65","9,81"
2026-10-06 10:19,"17,2",67,"11,0","0,65","9,81"
2026-10-06 10:20,"17,2",67,"11,0","0,65","9,81"
2026-10-06 10:21,"17,2",67,"11,0","0,65","9,81"
2026-10-06 10:22,"17,2",67,"11,0","0,65","9,81"
2026-10-06 10:23,"17,2",67,"11,0","0,65","9,81"
2026-10-06 10:24,"17,2",67,"11,0","0,65","9,81"
2026-10-06 10:25,"17,2",67,"11,0","0,65","9,81"
2026-10-06 10:26,"17,2",67,"11,0","0,65","9,81"
2026-10-06 10:27,"17,2",67,"11,0","0,65","9,81"
2026-10-06 10:28,"17,2",67,"11,0","0,65","9,81"
2026-10-06 10:29,"17,2",67,"11,0","0,65","9,81"
2026-10-06 10:30,"17,2",67,"11,0","0,65","9,81"
2026-10-06 10:31,"17,2",67,"11,0","0,65","9,81"
2026-10-06 10:32,"17,2",67,"11,0","0,65","9,81"
2026-10-06 10:33,"17,2",67,"11,0","0,65","9,81"
2026-10-06 10:34,"17,2",67,"11,0","0,65","9,81"
2026-10-06 10:35,"17,2",67,"11,0","0,65","9,81"
2026-10-06 10:36,"17,2",67,"11,0","0,65","9,81"
2026-10-06 10:37,"17,2",67,"11,0","0,65","9,81"
2026-10-06 10:38,"17,2",67,"11,0","0,65","9,81"
2026-10-06 10:39,"17,2",67,"11,0","0,65","9,81"
2026-10-06 10:40,"17,2",67,"11,0","0,65","9,81"
2026-10-06 10:41,"17,2",67,"11,0","0,65","9,81"
2026-10-06 10:42,"17,2",67,"11,0","0,65","9,81"
2026-10-06 10:43,"17,2",67,"11,0","0,65","9,81"
2026-10-06 10:44,"17,2",67,"11,0","0,65","9,81"
2026-10-06 10:45,"17,2",67,"11,0","0,65","9,81"
2026-10-06 10:46,"17,2",67,"11,0","0,65","9,81"
2026-10-06 10:47,"17,2",67,"11,0","0,65","9,81"
2026-10-06 10:48,"17,2",67,"11,0","0,65","9,81"
2026-10-06 10:49,"17,2",67,"11,0","0,65","9,81"
2026-10-06 10:50,"17,2",67,"11,0","0,65","9,81"
2026-10-06 10:51,"17,2",67,"11,0","0,65","9,81"
2026-10-06 10:52,"17,2",67,"11,0","0,65","9,81"
2026-10-06 10:53,"17,2",67,"11,0","0,65","9,81"
2026-10-06 10:54,"17,2",67,"11,0","0,65","9,81"
2026-10-06 10:55,"17,2",67,"11,0","0,65","9,81"
2026-10-06 10:56,"17,2",67,"11,0","0,65","9,81"
2026-10-06 10:57,"17,2",67,"11,0","0,65","9,81"
2026-10-06 10:58,"17,2",67,"11,0","0,65","9,81"
2026-10-06 10:59,"17,2",67,"11,0","0,65","9,81"
2026-10-06 11:00,"17,2",67,"11,0","0,65","9,81"
2026-10-06 11:01,"17,2",67,"11,0","0,65","9,81"
2026-10-06 11:02,"17,2",67,"11,0","0,65","9,81"
2026-10-06 11:03,"17,2",67,"11,0","0,65","9,81"
2026-10-06 11:04,"17,2",67,"11,0","0,65","9,81"
2026-10-06 11:05,"17,2",67,"11,0","0,65","9,81"
2026-10-06 11:06,"17,2",67,"11,0","0,65","9,81"
2026-10-06 11:07,"17,2",67,"11,0","0,65","9,81"
2026-10-06 11:08,"17,2",67,"11,0","0,65","9,81"
2026-10-06 11:09,"17,2",67,"11,0","0,65","9,81"
2026-10-06 11:10,"17,2",67,"11,0","0,65","9,81"
2026-10-06 11:11,"17,2",67,"11,0","0,65","9,81"
2026-10-06 11:12,"17,2",67,"11,0","0,65","9,81"
2026-10-06 11:13,"17,2",67,"11,0","0,65","9,81"
2026-10-06 11:14,"17,2",67,"11,0","0,65","9,81"
2026-10-06 11:15,"17,2",67,"11,0","0,65","9,81"
2026-10-06 11:16,"17,2",67,"11,0","0,65","9,81"
2026-10-06 11:17,"17,2",67,"11,0","0,65","9,81"
2026-10-06 11:18,"17,2",67,"11,0","0,65","9,81"
2026-10-06 11:19,"17,2",67,"11,0","0,65","9,81"
2026-10-06 11:20,"17,2",67,"11,0","0,65","9,81"
2026-10-06 11:21,"17,2",67,"11,0","0,65","9,81"
2026-10-06 11:22,"17,2",67,"11,0","0,65","9,81"
2026-10-06 11:23,"17,2",67,"11,0","0,65","9,81"
2026-10-06 11:24,"17,2",67,"11,0","0,65","9,81"
2026-10-06 11:25,"17,2",68,"11,2","0,63","9,96"
2026-10-06 11:26,"17,2",68,"11,2","0,63","9,96"
2026-10-06 11:27,"17,2",68,"11,2","0,63","9,96"
2026-10-06 11:28,"17,2",68,"11,2","0,63","9,96"
2026-10-06 11:29,"17,2",68,"11,2","0,63","9,96"
2026-10-06 11:30,"17,2",68,"11,2","0,63","9,96"
2026-10-06 11:31,"17,2",68,"11,2","0,63","9,96"
2026-10-06 11:32,"17,2",68,"11,2","0,63","9,96"
2026-10-06 11:33,"17,2",68,"11,2","0,63","9,96"
2026-10-06 11:34,"17,2",68,"11,2","0,63","9,96"
2026-10-06 11:35,"17,2",68,"11,2","0,63","9,96"
2026-10-06 11:36,"17,2",68,"11,2","0,63","9,96"
2026-10-06 11:37,"17,2",68,"11,2","0,63","9,96"
2026-10-06 11:38,"17,2",68,"11,2","0,63","9,96"
2026-10-06 11:39,"17,2",68,"11,2","0,63","9,96"
2026-10-06 11:40,"17,2",68,"11,2","0,63","9,96"
2026-10-06 11:41,"17,2",68,"11,2","0,63","9,96"
2026-10-06 11:42,"17,2",68,"11,2","0,63","9,96"
2026-10-06 11:43,"17,2",68,"11,2","0,63","9,96"
2026-10-06 11:44,"17,2",68,"11,2","0,63","9,96"
2026-10-06 11:45,"17,2",68,"11,2","0,63","9,96"
2026-10-06 11:46,"17,2",68,"11,2","0,63","9,96"
2026-10-06 11:47,"17,2",68,"11,2","0,63","9,96"
2026-10-06 11:48,"17,2",68,"11,2","0,63","9,96"
2026-10-06 11:49,"17,2",68,"11,2","0,63","9,96"
2026-10-06 11:50,"17,2",68,"11,2","0,63","9,96"
2026-10-06 11:51,"17,2",68,"11,2","0,63","9,96"
2026-10-06 11:52,"17,2",68,"11,2","0,63","9,96"
2026-10-06 11:53,"17,2",68,"11,2","0,63","9,96"
2026-10-06 11:54,"17,2",68,"11,2","0,63","9,96"
2026-10-06 11:55,"17,2",68,"11,2","0,63","9,96"
2026-10-06 11:56,"17,2",68,"11,2","0,63","9,96"
2026-10-06 11:57,"17,2",68,"11,2","0,63","9,96"
2026-10-06 11:58,"17,2",68,"11,2","0,63","9,96"
2026-10-06 11:59,"17,2",68,"11,2","0,63","9,96"
2026-10-06 12:00,"17,2",68,"11,2","0,63","9,96"
2026-10-06 12:01,"17,2",68,"11,2","0,63","9,96"
2026-10-06 12:02,"17,2",68,"11,2","0,63","9,96"
2026-10-06 12:03,"17,2",68,"11,2","0,63","9,96"
2026-10-06 12:04,"17,2",68,"11,2","0,63","9,96"
2026-10-06 12:05,"17,2",68,"11,2","0,63","9,96"
2026-10-06 12:06,"17,2",68,"11,2","0,63","9,96"
2026-10-06 12:07,"17,2",68,"11,2","0,63","9,96"
2026-10-06 12:08,"17,2",68,"11,2","0,63","9,96"
2026-10-06 12:09,"17,2",68,"11,2","0,63","9,96"
2026-10-06 12:10,"17,2",68,"11,2","0,63","9,96"
2026-10-06 12:11,"17,2",68,"11,2","0,63","9,96"
2026-10-06 12:12,"17,2",68,"11,2","0,63","9,96"
2026-10-06 12:13,"17,2",68,"11,2","0,63","9,96"
2026-10-06 12:14,"17,2",68,"11,2","0,63","9,96"
2026-10-06 12:15,"17,2",68,"11,2","0,63","9,96"
2026-10-06 12:16,"17,2",68,"11,2","0,63","9,96"
2026-10-06 12:17,"17,2",68,"11,2","0,63","9,96"
2026-10-06 12:18,"17,2",68,"11,2","0,63","9,96"
2026-10-06 12:19,"17,2",68,"11,2","0,63","9,96"
2026-10-06 12:20,"17,2",68,"11,2","0,63","9,96"
2026-10-06 12:21,"17,2",68,"11,2","0,63","9,96"
2026-10-06 12:22,"17,2",68,"11,2","0,63","9,96"
2026-10-06 12:23,"17,2",68,"11,2","0,63","9,96"
2026-10-06 12:24,"17,2",68,"11,2","0,63","9,96"
2026-10-06 12:25,"17,2",68,"11,2","0,63","9,96"
2026-10-06 12:26,"17,2",68,"11,2","0,63","9,96"
2026-10-06 12:27,"17,2",68,"11,2","0,63","9,96"
2026-10-06 12:28,"17,2",68,"11,2","0,63","9,96"
2026-10-06 12:29,"17,2",68,"11,2","0,63","9,96"
2026-10-06 12:30,"17,2",68,"11,2","0,63","9,96"
2026-10-06 12:31,"17,2",68,"11,2","0,63","9,96"
2026-10-06 12:32,"17,2",68,"11,2","0,63","9,96"
2026-10-06 12:33,"17,2",68,"11,2","0,63","9,96"
2026-10-06 12:34,"17,2",68,"11,2","0,63","9,96"
2026-10-06 12:35,"17,2",68,"11,2","0,63","9,96"
2026-10-06 12:36,"17,2",68,"11,2","0,63","9,96"
2026-10-06 12:37,"17,2",68,"11,2","0,63","9,96"
2026-10-06 12:38,"17,2",68,"11,2","0,63","9,96"
2026-10-06 12:39,"17,2",68,"11,2","0,63","9,96"
2026-10-06 12:40,"17,2",68,"11,2","0,63","9,96"
2026-10-06 12:41,"17,2",68,"11,2","0,63","9,96"
2026-10-06 12:42,"17,2",68,"11,2","0,63","9,96"
2026-10-06 12:43,"17,2",69,"11,5","0,61","10,10"
2026-10-06 12:44,"17,2",69,"11,5","0,61","10,10"
2026-10-06 12:45,"17,2",69,"11,5","0,61","10,10"
2026-10-06 12:46,"17,2",69,"11,5","0,61","10,10"
2026-10-06 12:47,"17,2",69,"11,5","0,61","10,10"
2026-10-06 12:48,"17,2",69,"11,5","0,61","10,10"
2026-10-06 12:49,"17,2",69,"11,5","0,61","10,10"
2026-10-06 12:50,"17,2",69,"11,5","0,61","10,10"
2026-10-06 12:51,"17,2",69,"11,5","0,61","10,10"
2026-10-06 12:52,"17,2",69,"11,5","0,61","10,10"
2026-10-06 12:53,"17,2",69,"11,5","0,61","10,10"
2026-10-06 12:54,"17,2",69,"11,5","0,61","10,10"
2026-10-06 12:55,"17,2",69,"11,5","0,61","10,10"
2026-10-06 12:56,"17,2",69,"11,5","0,61","10,10"
2026-10-06 12:57,"17,2",69,"11,5","0,61","10,10"
2026-10-06 12:58,"17,2",69,"11,5","0,61","10,10"
2026-10-06 12:59,"17,2",69,"11,5","0,61","10,10"
2026-10-06 13:00,"17,2",69,"11,5","0,61","10,10"
2026-10-06 13:01,"17,2",69,"11,5","0,61","10,10"
2026-10-06 13:02,"17,2",69,"11,5","0,61","10,10"
2026-10-06 13:03,"17,2",69,"11,5","0,61","10,10"
2026-10-06 13:04,"17,2",69,"11,5","0,61","10,10"
2026-10-06 13:05,"17,2",69,"11,5","0,61","10,10"
2026-10-06 13:06,"17,2",69,"11,5","0,61","10,10"
2026-10-06 13:07,"17,2",69,"11,5","0,61","10,10"
2026-10-06 13:08,"17,2",69,"11,5","0,61","10,10"
2026-10-06 13:09,"17,2",69,"11,5","0,61","10,10"
2026-10-06 13:10,"17,2",69,"11,5","0,61","10,10"
2026-10-06 13:11,"17,2",69,"11,5","0,61","10,10"
2026-10-06 13:12,"17,2",69,"11,5","0,61","10,10"
2026-10-06 13:13,"17,2",69,"11,5","0,61","10,10"
2026-10-06 13:14,"17,2",69,"11,5","0,61","10,10"
2026-10-06 13:15,"17,2",69,"11,5","0,61","10,10"
2026-10-06 13:16,"17,2",69,"11,5","0,61","10,10"
2026-10-06 13:17,"17,2",69,"11,5","0,61","10,10"
2026-10-06 13:18,"17,2",69,"11,5","0,61","10,10"
2026-10-06 13:19,"17,2",69,"11,5","0,61","10,10"
2026-10-06 13:20,"17,2",69,"11,5","0,61","10,10"
2026-10-06 13:21,"17,2",69,"11,5","0,61","10,10"
2026-10-06 13:22,"17,2",69,"11,5","0,61","10,10"
2026-10-06 13:23,"17,2",69,"11,5","0,61","10,10"
2026-10-06 13:24,"17,2",69,"11,5","0,61","10,10"
2026-10-06 13:25,"17,2",69,"11,5","0,61","10,10"
2026-10-06 13:26,"17,2",69,"11,5","0,61","10,10"
2026-10-06 13:27,"17,2",69,"11,5","0,61","10,10"
2026-10-06 13:28,"17,2",69,"11,5","0,61","10,10"
2026-10-06 13:29,"17,2",69,"11,5","0,61","10,10"
2026-10-06 13:30,"17,2",69,"11,5","0,61","10,10"
2026-10-06 13:31,"17,2",69,"11,5","0,61","10,10"
2026-10-06 13:32,"17,2",69,"11,5","0,61","10,10"
2026-10-06 13:33,"17,2",69,"11,5","0,61","10,10"
2026-10-06 13:34,"17,2",69,"11,5","0,61","10,10"
2026-10-06 13:35,"17,2",69,"11,5","0,61","10,10"
2026-10-06 13:36,"17,2",69,"11,5","0,61","10,10"
2026-10-06 13:37,"17,2",69,"11,5","0,61","10,10"
2026-10-06 13:38,"17,2",69,"11,5","0,61","10,10"
2026-10-06 13:39,"17,2",69,"11,5","0,61","10,10"
2026-10-06 13:40,"17,2",69,"11,5","0,61","10,10"
2026-10-06 13:41,"17,2",69,"11,5","0,61","10,10"
2026-10-06 13:42,"17,2",69,"11,5","0,61","10,10"
2026-10-06 13:43,"17,2",69,"11,5","0,61","10,10"
2026-10-06 13:44,"17,2",69,"11,5","0,61","10,10"
2026-10-06 13:45,"17,2",69,"11,5","0,61","10,10"
2026-10-06 13:46,"17,2",69,"11,5","0,61","10,10"
2026-10-06 13:47,"17,2",69,"11,5","0,61","10,10"
2026-10-06 13:48,"17,2",69,"11,5","0,61","10,10"
2026-10-06 13:49,"17,2",69,"11,5","0,61","10,10"
2026-10-06 13:50,"17,2",69,"11,5","0,61","10,10"
2026-10-06 13:51,"17,2",69,"11,5","0,61","10,10"
2026-10-06 13:52,"17,2",69,"11,5","0,61","10,10"
2026-10-06 13:53,"17,2",69,"11,5","0,61","10,10"
2026-10-06 13:54,"17,2",69,"11,5","0,61","10,10"
2026-10-06 13:55,"17,2",69,"11,5","0,61","10,10"
2026-10-06 13:56,"17,2",69,"11,5","0,61","10,10"
2026-10-06 13:57,"17,2",69,"11,5","0,61","10,10"
2026-10-06 13:58,"17,2",69,"11,5","0,61","10,10"
2026-10-06 13:59,"17,2",69,"11,5","0,61","10,10"
2026-10-06 14:00,"17,2",69,"11,5","0,61","10,10"
2026-10-06 14:01,"17,2",69,"11,5","0,61","10,10"
2026-10-06 14:02,"17,2",69,"11,5","0,61","10,10"
2026-10-06 14:03,"17,2",69,"11,5","0,61","10,10"
2026-10-06 14:04,"17,2",69,"11,5","0,61","10,10"
2026-10-06 14:05,"17,2",69,"11,5","0,61","10,10"
2026-10-06 14:06,"17,2",69,"11,5","0,61","10,10"
2026-10-06 14:07,"17,2",69,"11,5","0,61","10,10"
2026-10-06 14:08,"17,2",69,"11,5","0,61","10,10"
2026-10-06 14:09,"17,2",69,"11,5","0,61","10,10"
2026-10-06 14:10,"17,2",69,"11,5","0,61","10,10"
2026-10-06 14:11,"17,2",69,"11,5","0,61","10,10"
2026-10-06 14:12,"17,2",69,"11,5","0,61","10,10"
2026-10-06 14:13,"17,2",69,"11,5","0,61","10,10"
2026-10-06 14:14,"17,2",69,"11,5","0,61","10,10"
2026-10-06 14:15,"17,2",69,"11,5","0,61","10,10"
2026-10-06 14:16,"17,2",69,"11,5","0,61","10,10"
2026-10-06 14:17,"17,2",69,"11,5","0,61","10,10"
2026-10-06 14:18,"17,2",69,"11,5","0,61","10,10"
2026-10-06 14:19,"17,2",69,"11,5","0,61","10,10"
2026-10-06 14:20,"17,2",69,"11,5","0,61","10,10"
2026-10-06 14:21,"17,2",69,"11,5","0,61","10,10"
2026-10-06 14:22,"17,2",69,"11,5","0,61","10,10"
2026-10-06 14:23,"17,2",69,"11,5","0,61","10,10"
2026-10-06 14:24,"17,2",69,"11,5","0,61","10,10"
2026-10-06 14:25,"17,2",69,"11,5","0,61","10,10"
2026-10-06 14:26,"17,2",69,"11,5","0,61","10,10"
2026-10-06 14:27,"17,2",69,"11,5","0,61","10,10"
2026-10-06 14:28,"17,2",69,"11,5","0,61","10,10"
2026-10-06 14:29,"17,2",69,"11,5","0,61","10,10"
2026-10-06 14:30,"17,2",69,"11,5","0,61","10,10"
2026-10-06 14:31,"17,2",69,"11,5","0,61","10,10"
2026-10-06 14:32,"17,2",69,"11,5","0,61","10,10"
2026-10-06 14:33,"17,2",69,"11,5","0,61","10,10"
2026-10-06 14:34,"17,2",69,"11,5","0,61","10,10"
2026-10-06 14:35,"17,2",69,"11,5","0,61","10,10"
2026-10-06 14:36,"17,2",69,"11,5","0,61","10,10"
2026-10-06 14:37,"17,2",70,"11,7","0,59","10,25"
2026-10-06 14:38,"17,2",70,"11,7","0,59","10,25"
2026-10-06 14:39,"17,2",70,"11,7","0,59","10,25"
2026-10-06 14:40,"17,2",70,"11,7","0,59","10,25"
2026-10-06 14:41,"17,2",70,"11,7","0,59","10,25"
2026-10-06 14:42,"17,2",70,"11,7","0,59","10,25"
2026-10-06 14:43,"17,2",70,"11,7","0,59","10,25"
2026-10-06 14:44,"17,2",70,"11,7","0,59","10,25"
2026-10-06 14:45,"17,2",70,"11,7","0,59","10,25"
2026-10-06 14:46,"17,2",70,"11,7","0,59","10,25"
2026-10-06 14:47,"17,2",70,"11,7","0,59","10,25"
2026-10-06 14:48,"17,2",70,"11,7","0,59","10,25"
2026-10-06 14:49,"17,2",70,"11,7","0,59","10,25"
2026-10-06 14:50,"17,2",70,"11,7","0,59","10,25"
2026-10-06 14:51,"17,2",70,"11,7","0,59","10,25"
2026-10-06 14:52,"17,2",70,"11,7","0,59","10,25"
2026-10-06 14:53,"17,2",70,"11,7","0,59","10,25"
2026-10-06 14:54,"17,2",70,"11,7","0,59","10,25"
2026-10-06 14:55,"17,2",70,"11,7","0,59","10,25"
2026-10-06 14:56,"17,2",70,"11,7","0,59","10,25"
2026-10-06 14:57,"17,2",70,"11,7","0,59","10,25"
2026-10-06 14:58,"17,2",70,"11,6","0,59","10,22"
2026-10-06 14:59,"17,1",70,"11,6","0,58","10,19"
2026-10-06 15:00,"17,1",70,"11,6","0,58","10,19"
2026-10-06 15:01,"17,1",70,"11,6","0,58","10,19"
2026-10-06 15:02,"17,1",70,"11,6","0,58","10,19"
2026-10-06 15:03,"17,1",70,"11,6","0,58","10,19"
2026-10-06 15:04,"17,1",70,"11,6","0,58","10,19"
2026-10-06 15:05,"17,1",70,"11,6","0,58","10,19"
2026-10-06 15:06,"17,1",70,"11,6","0,58","10,19"
2026-10-06 15:07,"17,1",70,"11,6","0,58","10,19"
2026-10-06 15:08,"17,1",70,"11,6","0,58","10,19"
2026-10-06 15:09,"17,1",70,"11,6","0,58","10,19"
2026-10-06 15:10,"17,1",70,"11,6","0,58","10,19"
2026-10-06 15:11,"17,1",70,"11,6","0,58","10,19"
2026-10-06 15:12,"17,1",70,"11,6","0,58","10,19"
2026-10-06 15:13,"17,1",70,"11,6","0,58","10,19"
2026-10-06 15:14,"17,1",70,"11,6","0,58","10,19"
2026-10-06 15:15,"17,1",70,"11,6","0,58","10,19"
2026-10-06 15:16,"17,1",70,"11,6","0,58","10,19"
2026-10-06 15:17,"17,1",70,"11,6","0,58","10,19"
2026-10-06 15:18,"17,1",70,"11,6","0,58","10,19"
2026-10-06 15:19,"17,1",70,"11,6","0,58","10,19"
2026-10-06 15:20,"17,1",70,"11,6","0,58","10,19"
2026-10-06 15:21,"17,1",70,"11,6","0,58","10,19"
2026-10-06 15:22,"17,1",70,"11,6","0,58","10,19"
2026-10-06 15:23,"17,1",70,"11,6","0,58","10,19"
2026-10-06 15:24,"17,1",70,"11,6","0,58","10,19"
2026-10-06 15:25,"17,1",70,"11,6","0,58","10,19"
2026-10-06 15:26,"17,1",70,"11,6","0,58","10,19"
2026-10-06 15:27,"17,1",70,"11,6","0,58","10,19"
2026-10-06 15:28,"17,1",70,"11,6","0,58","10,19"
2026-10-06 15:29,"17,1",70,"11,6","0,58","10,19"
2026-10-06 15:30,"17,1",70,"11,6","0,58","10,19"
2026-10-06 15:31,"17,1",70,"11,6","0,58","10,19"
2026-10-06 15:32,"17,1",70,"11,6","0,58","10,19"
2026-10-06 15:33,"17,1",70,"11,6","0,58","10,19"
2026-10-06 15:34,"17,1",70,"11,6","0,58","10,19"
2026-10-06 15:35,"17,1",70,"11,6","0,58","10,19"
2026-10-06 15:36,"17,1",70,"11,6","0,58","10,19"
2026-10-06 15:37,"17,1",70,"11,6","0,58","10,19"
2026-10-06 15:38,"17,1",70,"11,6","0,58","10,19"
2026-10-06 15:39,"17,1",70,"11,6","0,58","10,19"
2026-10-06 15:40,"17,1",70,"11,6","0,58","10,19"
2026-10-06 15:41,"17,1",70,"11,6","0,58","10,19"
2026-10-06 15:42,"17,1",70,"11,6","0,58","10,19"
2026-10-06 15:43,"17,1",70,"11,6","0,58","10,19"
2026-10-06 15:44,"17,1",70,"11,6","0,58","10,19"
2026-10-06 15:45,"17,1",70,"11,6","0,58","10,19"
2026-10-06 15:46,"17,1",70,"11,6","0,58","10,19"
2026-10-06 15:47,"17,1",70,"11,6","0,58","10,19"
2026-10-06 15:48,"17,1",70,"11,6","0,58","10,19"
2026-10-06 15:49,"17,1",70,"11,6","0,58","10,19"
2026-10-06 15:50,"17,1",70,"11,6","0,58","10,19"
2026-10-06 15:51,"17,1",70,"11,6","0,58","10,19"
2026-10-06 15:52,"17,1",70,"11,6","0,58","10,19"
2026-10-06 15:53,"17,1",70,"11,6","0,58","10,19"
2026-10-06 15:54,"17,1",70,"11,6","0,58","10,19"
2026-10-06 15:55,"17,1",70,"11,6","0,58","10,19"
2026-10-06 15:56,"17,1",70,"11,6","0,58","10,19"
2026-10-06 15:57,"17,1",70,"11,6","0,58","10,19"
2026-10-06 15:58,"17,1",70,"11,6","0,58","10,19"
2026-10-06 15:59,"17,1",70,"11,6","0,58","10,19"
2026-10-06 16:00,"17,1",70,"11,6","0,58","10,19"
2026-10-06 16:01,"17,1",70,"11,6","0,58","10,19"
2026-10-06 16:02,"17,1",70,"11,6","0,58","10,19"
2026-10-06 16:03,"17,1",70,"11,6","0,58","10,19"
2026-10-06 16:04,"17,1",70,"11,6","0,58","10,19"
2026-10-06 16:05,"17,1",70,"11,6","0,58","10,19"
2026-10-06 16:06,"17,1",70,"11,6","0,58","10,19"
2026-10-06 16:07,"17,1",70,"11,6","0,58","10,19"
2026-10-06 16:08,"17,1",70,"11,6","0,58","10,19"
2026-10-06 16:09,"17,1",70,"11,6","0,58","10,19"
2026-10-06 16:10,"17,1",70,"11,6","0,58","10,19"
2026-10-06 16:11,"17,1",70,"11,6","0,58","10,19"
2026-10-06 16:12,"17,1",70,"11,6","0,58","10,19"
2026-10-06 16:13,"17,1",70,"11,6","0,58","10,19"
2026-10-06 16:14,"17,1",70,"11,6","0,58","10,19"
2026-10-06 16:15,"17,1",70,"11,6","0,58","10,19"
2026-10-06 16:16,"17,1",70,"11,6","0,58","10,19"
2026-10-06 16:17,"17,1",70,"11,6","0,58","10,19"
2026-10-06 16:18,"17,1",70,"11,6","0,58","10,19"
2026-10-06 16:19,"17,1",70,"11,6","0,58","10,19"
2026-10-06 16:20,"17,1",70,"11,6","0,58","10,19"
2026-10-06 16:21,"17,1",70,"11,6","0,58","10,19"
2026-10-06 16:22,"17,1",70,"11,6","0,58","10,19"
2026-10-06 16:23,"17,1",70,"11,6","0,58","10,19"
2026-10-06 16:24,"17,1",70,"11,6","0,58","10,19"
2026-10-06 16:25,"17,1",70,"11,6","0,58","10,19"
2026-10-06 16:26,"17,1",70,"11,6","0,58","10,19"
2026-10-06 16:27,"17,1",70,"11,6","0,58","10,19"
2026-10-06 16:28,"17,1",70,"11,6","0,58","10,19"
2026-10-06 16:29,"17,1",70,"11,6","0,58","10,19"
2026-10-06 16:30,"17,1",70,"11,6","0,58","10,19"
2026-10-06 16:31,"17,1",70,"11,6","0,58","10,19"
2026-10-06 16:32,"17,1",70,"11,6","0,58","10,19"
2026-10-06 16:33,"17,1",70,"11,6","0,58","10,19"
2026-10-06 16:34,"17,1",70,"11,6","0,58","10,19"
2026-10-06 16:35,"17,1",70,"11,6","0,58","10,19"
2026-10-06 16:36,"17,1",70,"11,6","0,58","10,19"
2026-10-06 16:37,"17,1",70,"11,6","0,58","10,19"
2026-10-06 16:38,"17,1",70,"11,6","0,58","10,19"
2026-10-06 16:39,"17,1",70,"11,6","0,58","10,19"
2026-10-06 16:40,"17,1",70,"11,6","0,58","10,19"
2026-10-06 16:41,"17,1",70,"11,6","0,58","10,19"
2026-10-06 16:42,"17,1",70,"11,6","0,58","10,19"
2026-10-06 16:43,"17,1",70,"11,6","0,58","10,19"
2026-10-06 16:44,"17,1",70,"11,6","0,58","10,19"
2026-10-06 16:45,"17,1",70,"11,6","0,58","10,19"
2026-10-06 16:46,"17,1",70,"11,6","0,58","10,19"
2026-10-06 16:47,"17,1",70,"11,6","0,58","10,19"
2026-10-06 16:48,"17,1",70,"11,6","0,58","10,19"
2026-10-06 16:49,"17,1",70,"11,6","0,58","10,19"
2026-10-06 16:50,"17,1",70,"11,6","0,58","10,19"
2026-10-06 16:51,"17,1",70,"11,6","0,58","10,19"
2026-10-06 16:52,"17,1",70,"11,6","0,58","10,19"
2026-10-06 16:53,"17,1",70,"11,6","0,58","10,19"
2026-10-06 16:54,"17,1",70,"11,6","0,58","10,19"
2026-10-06 16:55,"17,1",70,"11,6","0,58","10,19"
2026-10-06 16:56,"17,1",70,"11,6","0,58","10,19"
2026-10-06 16:57,"17,1",70,"11,6","0,58","10,19"
2026-10-06 16:58,"17,1",70,"11,6","0,58","10,19"
2026-10-06 16:59,"17,1",70,"11,6","0,58","10,19"
2026-10-06 17:00,"17,1",70,"11,6","0,58","10,19"
2026-10-06 17:01,"17,1",70,"11,6","0,58","10,19"
2026-10-06 17:02,"17,1",70,"11,6","0,58","10,19"
2026-10-06 17:03,"17,1",70,"11,6","0,58","10,19"
2026-10-06 17:04,"17,1",70,"11,6","0,58","10,19"
2026-10-06 17:05,"17,1",70,"11,6","0,58","10,19"
2026-10-06 17:06,"17,1",70,"11,6","0,58","10,19"
2026-10-06 17:07,"17,1",70,"11,6","0,58","10,19"
2026-10-06 17:08,"17,1",70,"11,6","0,58","10,19"
2026-10-06 17:09,"17,1",70,"11,6","0,58","10,19"
2026-10-06 17:10,"17,1",70,"11,6","0,58","10,19"
2026-10-06 17:11,"17,1",70,"11,6","0,58","10,19"
2026-10-06 17:12,"17,1",70,"11,6","0,58","10,19"
2026-10-06 17:13,"17,1",70,"11,6","0,58","10,19"
2026-10-06 17:14,"17,1",70,"11,6","0,58","10,19"
2026-10-06 17:15,"17,1",70,"11,6","0,58","10,19"
2026-10-06 17:16,"17,1",70,"11,6","0,58","10,19"
2026-10-06 17:17,"17,1",70,"11,6","0,58","10,19"
2026-10-06 17:18,"17,1",70,"11,6","0,58","10,19"
2026-10-06 17:19,"17,1",70,"11,6","0,58","10,19"
2026-10-06 17:20,"17,1",70,"11,6","0,58","10,19"
2026-10-06 17:21,"17,1",70,"11,6","0,58","10,19"
2026-10-06 17:22,"17,1",70,"11,6","0,58","10,19"
2026-10-06 17:23,"17,1",70,"11,6","0,58","10,19"
2026-10-06 17:24,"17,1",70,"11,6","0,58","10,19"
2026-10-06 17:25,"17,1",70,"11,6","0,58","10,19"
2026-10-06 17:26,"17,1",70,"11,6","0,58","10,19"
2026-10-06 17:27,"17,1",70,"11,6","0,58","10,19"
2026-10-06 17:28,"17,1",70,"11,6","0,58","10,19"
2026-10-06 17:29,"17,1",70,"11,6","0,58","10,19"
2026-10-06 17:30,"17,1",70,"11,6","0,58","10,19"
2026-10-06 17:31,"17,1",70,"11,6","0,58","10,19"
2026-10-06 17:32,"17,1",70,"11,6","0,58","10,19"
2026-10-06 17:33,"17,1",70,"11,6","0,58","10,19"
2026-10-06 17:34,"17,1",70,"11,6","0,58","10,19"
2026-10-06 17:35,"17,1",70,"11,6","0,58","10,19"
2026-10-06 17:36,"17,1",70,"11,6","0,58","10,19"
2026-10-06 17:37,"17,1",70,"11,6","0,58","10,19"
2026-10-06 17:38,"17,1",70,"11,6","0,58","10,19"
2026-10-06 17:39,"17,1",70,"11,6","0,58","10,19"
2026-10-06 17:40,"17,1",70,"11,6","0,58","10,19"
2026-10-06 17:41,"17,1",70,"11,6","0,58","10,19"
2026-10-06 17:42,"17,1",70,"11,6","0,58","10,19"
2026-10-06 17:43,"17,1",70,"11,6","0,58","10,19"
2026-10-06 17:44,"17,1",70,"11,6","0,58","10,19"
2026-10-06 17:45,"17,1",70,"11,6","0,58","10,19"
2026-10-06 17:46,"17,1",70,"11,6","0,58","10,19"
2026-10-06 17:47,"17,1",70,"11,6","0,58","10,19"
2026-10-06 17:48,"17,1",70,"11,6","0,58","10,19"
2026-10-06 17:49,"17,1",70,"11,6","0,58","10,19"
2026-10-06 17:50,"17,1",70,"11,6","0,58","10,19"
2026-10-06 17:51,"17,1",70,"11,6","0,58","10,19"
2026-10-06 17:52,"17,1",70,"11,6","0,58","10,19"
2026-10-06 17:53,"17,1",70,"11,6","0,58","10,19"
2026-10-06 17:54,"17,1",70,"11,6","0,58","10,19"
2026-10-06 17:55,"17,1",70,"11,6","0,58","10,19"
2026-10-06 17:56,"17,1",70,"11,6","0,58","10,19"
2026-10-06 17:57,"17,1",70,"11,6","0,58","10,19"
2026-10-06 17:58,"17,1",70,"11,6","0,58","10,19"
2026-10-06 17:59,"17,1",70,"11,6","0,58","10,19"
2026-10-06 18:00,"17,1",70,"11,6","0,58","10,19"
2026-10-06 18:01,"17,1",70,"11,6","0,58","10,19"
2026-10-06 18:02,"17,1",70,"11,6","0,58","10,19"
2026-10-06 18:03,"17,1",70,"11,6","0,58","10,19"
2026-10-06 18:04,"17,1",70,"11,6","0,58","10,19"
2026-10-06 18:05,"17,1",70,"11,6","0,58","10,19"
2026-10-06 18:06,"17,1",70,"11,6","0,58","10,19"
2026-10-06 18:07,"17,1",70,"11,6","0,58","10,19"
2026-10-06 18:08,"17,1",70,"11,6","0,58","10,19"
2026-10-06 18:09,"17,1",70,"11,6","0,58","10,19"
2026-10-06 18:10,"17,1",70,"11,6","0,58","10,19"
2026-10-06 18:11,"17,1",70,"11,6","0,58","10,19"
2026-10-06 18:12,"17,1",70,"11,6","0,58","10,19"
2026-10-06 18:13,"17,1",70,"11,6","0,58","10,19"
2026-10-06 18:14,"17,1",70,"11,6","0,58","10,19"
2026-10-06 18:15,"17,1",70,"11,6","0,58","10,19"
2026-10-06 18:16,"17,1",70,"11,6","0,58","10,19"
2026-10-06 18:17,"17,1",70,"11,6","0,58","10,19"
2026-10-06 18:18,"17,2",70,"11,6","0,59","10,22"
2026-10-06 18:19,"17,2",70,"11,7","0,59","10,25"
2026-10-06 18:20,"17,2",70,"11,7","0,59","10,25"
2026-10-06 18:21,"17,2",70,"11,7","0,59","10,25"
2026-10-06 18:22,"17,2",70,"11,7","0,59","10,25"
2026-10-06 18:23,"17,2",70,"11,7","0,59","10,25"
2026-10-06 18:24,"17,2",70,"11,7","0,59","10,25"
2026-10-06 18:25,"17,2",70,"11,7","0,59","10,25"
2026-10-06 18:26,"17,2",70,"11,7","0,59","10,25"
2026-10-06 18:27,"17,2",70,"11,7","0,59","10,25"
2026-10-06 18:28,"17,2",70,"11,7","0,59","10,25"
2026-10-06 18:29,"17,2",70,"11,7","0,59","10,25"
2026-10-06 18:30,"17,2",70,"11,7","0,59","10,25"
2026-10-06 18:31,"17,2",70,"11,7","0,59","10,25"
2026-10-06 18:32,"17,2",70,"11,7","0,59","10,25"
2026-10-06 18:33,"17,2",70,"11,7","0,59","10,25"
2026-10-06 18:34,"17,2",70,"11,7","0,59","10,25"
2026-10-06 18:35,"17,2",70,"11,7","0,59","10,25"
2026-10-06 18:36,"17,2",70,"11,7","0,59","10,25"
2026-10-06 18:37,"17,2",70,"11,7","0,59","10,25"
2026-10-06 18:38,"17,2",70,"11,7","0,59","10,25"
2026-10-06 18:39,"17,2",70,"11,7","0,59","10,25"
2026-10-06 18:40,"17,2",70,"11,7","0,59","10,25"
2026-10-06 18:41,"17,2",70,"11,7","0,59","10,25"
2026-10-06 18:42,"17,2",70,"11,7","0,59","10,25"
2026-10-06 18:43,"17,2",70,"11,7","0,59","10,25"
2026-10-06 18:44,"17,2",70,"11,7","0,59","10,25"
2026-10-06 18:45,"17,2",70,"11,7","0,59","10,25"
2026-10-06 18:46,"17,2",70,"11,7","0,59","10,25"
2026-10-06 18:47,"17,2",70,"11,7","0,59","10,25"
2026-10-06 18:48,"17,2",70,"11,7","0,59","10,25"
2026-10-06 18:49,"17,2",70,"11,7","0,59","10,25"
2026-10-06 18:50,"17,2",70,"11,7","0,59","10,25"
2026-10-06 18:51,"17,2",70,"11,7","0,59","10,25"
2026-10-06 18:52,"17,2",70,"11,7","0,59","10,25"
2026-10-06 18:53,"17,2",70,"11,7","0,59","10,25"
2026-10-06 18:54,"17,2",70,"11,7","0,59","10,25"
2026-10-06 18:55,"17,2",70,"11,7","0,59","10,25"
2026-10-06 18:56,"17,2",70,"11,7","0,59","10,25"
2026-10-06 18:57,"17,2",70,"11,7","0,59","10,25"
2026-10-06 18:58,"17,2",70,"11,7","0,59","10,25"
2026-10-06 18:59,"17,2",70,"11,7","0,59","10,25"
2026-10-06 19:00,"17,2",70,"11,7","0,59","10,25"
2026-10-06 19:01,"17,2",70,"11,7","0,59","10,25"
2026-10-06 19:02,"17,2",70,"11,7","0,59","10,25"
2026-10-06 19:03,"17,2",70,"11,7","0,59","10,25"
2026-10-06 19:04,"17,2",70,"11,7","0,59","10,25"
2026-10-06 19:05,"17,2",70,"11,7","0,59","10,25"
2026-10-06 19:06,"17,2",70,"11,7","0,59","10,25"
2026-10-06 19:07,"17,2",70,"11,7","0,59","10,25"
2026-10-06 19:08,"17,2",70,"11,7","0,59","10,25"
2026-10-06 19:09,"17,2",70,"11,7","0,59","10,25"
2026-10-06 19:10,"17,2",70,"11,7","0,59","10,25"
2026-10-06 19:11,"17,2",70,"11,7","0,59","10,25"
2026-10-06 19:12,"17,2",70,"11,7","0,59","10,25"
2026-10-06 19:13,"17,2",70,"11,7","0,59","10,25"
2026-10-06 19:14,"17,2",70,"11,7","0,59","10,25"
2026-10-06 19:15,"17,2",70,"11,7","0,59","10,25"
2026-10-06 19:16,"17,2",70,"11,7","0,59","10,25"
2026-10-06 19:17,"17,2",70,"11,7","0,59","10,25"
2026-10-06 19:18,"17,2",70,"11,7","0,59","10,25"
2026-10-06 19:19,"17,2",70,"11,7","0,59","10,25"
2026-10-06 19:20,"17,2",70,"11,7","0,59","10,25"
2026-10-06 19:21,"17,2",70,"11,7","0,59","10,25"
2026-10-06 19:22,"17,2",70,"11,7","0,59","10,25"
2026-10-06 19:23,"17,2",70,"11,7","0,59","10,25"
2026-10-06 19:24,"17,2",70,"11,7","0,59","10,25"
2026-10-06 19:25,"17,2",70,"11,7","0,59","10,25"
2026-10-06 19:26,"17,2",70,"11,7","0,59","10,25"
2026-10-06 19:27,"17,2",70,"11,7","0,59","10,25"
2026-10-06 19:28,"17,2",70,"11,7","0,59","10,25"
2026-10-06 19:29,"17,2",70,"11,7","0,59","10,25"
2026-10-06 19:30,"17,2",70,"11,7","0,59","10,25"
2026-10-06 19:31,"17,2",70,"11,7","0,59","10,25"
2026-10-06 19:32,"17,2",70,"11,7","0,59","10,25"
2026-10-06 19:33,"17,2",70,"11,7","0,59","10,25"
2026-10-06 19:34,"17,2",70,"11,7","0,59","10,25"
2026-10-06 19:35,"17,2",70,"11,7","0,59","10,25"
2026-10-06 19:36,"17,2",70,"11,7","0,59","10,25"
2026-10-06 19:37,"17,2",70,"11,7","0,59","10,25"
2026-10-06 19:38,"17,2",70,"11,7","0,59","10,25"
2026-10-06 19:39,"17,2",70,"11,7","0,59","10,25"
2026-10-06 19:40,"17,2",70,"11,7","0,59","10,25"
2026-10-06 19:41,"17,2",70,"11,7","0,59","10,25"
2026-10-06 19:42,"17,2",70,"11,7","0,59","10,25"
2026-10-06 19:43,"17,2",70,"11,7","0,59","10,25"
2026-10-06 19:44,"17,2",70,"11,7","0,59","10,25"
2026-10-06 19:45,"17,2",70,"11,7","0,59","10,25"
2026-10-06 19:47,"17,2",70,"11,7","0,59","10,25"
2026-10-06 19:48,"17,2",70,"11,7","0,59","10,25"
2026-10-06 19:49,"17,2",70,"11,7","0,59","10,25"
2026-10-06 19:50,"17,2",70,"11,7","0,59","10,25"
2026-10-06 19:51,"17,2",70,"11,7","0,59","10,25"
2026-10-06 19:52,"17,2",70,"11,7","0,59","10,25"
2026-10-06 19:53,"17,2",70,"11,7","0,59","10,25"
2026-10-06 19:54,"17,2",70,"11,7","0,59","10,25"
2026-10-06 19:55,"17,2",70,"11,7","0,59","10,25"
2026-10-06 19:56,"17,2",70,"11,7","0,59","10,25"
2026-10-06 19:57,"17,2",70,"11,7","0,59","10,25"
2026-10-06 19:58,"17,2",70,"11,7","0,59","10,25"
2026-10-06 19:59,"17,2",70,"11,7","0,59","10,25"
2026-10-06 20:00,"17,2",70,"11,7","0,59","10,25"
2026-10-06 20:01,"17,2",70,"11,7","0,59","10,25"
2026-10-06 20:02,"17,2",70,"11,7","0,59","10,25"
2026-10-06 20:03,"17,2",70,"11,7","0,59","10,25"
2026-10-06 20:04,"17,2",70,"11,7","0,59","10,25"
2026-10-06 20:05,"17,2",70,"11,7","0,59","10,25"
2026-10-06 20:06,"17,2",70,"11,7","0,59","10,25"
2026-10-06 20:07,"17,2",70,"11,7","0,59","10,25"
2026-10-06 20:08,"17,2",70,"11,7","0,59","10,25"
2026-10-06 20:09,"17,2",70,"11,7","0,59","10,25"
2026-10-06 20:10,"17,2",70,"11,7","0,59","10,25"
2026-10-06 20:11,"17,2",70,"11,7","0,59","10,25"
2026-10-06 20:12,"17,2",70,"11,7","0,59","10,25"
2026-10-06 20:13,"17,2",70,"11,7","0,59","10,25"
2026-10-06 20:14,"17,2",70,"11,7","0,59","10,25"
2026-10-06 20:15,"17,2",70,"11,7","0,59","10,25"
2026-10-06 20:16,"17,2",70,"11,7","0,59","10,25"
2026-10-06 20:17,"17,2",70,"11,7","0,59","10,25"
2026-10-06 20:18,"17,2",70,"11,7","0,59","10,25"
2026-10-06 20:19,"17,2",70,"11,7","0,59","10,25"
2026-10-06 20:20,"17,2",70,"11,7","0,59","10,25"
2026-10-06 20:21,"17,2",70,"11,7","0,59","10,25"
2026-10-06 20:22,"17,2",70,"11,7","0,59","10,25"
2026-10-06 20:23,"17,2",70,"11,7","0,59","10,25"
2026-10-06 20:24,"17,2",70,"11,7","0,59","10,25"
2026-10-06 20:25,"17,2",70,"11,7","0,59","10,25"
2026-10-06 20:26,"17,2",70,"11,7","0,59","10,25"
2026-10-06 20:27,"17,2",70,"11,7","0,59","10,25"
2026-10-06 20:28,"17,2",70,"11,7","0,59","10,25"
2026-10-06 20:29,"17,2",70,"11,7","0,59","10,25"
2026-10-06 20:30,"17,2",70,"11,7","0,59","10,25"
2026-10-06 20:31,"17,2",70,"11,7","0,59","10,25"
2026-10-06 20:32,"17,2",70,"11,7","0,59","10,25"
2026-10-06 20:33,"17,2",70,"11,7","0,59","10,25"
2026-10-06 20:34,"17,2",70,"11,7","0,59","10,25"
2026-10-06 20:35,"17,2",70,"11,7","0,59","10,25"
2026-10-06 20:36,"17,2",70,"11,7","0,59","10,25"
2026-10-06 20:37,"17,2",70,"11,7","0,59","10,25"
2026-10-06 20:38,"17,2",70,"11,7","0,59","10,25"
2026-10-06 20:39,"17,2",70,"11,7","0,59","10,25"
2026-10-06 20:40,"17,2",70,"11,7","0,59","10,25"
2026-10-06 20:41,"17,2",70,"11,7","0,59","10,25"
2026-10-06 20:42,"17,2",70,"11,7","0,59","10,25"
2026-10-06 20:43,"17,2",70,"11,7","0,59","10,25"
2026-10-06 20:44,"17,2",70,"11,7","0,59","10,25"
2026-10-06 20:45,"17,2",70,"11,7","0,59","10,25"
2026-10-06 20:46,"17,2",70,"11,7","0,59","10,25"
2026-10-06 20:47,"17,2",70,"11,7","0,59","10,25"
2026-10-06 20:48,"17,2",70,"11,7","0,59","10,25"
2026-10-06 20:49,"17,2",70,"11,7","0,59","10,25"
2026-10-06 20:50,"17,2",70,"11,7","0,59","10,25"
2026-10-06 20:51,"17,2",70,"11,7","0,59","10,25"
2026-10-06 20:52,"17,2",70,"11,7","0,59","10,25"
2026-10-06 20:53,"17,2",70,"11,7","0,59","10,25"
2026-10-06 20:54,"17,2",70,"11,7","0,59","10,25"
2026-10-06 20:55,"17,2",70,"11,7","0,59","10,25"
2026-10-06 20:56,"17,2",70,"11,7","0,59","10,25"
2026-10-06 20:57,"17,2",70,"11,7","0,59","10,25"
2026-10-06 20:58,"17,2",70,"11,7","0,59","10,25"
2026-10-06 20:59,"17,2",70,"11,7","0,59","10,25"
2026-10-06 21:00,"17,2",70,"11,7","0,59","10,25"
2026-10-06 21:01,"17,2",70,"11,7","0,59","10,25"
2026-10-06 21:02,"17,2",70,"11,7","0,59","10,25"
2026-10-06 21:03,"17,2",70,"11,7","0,59","10,25"
2026-10-06 21:04,"17,2",70,"11,7","0,59","10,25"
2026-10-06 21:05,"17,2",70,"11,7","0,59","10,25"
2026-10-06 21:06,"17,2",70,"11,7","0,59","10,25"
2026-10-06 21:07,"17,2",70,"11,7","0,59","10,25"
2026-10-06 21:08,"17,2",70,"11,7","0,59","10,25"
2026-10-06 21:09,"17,2",70,"11,7","0,59","10,25"
2026-10-06 21:10,"17,2",70,"11,7","0,59","10,25"
2026-10-06 21:11,"17,2",70,"11,7","0,59","10,25"
2026-10-06 21:12,"17,2",70,"11,7","0,59","10,25"
2026-10-06 21:13,"17,2",70,"11,7","0,59","10,25"
2026-10-06 21:14,"17,2",70,"11,7","0,59","10,25"
2026-10-06 21:15,"17,2",70,"11,7","0,59","10,25"
2026-10-06 21:16,"17,2",70,"11,7","0,59","10,25"
2026-10-06 21:17,"17,2",70,"11,7","0,59","10,25"
2026-10-06 21:18,"17,2",70,"11,7","0,59","10,25"
2026-10-06 21:19,"17,2",70,"11,7","0,59","10,25"
2026-10-06 21:20,"17,2",70,"11,7","0,59","10,25"
2026-10-06 21:21,"17,2",70,"11,7","0,59","10,25"
2026-10-06 21:22,"17,2",70,"11,7","0,59","10,25"
2026-10-06 21:23,"17,2",70,"11,7","0,59","10,25"
2026-10-06 21:24,"17,2",70,"11,6","0,59","10,22"
2026-10-06 21:25,"17,1",70,"11,6","0,58","10,19"
2026-10-06 21:26,"17,1",70,"11,6","0,58","10,19"
2026-10-06 21:27,"17,1",70,"11,6","0,58","10,19"
2026-10-06 21:28,"17,1",70,"11,6","0,58","10,19"
2026-10-06 21:29,"17,1",70,"11,6","0,58","10,19"
2026-10-06 21:30,"17,1",70,"11,6","0,58","10,19"
2026-10-06 21:31,"17,1",70,"11,6","0,58","10,19"
2026-10-06 21:32,"17,1",70,"11,6","0,58","10,19"
2026-10-06 21:33,"17,1",70,"11,6","0,58","10,19"
2026-10-06 21:34,"17,1",70,"11,6","0,58","10,19"
2026-10-06 21:35,"17,1",70,"11,6","0,58","10,19"
2026-10-06 21:36,"17,1",70,"11,6","0,58","10,19"
2026-10-06 21:37,"17,1",70,"11,6","0,58","10,19"
2026-10-06 21:38,"17,1",70,"11,6","0,58","10,19"
2026-10-06 21:39,"17,1",70,"11,6","0,58","10,19"
2026-10-06 21:40,"17,1",70,"11,6","0,58","10,19"
2026-10-06 21:41,"17,1",70,"11,6","0,58","10,19"
2026-10-06 21:42,"17,1",70,"11,6","0,58","10,19"
2026-10-06 21:43,"17,1",70,"11,6","0,58","10,19"
2026-10-06 21:44,"17,1",70,"11,6","0,58","10,19"
2026-10-06 21:45,"17,1",70,"11,6","0,58","10,19"
2026-10-06 21:46,"17,1",70,"11,6","0,58","10,19"
2026-10-06 21:47,"17,1",70,"11,6","0,58","10,19"
2026-10-06 21:48,"17,1",70,"11,6","0,58","10,19"
2026-10-06 21:49,"17,1",70,"11,6","0,58","10,19"
2026-10-06 21:50,"17,1",70,"11,6","0,58","10,19"
2026-10-06 21:51,"17,1",70,"11,6","0,58","10,19"
2026-10-06 21:52,"17,1",70,"11,6","0,58","10,19"
2026-10-06 21:53,"17,1",70,"11,6","0,58","10,19"
2026-10-06 21:54,"17,1",70,"11,6","0,58","10,19"
2026-10-06 21:55,"17,1",70,"11,6","0,58","10,19"
2026-10-06 21:56,"17,1",70,"11,6","0,58","10,19"
2026-10-06 21:57,"17,1",70,"11,6","0,58","10,19"
2026-10-06 21:58,"17,1",70,"11,6","0,58","10,19"
2026-10-06 21:59,"17,1",70,"11,6","0,58","10,19"
2026-10-06 22:00,"17,1",70,"11,6","0,58","10,19"
2026-10-06 22:01,"17,1",70,"11,6","0,58","10,19"
2026-10-06 22:02,"17,1",70,"11,6","0,58","10,19"
2026-10-06 22:03,"17,1",70,"11,6","0,58","10,19"
2026-10-06 22:04,"17,1",70,"11,6","0,58","10,19"
2026-10-06 22:05,"17,1",70,"11,6","0,58","10,19"
2026-10-06 22:06,"17,1",70,"11,6","0,58","10,19"
2026-10-06 22:07,"17,1",70,"11,6","0,58","10,19"
2026-10-06 22:08,"17,1",70,"11,6","0,58","10,19"
2026-10-06 22:09,"17,1",70,"11,6","0,58","10,19"
2026-10-06 22:10,"17,1",70,"11,6","0,58","10,19"
2026-10-06 22:11,"17,1",70,"11,6","0,58","10,19"
2026-10-06 22:12,"17,1",70,"11,6","0,58","10,19"
2026-10-06 22:13,"17,1",70,"11,6","0,58","10,19"
2026-10-06 22:14,"17,1",70,"11,6","0,58","10,19"
2026-10-06 22:15,"17,1",70,"11,6","0,58","10,19"
2026-10-06 22:16,"17,1",70,"11,6","0,58","10,19"
2026-10-06 22:17,"17,1",70,"11,6","0,58","10,19"
2026-10-06 22:18,"17,1",70,"11,6","0,58","10,19"
2026-10-06 22:19,"17,1",70,"11,6","0,58","10,19"
2026-10-06 22:20,"17,1",70,"11,6","0,58","10,19"
2026-10-06 22:21,"17,1",70,"11,6","0,58","10,19"
2026-10-06 22:22,"17,1",70,"11,6","0,58","10,19"
2026-10-06 22:23,"17,1",70,"11,6","0,58","10,19"
2026-10-06 22:24,"17,1",70,"11,6","0,58","10,19"
2026-10-06 22:25,"17,1",70,"11,6","0,58","10,19"
2026-10-06 22:26,"17,1",70,"11,6","0,58","10,19"
2026-10-06 22:27,"17,1",70,"11,6","0,58","10,19"
2026-10-06 22:28,"17,1",70,"11,6","0,58","10,19"
2026-10-06 22:29,"17,1",70,"11,6","0,58","10,19"
2026-10-06 22:30,"17,1",70,"11,6","0,58","10,19"
2026-10-06 22:31,"17,1",70,"11,6","0,58","10,19"
2026-10-06 22:32,"17,1",70,"11,6","0,58","10,19"
2026-10-06 22:33,"17,1",70,"11,6","0,58","10,19"
2026-10-06 22:34,"17,1",70,"11,6","0,58","10,19"
2026-10-06 22:35,"17,1",70,"11,6","0,58","10,19"
2026-10-06 22:36,"17,1",70,"11,6","0,58","10,19"
2026-10-06 22:37,"17,1",70,"11,6","0,58","10,19"
2026-10-06 22:38,"17,1",70,"11,6","0,58","10,19"
2026-10-06 22:39,"17,1",70,"11,6","0,58","10,19"
2026-10-06 22:40,"17,1",70,"11,6","0,58","10,19"
2026-10-06 22:41,"17,1",70,"11,6","0,58","10,19"
2026-10-06 22:42,"17,1",70,"11,6","0,58","10,19"
2026-10-06 22:43,"17,1",70,"11,6","0,58","10,19"
2026-10-06 22:44,"17,1",70,"11,6","0,58","10,19"
2026-10-06 22:45,"17,1",70,"11,6","0,58","10,19"
2026-10-06 22:46,"17,1",70,"11,6","0,58","10,19"
2026-10-06 22:47,"17,1",70,"11,6","0,58","10,19"
2026-10-06 22:48,"17,1",70,"11,6","0,58","10,19"
2026-10-06 22:49,"17,1",70,"11,6","0,58","10,19"
2026-10-06 22:50,"17,1",70,"11,6","0,58","10,19"
2026-10-06 22:51,"17,1",70,"11,6","0,58","10,19"
2026-10-06 22:52,"17,1",70,"11,6","0,58","10,19"
2026-10-06 22:53,"17,1",70,"11,6","0,58","10,19"
2026-10-06 22:54,"17,1",70,"11,6","0,58","10,19"
2026-10-06 22:55,"17,1",70,"11,6","0,58","10,19"
2026-10-06 22:56,"17,1",70,"11,6","0,58","10,19"
2026-10-06 22:57,"17,1",70,"11,6","0,58","10,19"
2026-10-06 22:58,"17,1",70,"11,6","0,58","10,19"
2026-10-06 22:59,"17,1",70,"11,6","0,58","10,19"
2026-10-06 23:00,"17,1",70,"11,6","0,58","10,19"
2026-10-06 23:01,"17,1",70,"11,6","0,58","10,19"
2026-10-06 23:02,"17,1",70,"11,6","0,58","10,19"
2026-10-06 23:03,"17,1",70,"11,6","0,58","10,19"
2026-10-06 23:04,"17,1",70,"11,6","0,58","10,19"
2026-10-06 23:05,"17,1",70,"11,6","0,58","10,19"
2026-10-06 23:06,"17,1",70,"11,6","0,58","10,19"
2026-10-06 23:07,"17,1",70,"11,6","0,58","10,19"
2026-10-06 23:08,"17,1",70,"11,6","0,58","10,19"
2026-10-06 23:09,"17,1",70,"11,6","0,58","10,19"
2026-10-06 23:10,"17,1",70,"11,6","0,58","10,19"
2026-10-06 23:11,"17,1",70,"11,6","0,58","10,19"
2026-10-06 23:12,"17,1",70,"11,6","0,58","10,19"
2026-10-06 23:13,"17,1",70,"11,6","0,58","10,19"
2026-10-06 23:14,"17,1",70,"11,6","0,58","10,19"
2026-10-06 23:15,"17,1",70,"11,6","0,58","10,19"
2026-10-06 23:16,"17,1",70,"11,6","0,58","10,19"
2026-10-06 23:17,"17,1",70,"11,6","0,58","10,19"
2026-10-06 23:18,"17,1",70,"11,6","0,58","10,19"
2026-10-06 23:19,"17,1",70,"11,6","0,58","10,19"
2026-10-06 23:20,"17,1",70,"11,6","0,58","10,19"
2026-10-06 23:21,"17,1",70,"11,6","0,58","10,19"
2026-10-06 23:22,"17,1",70,"11,6","0,58","10,19"
2026-10-06 23:23,"17,1",70,"11,6","0,58","10,19"
2026-10-06 23:24,"17,1",70,"11,6","0,58","10,19"
2026-10-06 23:25,"17,1",70,"11,6","0,58","10,19"
2026-10-06 23:26,"17,1",70,"11,6","0,58","10,19"
2026-10-06 23:27,"17,1",70,"11,6","0,58","10,19"
2026-10-06 23:28,"17,1",70,"11,6","0,58","10,19"
2026-10-06 23:29,"17,1",70,"11,6","0,58","10,19"
2026-10-06 23:30,"17,1",70,"11,6","0,58","10,19"
2026-10-06 23:31,"17,1",70,"11,6","0,58","10,19"
2026-10-06 23:32,"17,1",70,"11,6","0,58","10,19"
2026-10-06 23:33,"17,1",70,"11,6","0,58","10,19"
2026-10-06 23:34,"17,1",70,"11,6","0,58","10,19"
2026-10-06 23:35,"17,1",70,"11,6","0,58","10,19"
2026-10-06 23:36,"17,1",70,"11,6","0,58","10,19"
2026-10-06 23:37,"17,1",70,"11,6","0,58","10,19"
2026-10-06 23:38,"17,1",70,"11,6","0,58","10,19"
2026-10-06 23:39,"17,1",70,"11,6","0,58","10,19"
2026-10-06 23:40,"17,1",70,"11,6","0,58","10,19"
2026-10-06 23:41,"17,1",70,"11,6","0,58","10,19"
2026-10-06 23:42,"17,1",70,"11,6","0,58","10,19"
2026-10-06 23:43,"17,1",70,"11,6","0,58","10,19"
2026-10-06 23:44,"17,1",70,"11,6","0,58","10,19"
2026-10-06 23:45,"17,1",70,"11,6","0,58","10,19"
2026-10-06 23:46,"17,1",70,"11,6","0,58","10,19"
2026-10-06 23:47,"17,1",70,"11,6","0,58","10,19"
2026-10-06 23:48,"17,1",70,"11,6","0,58","10,19"
2026-10-06 23:49,"17,1",70,"11,6","0,58","10,19"
2026-10-06 23:50,"17,1",70,"11,6","0,58","10,19"
2026-10-06 23:51,"17,1",70,"11,6","0,58","10,19"
2026-10-06 23:52,"17,1",70,"11,6","0,58","10,19"
2026-10-06 23:53,"17,1",70,"11,6","0,58","10,19"
2026-10-06 23:54,"17,1",70,"11,6","0,58","10,19"
2026-10-06 23:55,"17,1",70,"11,6","0,58","10,19"
2026-10-06 23:56,"17,1",70,"11,6","0,58","10,19"
2026-10-06 23:57,"17,1",70,"11,6","0,58","10,19"
2026-10-06 23:58,"17,1",70,"11,6","0,58","10,19"
2026-10-06 23:59,"17,1",70,"11,6","0,58","10,19"
2026-10-07 00:00,"17,1",70,"11,6","0,58","10,19"
2026-10-07 00:01,"17,1",70,"11,6","0,58","10,19"
2026-10-07 00:02,"17,1",70,"11,6","0,58","10,19"
2026-10-07 00:03,"17,1",70,"11,6","0,58","10,19"
2026-10-07 00:04,"17,1",70,"11,6","0,58","10,19"
2026-10-07 00:05,"17,1",70,"11,6","0,58","10,19"
2026-10-07 00:06,"17,1",70,"11,6","0,58","10,19"
2026-10-07 00:07,"17,1",70,"11,6","0,58","10,19"
2026-10-07 00:08,"17,1",70,"11,6","0,58","10,19"
2026-10-07 00:09,"17,1",70,"11,6","0,58","10,19"
2026-10-07 00:10,"17,1",70,"11,6","0,58","10,19"
2026-10-07 00:11,"17,1",70,"11,6","0,58","10,19"
2026-10-07 00:12,"17,1",70,"11,6","0,58","10,19"
2026-10-07 00:13,"17,1",70,"11,6","0,58","10,19"
2026-10-07 00:14,"17,1",70,"11,6","0,58","10,19"
2026-10-07 00:15,"17,1",70,"11,6","0,58","10,19"
2026-10-07 00:16,"17,1",70,"11,6","0,58","10,19"
2026-10-07 00:17,"17,1",70,"11,6","0,58","10,19"
2026-10-07 00:18,"17,1",70,"11,6","0,58","10,19"
2026-10-07 00:19,"17,1",70,"11,6","0,58","10,19"
2026-10-07 00:20,"17,1",70,"11,6","0,58","10,19"
2026-10-07 00:21,"17,1",70,"11,6","0,58","10,19"
2026-10-07 00:22,"17,1",70,"11,6","0,58","10,19"
2026-10-07 00:23,"17,1",70,"11,6","0,58","10,19"
2026-10-07 00:24,"17,1",70,"11,6","0,58","10,19"
2026-10-07 00:25,"17,1",70,"11,6","0,58","10,19"
2026-10-07 00:26,"17,1",70,"11,6","0,58","10,19"
2026-10-07 00:27,"17,1",70,"11,6","0,58","10,19"
2026-10-07 00:28,"17,1",70,"11,6","0,58","10,19"
2026-10-07 00:29,"17,1",70,"11,6","0,58","10,19"
2026-10-07 00:30,"17,1",70,"11,6","0,58","10,19"
2026-10-07 00:31,"17,1",70,"11,6","0,58","10,19"
2026-10-07 00:32,"17,1",70,"11,6","0,58","10,19"
2026-10-07 00:33,"17,1",70,"11,6","0,58","10,19"
2026-10-07 00:34,"17,1",70,"11,6","0,58","10,19"
2026-10-07 00:35,"17,1",70,"11,6","0,58","10,19"
2026-10-07 00:36,"17,1",70,"11,6","0,58","10,19"
2026-10-07 00:37,"17,1",70,"11,6","0,58","10,19"
2026-10-07 00:38,"17,1",70,"11,6","0,58","10,19"
2026-10-07 00:39,"17,1",70,"11,6","0,58","10,19"
2026-10-07 00:40,"17,1",70,"11,6","0,58","10,19"
2026-10-07 00:41,"17,1",70,"11,6","0,58","10,19"
2026-10-07 00:42,"17,1",70,"11,6","0,58","10,19"
2026-10-07 00:43,"17,1",70,"11,6","0,58","10,19"
2026-10-07 00:44,"17,1",69,"11,4","0,60","10,04"
2026-10-07 00:45,"17,1",69,"11,4","0,60","10,04"
2026-10-07 00:46,"17,1",69,"11,4","0,60","10,04"
2026-10-07 00:47,"17,1",69,"11,4","0,60","10,04"
2026-10-07 00:48,"17,1",69,"11,4","0,60","10,04"
2026-10-07 00:49,"17,1",69,"11,4","0,60","10,04"
2026-10-07 00:50,"17,1",69,"11,4","0,60","10,04"
2026-10-07 00:51,"17,1",69,"11,4","0,60","10,04"
2026-10-07 00:52,"17,1",69,"11,4","0,60","10,04"
2026-10-07 00:53,"17,1",69,"11,4","0,60","10,04"
2026-10-07 00:54,"17,1",69,"11,4","0,60","10,04"
2026-10-07 00:55,"17,1",69,"11,4","0,60","10,04"
2026-10-07 00:56,"17,1",69,"11,4","0,60","10,04"
2026-10-07 00:57,"17,1",69,"11,4","0,60","10,04"
2026-10-07 00:58,"17,1",69,"11,4","0,60","10,04"
2026-10-07 00:59,"17,1",69,"11,4","0,60","10,04"
2026-10-07 01:00,"17,1",69,"11,4","0,60","10,04"
2026-10-07 01:01,"17,1",69,"11,4","0,60","10,04"
2026-10-07 01:02,"17,1",69,"11,4","0,60","10,04"
2026-10-07 01:03,"17,1",69,"11,4","0,60","10,04"
2026-10-07 01:04,"17,1",69,"11,4","0,60","10,04"
2026-10-07 01:05,"17,1",69,"11,4","0,60","10,04"
2026-10-07 01:06,"17,1",69,"11,4","0,60","10,04"
2026-10-07 01:07,"17,1",69,"11,4","0,60","10,04"
2026-10-07 01:08,"17,0",69,"11,3","0,60","10,01"
2026-10-07 01:09,"17,0",69,"11,3","0,60","9,98"
2026-10-07 01:10,"17,0",69,"11,3","0,60","9,98"
2026-10-07 01:11,"17,0",69,"11,3","0,60","9,98"
2026-10-07 01:12,"17,0",69,"11,3","0,60","9,98"
2026-10-07 01:13,"17,0",69,"11,3","0,60","9,98"
2026-10-07 01:14,"17,0",69,"11,3","0,60","9,98"
2026-10-07 01:15,"17,0",69,"11,3","0,60","9,98"
2026-10-07 01:16,"17,0",69,"11,3","0,60","9,98"
2026-10-07 01:17,"17,0",69,"11,3","0,60","9,98"
2026-10-07 01:18,"17,0",69,"11,3","0,60","9,98"
2026-10-07 01:19,"17,0",69,"11,3","0,60","9,98"
2026-10-07 01:20,"17,0",69,"11,3","0,60","9,98"
2026-10-07 01:21,"17,0",69,"11,3","0,60","9,98"
2026-10-07 01:22,"17,0",69,"11,3","0,60","9,98"
2026-10-07 01:23,"17,0",69,"11,3","0,60","9,98"
2026-10-07 01:24,"17,0",69,"11,3","0,60","9,98"
2026-10-07 01:25,"17,0",69,"11,3","0,60","9,98"
2026-10-07 01:26,"17,0",69,"11,3","0,60","9,98"
2026-10-07 01:27,"17,0",69,"11,3","0,60","9,98"
2026-10-07 01:28,"17,0",69,"11,3","0,60","9,98"
2026-10-07 01:29,"17,0",69,"11,3","0,60","9,98"
2026-10-07 01:30,"17,0",69,"11,3","0,60","9,98"
2026-10-07 01:31,"17,0",69,"11,3","0,60","9,98"
2026-10-07 01:32,"17,0",69,"11,3","0,60","9,98"
2026-10-07 01:33,"17,0",69,"11,3","0,60","9,98"
2026-10-07 01:34,"17,0",69,"11,3","0,60","9,98"
2026-10-07 01:35,"17,0",69,"11,3","0,60","9,98"
2026-10-07 01:36,"17,0",69,"11,3","0,60","9,98"
2026-10-07 01:37,"17,0",69,"11,3","0,60","9,98"
2026-10-07 01:38,"17,0",69,"11,3","0,60","9,98"
2026-10-07 01:39,"17,0",69,"11,3","0,60","9,98"
2026-10-07 01:40,"17,0",69,"11,3","0,60","9,98"
2026-10-07 01:41,"17,0",69,"11,3","0,60","9,98"
2026-10-07 01:42,"17,0",69,"11,3","0,60","9,98"
2026-10-07 01:43,"17,0",69,"11,3","0,60","9,98"
2026-10-07 01:44,"17,0",69,"11,3","0,60","9,98"
2026-10-07 01:45,"17,0",69,"11,3","0,60","9,98"
2026-10-07 01:46,"17,0",69,"11,3","0,60","9,98"
2026-10-07 01:47,"17,0",69,"11,3","0,60","9,98"
2026-10-07 01:48,"17,0",69,"11,3","0,60","9,98"
2026-10-07 01:49,"17,0",69,"11,3","0,60","9,98"
2026-10-07 01:50,"17,0",69,"11,3","0,60","9,98"
2026-10-07 01:51,"17,0",69,"11,3","0,60","9,98"
2026-10-07 01:52,"17,0",69,"11,3","0,60","9,98"
2026-10-07 01:53,"17,0",69,"11,3","0,60","9,98"
2026-10-07 01:54,"17,0",69,"11,3","0,60","9,98"
2026-10-07 01:55,"17,0",69,"11,3","0,60","9,98"
2026-10-07 01:56,"17,0",69,"11,3","0,60","9,98"
2026-10-07 01:57,"17,0",69,"11,3","0,60","9,98"
2026-10-07 01:58,"17,0",69,"11,3","0,60","9,98"
2026-10-07 01:59,"17,0",69,"11,3","0,60","9,98"
2026-10-07 02:00,"17,0",69,"11,3","0,60","9,98"
2026-10-07 02:01,"17,0",69,"11,3","0,60","9,98"
2026-10-07 02:02,"17,0",69,"11,3","0,60","9,98"
2026-10-07 02:03,"17,0",69,"11,3","0,60","9,98"
2026-10-07 02:04,"17,0",69,"11,3","0,60","9,98"
2026-10-07 02:05,"17,0",69,"11,3","0,60","9,98"
2026-10-07 02:06,"17,0",69,"11,3","0,60","9,98"
2026-10-07 02:07,"17,0",69,"11,3","0,60","9,98"
2026-10-07 02:08,"17,0",69,"11,3","0,60","9,98"
2026-10-07 02:09,"17,0",69,"11,3","0,60","9,98"
2026-10-07 02:10,"17,0",69,"11,3","0,60","9,98"
2026-10-07 02:11,"17,0",69,"11,3","0,60","9,98"
2026-10-07 02:12,"17,0",69,"11,3","0,60","9,98"
2026-10-07 02:13,"17,0",69,"11,3","0,60","9,98"
2026-10-07 02:14,"17,0",68,"11,0","0,62","9,84"
2026-10-07 02:15,"17,0",68,"11,0","0,62","9,84"
2026-10-07 02:16,"17,0",68,"11,0","0,62","9,84"
2026-10-07 02:17,"17,0",68,"11,0","0,62","9,84"
2026-10-07 02:18,"17,0",68,"11,0","0,62","9,84"
2026-10-07 02:19,"17,0",68,"11,0","0,62","9,84"
2026-10-07 02:20,"17,0",68,"11,0","0,62","9,84"
2026-10-07 02:21,"17,0",68,"11,0","0,62","9,84"
2026-10-07 02:22,"17,0",68,"11,0","0,62","9,84"
2026-10-07 02:23,"17,0",68,"11,0","0,62","9,84"
2026-10-07 02:24,"17,0",68,"11,0","0,62","9,84"
2026-10-07 02:25,"17,0",68,"11,0","0,62","9,84"
2026-10-07 02:26,"17,0",68,"11,0","0,62","9,84"
2026-10-07 02:27,"17,0",68,"11,0","0,62","9,84"
2026-10-07 02:28,"17,0",68,"11,0","0,62","9,84"
2026-10-07 02:29,"17,0",68,"11,0","0,62","9,84"
2026-10-07 02:30,"17,0",68,"11,0","0,62","9,84"
2026-10-07 02:31,"17,0",68,"11,0","0,62","9,84"
2026-10-07 02:32,"17,0",68,"11,0","0,62","9,84"
2026-10-07 02:33,"17,0",68,"11,0","0,62","9,84"
2026-10-07 02:34,"17,0",68,"11,0","0,62","9,84"
2026-10-07 02:35,"17,0",68,"11,0","0,62","9,84"
2026-10-07 02:36,"17,0",68,"11,0","0,62","9,84"
2026-10-07 02:37,"17,0",68,"11,0","0,62","9,84"
2026-10-07 02:38,"17,0",68,"11,0","0,62","9,84"
2026-10-07 02:39,"17,0",68,"11,0","0,62","9,84"
2026-10-07 02:40,"17,0",68,"11,0","0,62","9,84"
2026-10-07 02:41,"17,0",68,"11,0","0,62","9,84"
2026-10-07 02:42,"17,0",68,"11,0","0,62","9,84"
2026-10-07 02:43,"17,0",68,"11,0","0,62","9,84"
2026-10-07 02:44,"17,0",68,"11,0","0,62","9,84"
2026-10-07 02:45,"17,0",68,"11,0","0,62","9,84"
2026-10-07 02:46,"17,0",68,"11,0","0,62","9,84"
2026-10-07 02:47,"17,0",68,"11,0","0,62","9,84"
2026-10-07 02:48,"17,0",68,"11,0","0,62","9,84"
2026-10-07 02:49,"17,0",68,"11,0","0,62","9,84"
2026-10-07 02:50,"17,0",68,"11,0","0,62","9,84"
2026-10-07 02:51,"17,0",68,"11,0","0,62","9,84"
2026-10-07 02:52,"17,0",68,"11,0","0,62","9,84"
2026-10-07 02:53,"17,0",68,"11,0","0,62","9,84"
2026-10-07 02:54,"17,0",68,"11,0","0,62","9,84"
2026-10-07 02:55,"17,0",68,"11,0","0,62","9,84"
2026-10-07 02:56,"17,0",68,"11,0","0,62","9,84"
2026-10-07 02:57,"17,0",68,"11,0","0,62","9,84"
2026-10-07 02:58,"17,0",68,"11,0","0,62","9,84"
2026-10-07 02:59,"17,0",68,"11,0","0,62","9,84"
2026-10-07 03:00,"17,0",68,"11,0","0,62","9,84"
2026-10-07 03:01,"17,0",68,"11,0","0,62","9,84"
2026-10-07 03:02,"17,0",68,"11,0","0,62","9,84"
2026-10-07 03:03,"17,0",68,"11,0","0,62","9,84"
2026-10-07 03:04,"17,0",68,"11,0","0,62","9,84"
2026-10-07 03:05,"17,0",68,"11,0","0,62","9,84"
2026-10-07 03:06,"17,0",68,"11,0","0,62","9,84"
2026-10-07 03:07,"17,0",68,"11,0","0,62","9,84"
2026-10-07 03:08,"17,0",68,"11,0","0,62","9,84"
2026-10-07 03:09,"17,0",68,"11,0","0,62","9,84"
2026-10-07 03:10,"17,0",68,"11,0","0,62","9,84"
2026-10-07 03:11,"17,0",68,"11,0","0,62","9,84"
2026-10-07 03:12,"17,0",68,"11,0","0,62","9,84"
2026-10-07 03:13,"17,0",68,"11,0","0,62","9,84"
2026-10-07 03:14,"17,0",68,"11,0","0,62","9,84"
2026-10-07 03:15,"17,0",68,"11,0","0,62","9,84"
2026-10-07 03:16,"17,0",68,"11,0","0,62","9,84"
2026-10-07 03:17,"17,0",68,"11,0","0,62","9,84"
2026-10-07 03:18,"17,0",68,"11,0","0,62","9,84"
2026-10-07 03:19,"17,0",68,"11,0","0,62","9,84"
2026-10-07 03:20,"17,0",68,"11,0","0,62","9,84"
2026-10-07 03:21,"17,0",68,"11,0","0,62","9,84"
2026-10-07 03:22,"17,0",68,"11,0","0,62","9,84"
2026-10-07 03:23,"17,0",68,"11,0","0,62","9,84"
2026-10-07 03:24,"17,0",68,"11,0","0,62","9,84"
2026-10-07 03:25,"17,0",68,"11,0","0,62","9,84"
2026-10-07 03:26,"17,0",68,"11,0","0,62","9,84"
2026-10-07 03:27,"17,0",68,"11,0","0,62","9,84"
2026-10-07 03:28,"17,0",68,"11,0","0,62","9,84"
2026-10-07 03:29,"17,0",68,"11,0","0,62","9,84"
2026-10-07 03:30,"17,0",68,"11,0","0,62","9,84"
2026-10-07 03:31,"17,0",68,"11,0","0,62","9,84"
2026-10-07 03:32,"17,0",68,"11,0","0,62","9,84"
2026-10-07 03:33,"17,0",68,"11,0","0,62","9,84"
2026-10-07 03:34,"17,0",68,"11,0","0,62","9,84"
2026-10-07 03:35,"17,0",68,"11,0","0,62","9,84"
2026-10-07 03:36,"17,0",68,"11,0","0,62","9,84"
2026-10-07 03:37,"17,0",68,"11,0","0,62","9,84"
2026-10-07 03:38,"17,0",68,"11,0","0,62","9,84"
2026-10-07 03:39,"17,0",68,"11,0","0,62","9,84"
2026-10-07 03:40,"17,0",68,"11,0","0,62","9,84"
2026-10-07 03:41,"17,0",68,"11,0","0,62","9,84"
2026-10-07 03:42,"17,0",68,"11,0","0,62","9,84"
2026-10-07 03:43,"17,0",68,"11,0","0,62","9,84"
2026-10-07 03:44,"17,0",68,"11,0","0,62","9,84"
2026-10-07 03:45,"17,0",68,"11,0","0,62","9,84"
2026-10-07 03:46,"17,0",68,"11,0","0,62","9,84"
2026-10-07 03:47,"17,0",68,"11,0","0,62","9,84"
2026-10-07 03:48,"17,0",68,"11,0","0,62","9,84"
2026-10-07 03:49,"17,0",68,"11,0","0,62","9,84"
2026-10-07 03:50,"17,0",68,"11,0","0,62","9,84"
2026-10-07 03:51,"17,0",68,"11,0","0,62","9,84"
2026-10-07 03:52,"17,0",68,"11,0","0,62","9,84"
2026-10-07 03:53,"17,0",68,"11,0","0,62","9,84"
2026-10-07 03:54,"17,0",68,"11,0","0,62","9,84"
2026-10-07 03:55,"17,0",68,"11,0","0,62","9,84"
2026-10-07 03:56,"17,0",68,"11,0","0,62","9,84"
2026-10-07 03:57,"17,0",68,"11,0","0,62","9,84"
2026-10-07 03:58,"17,0",68,"11,0","0,62","9,84"
2026-10-07 03:59,"17,0",68,"11,0","0,62","9,84"
2026-10-07 04:00,"17,0",68,"11,0","0,62","9,84"
2026-10-07 04:01,"17,0",68,"11,0","0,62","9,84"
2026-10-07 04:02,"17,0",68,"11,0","0,62","9,84"
2026-10-07 04:03,"17,0",68,"11,0","0,62","9,84"
2026-10-07 04:04,"17,0",68,"11,0","0,62","9,84"
2026-10-07 04:05,"17,0",68,"11,0","0,62","9,84"
2026-10-07 04:06,"17,0",68,"11,0","0,62","9,84"
2026-10-07 04:07,"17,0",68,"11,0","0,62","9,84"
2026-10-07 04:08,"17,0",68,"11,0","0,62","9,84"
2026-10-07 04:09,"17,0",68,"11,0","0,62","9,84"
2026-10-07 04:10,"17,0",68,"11,0","0,62","9,84"
2026-10-07 04:11,"17,0",68,"11,0","0,62","9,84"
2026-10-07 04:12,"17,0",68,"11,0","0,62","9,84"
2026-10-07 04:13,"17,0",68,"11,0","0,62","9,84"
2026-10-07 04:14,"17,0",67,"10,8","0,64","9,69"
2026-10-07 04:15,"17,0",67,"10,8","0,64","9,69"
2026-10-07 04:16,"17,0",67,"10,8","0,64","9,69"
2026-10-07 04:17,"17,0",67,"10,8","0,64","9,69"
2026-10-07 04:18,"17,0",67,"10,8","0,64","9,69"
2026-10-07 04:19,"17,0",67,"10,8","0,64","9,69"
2026-10-07 04:20,"17,0",67,"10,8","0,64","9,69"
2026-10-07 04:21,"17,0",67,"10,8","0,64","9,69"
2026-10-07 04:22,"17,0",67,"10,8","0,64","9,69"
2026-10-07 04:23,"17,0",67,"10,8","0,64","9,69"
2026-10-07 04:24,"17,0",67,"10,8","0,64","9,69"
2026-10-07 04:25,"17,0",67,"10,8","0,64","9,69"
2026-10-07 04:26,"17,0",67,"10,8","0,64","9,69"
2026-10-07 04:27,"17,0",67,"10,8","0,64","9,69"
2026-10-07 04:28,"17,0",67,"10,8","0,64","9,69"
2026-10-07 04:29,"17,0",67,"10,8","0,64","9,69"
2026-10-07 04:30,"17,0",67,"10,8","0,64","9,69"
2026-10-07 04:31,"17,0",67,"10,8","0,64","9,69"
2026-10-07 04:32,"17,0",67,"10,8","0,64","9,69"
2026-10-07 04:33,"17,0",67,"10,8","0,64","9,69"
2026-10-07 04:34,"17,0",67,"10,8","0,64","9,69"
2026-10-07 04:35,"17,0",67,"10,8","0,64","9,69"
2026-10-07 04:36,"17,0",67,"10,8","0,64","9,69"
2026-10-07 04:37,"17,0",67,"10,8","0,64","9,69"
2026-10-07 04:38,"17,0",67,"10,8","0,64","9,69"
2026-10-07 04:39,"17,0",67,"10,8","0,64","9,69"
2026-10-07 04:40,"17,0",67,"10,8","0,64","9,69"
2026-10-07 04:41,"17,0",67,"10,8","0,64","9,69"
2026-10-07 04:42,"17,0",67,"10,8","0,64","9,69"
2026-10-07 04:43,"17,0",67,"10,8","0,64","9,69"
2026-10-07 04:44,"17,0",67,"10,8","0,64","9,69"
2026-10-07 04:45,"17,0",67,"10,8","0,64","9,69"
2026-10-07 04:46,"17,0",67,"10,8","0,64","9,69"
2026-10-07 04:47,"17,0",67,"10,8","0,64","9,69"
2026-10-07 04:48,"17,0",67,"10,8","0,64","9,69"
2026-10-07 04:49,"17,0",67,"10,8","0,64","9,69"
2026-10-07 04:50,"17,0",67,"10,8","0,64","9,69"
2026-10-07 04:51,"17,0",67,"10,8","0,64","9,69"
2026-10-07 04:52,"17,0",67,"10,8","0,64","9,69"
2026-10-07 04:53,"17,0",67,"10,8","0,64","9,69"
2026-10-07 04:54,"17,0",67,"10,8","0,64","9,69"
2026-10-07 04:55,"17,0",67,"10,8","0,64","9,69"
2026-10-07 04:56,"17,0",67,"10,8","0,64","9,69"
2026-10-07 04:57,"17,0",67,"10,8","0,64","9,69"
2026-10-07 04:58,"17,0",67,"10,8","0,64","9,69"
2026-10-07 04:59,"17,0",67,"10,8","0,64","9,69"
2026-10-07 05:00,"17,0",67,"10,8","0,64","9,69"
2026-10-07 05:01,"17,0",67,"10,8","0,64","9,69"
2026-10-07 05:02,"17,0",67,"10,8","0,64","9,69"
2026-10-07 05:03,"17,0",67,"10,8","0,64","9,69"
2026-10-07 05:04,"17,0",67,"10,8","0,64","9,69"
2026-10-07 05:05,"17,0",67,"10,8","0,64","9,69"
2026-10-07 05:06,"17,0",67,"10,8","0,64","9,69"
2026-10-07 05:07,"17,0",67,"10,8","0,64","9,69"
2026-10-07 05:08,"17,0",67,"10,8","0,64","9,69"
2026-10-07 05:09,"17,0",67,"10,8","0,64","9,69"
2026-10-07 05:10,"17,0",67,"10,8","0,64","9,69"
2026-10-07 05:11,"17,0",67,"10,8","0,64","9,69"
2026-10-07 05:12,"17,0",67,"10,8","0,64","9,69"
2026-10-07 05:13,"17,0",67,"10,8","0,64","9,69"
2026-10-07 05:14,"17,0",67,"10,8","0,64","9,69"
2026-10-07 05:15,"17,0",67,"10,8","0,64","9,69"
2026-10-07 05:16,"17,0",67,"10,8","0,64","9,69"
2026-10-07 05:17,"17,0",67,"10,8","0,64","9,69"
2026-10-07 05:18,"17,0",67,"10,8","0,64","9,69"
2026-10-07 05:19,"17,0",67,"10,8","0,64","9,69"
2026-10-07 05:20,"17,0",67,"10,8","0,64","9,69"
2026-10-07 05:21,"17,0",67,"10,8","0,64","9,69"
2026-10-07 05:22,"17,0",67,"10,8","0,64","9,69"
2026-10-07 05:23,"17,0",67,"10,8","0,64","9,69"
2026-10-07 05:24,"17,0",67,"10,8","0,64","9,69"
2026-10-07 05:25,"17,0",67,"10,8","0,64","9,69"
2026-10-07 05:26,"17,0",67,"10,8","0,64","9,69"
2026-10-07 05:27,"17,0",67,"10,8","0,64","9,69"
2026-10-07 05:28,"17,0",67,"10,8","0,64","9,69"
2026-10-07 05:29,"17,0",67,"10,8","0,64","9,69"
2026-10-07 05:30,"17,0",67,"10,8","0,64","9,69"
2026-10-07 05:31,"17,0",67,"10,8","0,64","9,69"
2026-10-07 05:32,"17,0",67,"10,8","0,64","9,69"
2026-10-07 05:33,"17,0",67,"10,8","0,64","9,69"
2026-10-07 05:34,"17,0",67,"10,8","0,64","9,69"
2026-10-07 05:35,"17,0",67,"10,8","0,64","9,69"
2026-10-07 05:36,"17,0",67,"10,8","0,64","9,69"
2026-10-07 05:37,"17,0",67,"10,8","0,64","9,69"
2026-10-07 05:38,"17,0",67,"10,8","0,64","9,69"
2026-10-07 05:39,"17,0",67,"10,8","0,64","9,69"
2026-10-07 05:40,"17,0",67,"10,8","0,64","9,69"
2026-10-07 05:41,"17,0",67,"10,8","0,64","9,69"
2026-10-07 05:42,"17,0",67,"10,8","0,64","9,69"
2026-10-07 05:43,"17,0",67,"10,8","0,64","9,69"
2026-10-07 05:44,"17,0",66,"10,6","0,66","9,55"
2026-10-07 05:45,"17,0",66,"10,6","0,66","9,55"
2026-10-07 05:46,"17,0",66,"10,6","0,66","9,55"
2026-10-07 05:47,"17,0",66,"10,6","0,66","9,55"
2026-10-07 05:48,"17,0",66,"10,6","0,66","9,55"
2026-10-07 05:49,"17,0",66,"10,6","0,66","9,55"
2026-10-07 05:50,"17,0",66,"10,6","0,66","9,55"
2026-10-07 05:51,"17,0",66,"10,6","0,66","9,55"
2026-10-07 05:52,"17,0",66,"10,6","0,66","9,55"
2026-10-07 05:53,"17,0",66,"10,6","0,66","9,55"
2026-10-07 05:54,"17,0",66,"10,6","0,66","9,55"
2026-10-07 05:55,"17,0",66,"10,6","0,66","9,55"
2026-10-07 05:56,"17,0",66,"10,6","0,66","9,55"
2026-10-07 05:57,"17,0",66,"10,6","0,66","9,55"
2026-10-07 05:58,"17,0",66,"10,6","0,66","9,55"
2026-10-07 05:59,"17,0",66,"10,6","0,66","9,55"
2026-10-07 06:00,"17,0",66,"10,6","0,66","9,55"
2026-10-07 06:01,"17,0",66,"10,6","0,66","9,55"
2026-10-07 06:02,"17,0",66,"10,6","0,66","9,55"
2026-10-07 06:03,"17,0",66,"10,6","0,66","9,55"
2026-10-07 06:04,"17,0",66,"10,6","0,66","9,55"
2026-10-07 06:05,"17,0",66,"10,6","0,66","9,55"
2026-10-07 06:06,"17,0",66,"10,6","0,66","9,55"
2026-10-07 06:07,"17,0",66,"10,6","0,66","9,55"
2026-10-07 06:08,"17,0",66,"10,6","0,66","9,55"
2026-10-07 06:09,"17,0",66,"10,6","0,66","9,55"
2026-10-07 06:10,"17,0",66,"10,6","0,66","9,55"
2026-10-07 06:11,"17,0",66,"10,6","0,66","9,55"
2026-10-07 06:12,"17,0",66,"10,6","0,66","9,55"
2026-10-07 06:13,"17,0",66,"10,6","0,66","9,55"
2026-10-07 06:14,"17,0",66,"10,6","0,66","9,55"
2026-10-07 06:15,"17,0",66,"10,6","0,66","9,55"
2026-10-07 06:16,"17,0",66,"10,6","0,66","9,55"
2026-10-07 06:17,"17,0",66,"10,6","0,66","9,55"
2026-10-07 06:18,"17,0",66,"10,6","0,66","9,55"
2026-10-07 06:19,"17,0",66,"10,6","0,66","9,55"
2026-10-07 06:20,"17,0",66,"10,6","0,66","9,55"
2026-10-07 06:21,"17,0",66,"10,6","0,66","9,55"
2026-10-07 06:22,"17,0",66,"10,6","0,66","9,55"
2026-10-07 06:23,"17,0",66,"10,6","0,66","9,55"
2026-10-07 06:24,"17,0",66,"10,6","0,66","9,55"
2026-10-07 06:25,"17,0",66,"10,6","0,66","9,55"
2026-10-07 06:26,"17,0",66,"10,6","0,66","9,55"
2026-10-07 06:27,"17,0",66,"10,6","0,66","9,55"
2026-10-07 06:28,"17,0",66,"10,6","0,66","9,55"
2026-10-07 06:29,"17,0",66,"10,6","0,66","9,55"
2026-10-07 06:30,"17,0",66,"10,6","0,66","9,55"
2026-10-07 06:31,"17,0",66,"10,6","0,66","9,55"
2026-10-07 06:32,"17,0",66,"10,6","0,66","9,55"
2026-10-07 06:33,"17,0",66,"10,6","0,66","9,55"
2026-10-07 06:34,"17,0",66,"10,6","0,66","9,55"
2026-10-07 06:35,"17,0",66,"10,6","0,66","9,55"
2026-10-07 06:36,"17,0",66,"10,6","0,66","9,55"
2026-10-07 06:37,"17,0",66,"10,6","0,66","9,55"
2026-10-07 06:38,"17,0",66,"10,6","0,66","9,55"
2026-10-07 06:39,"17,0",66,"10,6","0,66","9,55"
2026-10-07 06:40,"17,0",66,"10,6","0,66","9,55"
2026-10-07 06:41,"17,0",66,"10,6","0,66","9,55"
2026-10-07 06:42,"17,0",66,"10,6","0,66","9,55"
2026-10-07 06:43,"17,0",66,"10,6","0,66","9,55"
2026-10-07 06:44,"17,0",66,"10,6","0,66","9,55"
2026-10-07 06:45,"17,0",66,"10,6","0,66","9,55"
2026-10-07 06:46,"17,0",66,"10,6","0,66","9,55"
2026-10-07 06:47,"17,0",66,"10,6","0,66","9,55"
2026-10-07 06:48,"17,0",66,"10,6","0,66","9,55"
2026-10-07 06:49,"17,0",66,"10,6","0,66","9,55"
2026-10-07 06:50,"17,0",66,"10,6","0,66","9,55"
2026-10-07 06:51,"17,0",66,"10,6","0,66","9,55"
2026-10-07 06:52,"17,0",66,"10,6","0,66","9,55"
2026-10-07 06:53,"17,0",66,"10,6","0,66","9,55"
2026-10-07 06:54,"17,0",66,"10,6","0,66","9,55"
2026-10-07 06:55,"17,0",66,"10,6","0,66","9,55"
2026-10-07 06:56,"17,0",65,"10,4","0,68","9,41"
2026-10-07 06:57,"17,0",65,"10,4","0,68","9,41"
2026-10-07 06:58,"17,0",65,"10,4","0,68","9,41"
2026-10-07 06:59,"17,0",65,"10,4","0,68","9,41"
2026-10-07 07:00,"17,0",65,"10,4","0,68","9,41"
2026-10-07 07:01,"17,0",65,"10,4","0,68","9,41"
2026-10-07 07:02,"17,0",65,"10,4","0,68","9,41"
2026-10-07 07:03,"17,0",65,"10,4","0,68","9,41"
2026-10-07 07:04,"17,0",65,"10,4","0,68","9,41"
2026-10-07 07:05,"17,0",65,"10,4","0,68","9,41"
2026-10-07 07:06,"17,0",65,"10,4","0,68","9,41"
2026-10-07 07:07,"17,0",65,"10,4","0,68","9,41"
2026-10-07 07:08,"17,0",65,"10,4","0,68","9,41"
2026-10-07 07:09,"17,0",65,"10,4","0,68","9,41"
2026-10-07 07:10,"17,0",65,"10,4","0,68","9,41"
2026-10-07 07:11,"17,0",65,"10,4","0,68","9,41"
2026-10-07 07:12,"17,0",65,"10,4","0,68","9,41"
2026-10-07 07:13,"17,0",65,"10,4","0,68","9,41"
2026-10-07 07:14,"17,0",65,"10,4","0,68","9,41"
2026-10-07 07:15,"17,0",65,"10,4","0,68","9,41"
2026-10-07 07:16,"17,0",65,"10,4","0,68","9,41"
2026-10-07 07:17,"17,0",65,"10,4","0,68","9,41"
2026-10-07 07:18,"17,0",65,"10,4","0,68","9,41"
2026-10-07 07:19,"17,0",65,"10,4","0,68","9,41"
2026-10-07 07:20,"17,0",65,"10,4","0,68","9,41"
2026-10-07 07:21,"17,0",65,"10,4","0,68","9,41"
2026-10-07 07:22,"17,0",65,"10,4","0,68","9,41"
2026-10-07 07:23,"17,0",65,"10,4","0,68","9,41"
2026-10-07 07:24,"17,0",65,"10,4","0,68","9,41"
2026-10-07 07:25,"17,0",65,"10,4","0,68","9,41"
2026-10-07 07:26,"17,0",65,"10,4","0,68","9,43"
2026-10-07 07:27,"17,1",65,"10,5","0,68","9,46"
2026-10-07 07:28,"17,1",65,"10,5","0,68","9,46"
2026-10-07 07:29,"17,1",65,"10,5","0,68","9,46"
2026-10-07 07:30,"17,1",65,"10,5","0,68","9,46"
2026-10-07 07:31,"17,1",65,"10,5","0,68","9,46"
2026-10-07 07:32,"17,1",65,"10,5","0,68","9,46"
2026-10-07 07:33,"17,1",65,"10,5","0,68","9,46"
2026-10-07 07:34,"17,1",65,"10,5","0,68","9,46"
2026-10-07 07:35,"17,1",65,"10,5","0,68","9,46"
2026-10-07 07:36,"17,1",65,"10,5","0,68","9,46"
2026-10-07 07:37,"17,1",65,"10,5","0,68","9,46"
2026-10-07 07:38,"17,1",65,"10,5","0,68","9,46"
2026-10-07 07:39,"17,1",65,"10,5","0,68","9,46"
2026-10-07 07:40,"17,1",65,"10,5","0,68","9,46"
2026-10-07 07:41,"17,1",65,"10,5","0,68","9,46"
2026-10-07 07:42,"17,1",65,"10,5","0,68","9,46"
2026-10-07 07:43,"17,1",65,"10,5","0,68","9,46"
2026-10-07 07:44,"17,1",65,"10,5","0,68","9,46"
2026-10-07 07:45,"17,1",65,"10,5","0,68","9,46"
2026-10-07 07:46,"17,1",65,"10,5","0,68","9,46"
2026-10-07 07:47,"17,1",65,"10,5","0,68","9,46"
2026-10-07 07:48,"17,1",65,"10,5","0,68","9,46"
2026-10-07 07:49,"17,1",65,"10,5","0,68","9,46"
2026-10-07 07:50,"17,1",65,"10,5","0,68","9,46"
2026-10-07 07:51,"17,1",65,"10,5","0,68","9,46"
2026-10-07 07:52,"17,1",65,"10,5","0,68","9,46"
2026-10-07 07:53,"17,1",65,"10,5","0,68","9,46"
2026-10-07 07:54,"17,1",65,"10,5","0,68","9,46"
2026-10-07 07:55,"17,1",65,"10,5","0,68","9,46"
2026-10-07 07:56,"17,1",65,"10,5","0,68","9,46"
2026-10-07 07:57,"17,1",65,"10,5","0,68","9,46"
2026-10-07 07:58,"17,1",65,"10,5","0,68","9,46"
2026-10-07 07:59,"17,1",65,"10,5","0,68","9,46"
2026-10-07 08:00,"17,1",65,"10,5","0,68","9,46"
2026-10-07 08:01,"17,1",65,"10,5","0,68","9,46"
2026-10-07 08:02,"17,1",65,"10,5","0,68","9,46"
2026-10-07 08:03,"17,1",65,"10,5","0,68","9,46"
2026-10-07 08:04,"17,1",65,"10,5","0,68","9,46"
2026-10-07 08:05,"17,1",65,"10,5","0,68","9,46"
2026-10-07 08:06,"17,1",65,"10,5","0,68","9,46"
2026-10-07 08:07,"17,1",65,"10,5","0,68","9,46"
2026-10-07 08:08,"17,1",65,"10,5","0,68","9,46"
2026-10-07 08:09,"17,1",65,"10,5","0,68","9,46"
2026-10-07 08:10,"17,1",65,"10,5","0,68","9,46"
2026-10-07 08:11,"17,1",65,"10,5","0,68","9,46"
2026-10-07 08:12,"17,1",65,"10,5","0,68","9,46"
2026-10-07 08:13,"17,1",65,"10,5","0,68","9,46"
2026-10-07 08:14,"17,1",65,"10,5","0,68","9,46"
2026-10-07 08:15,"17,1",65,"10,5","0,68","9,46"
2026-10-07 08:16,"17,1",65,"10,5","0,68","9,46"
2026-10-07 08:17,"17,1",65,"10,5","0,68","9,46"
2026-10-07 08:18,"17,1",65,"10,5","0,68","9,46"
2026-10-07 08:19,"17,1",65,"10,5","0,68","9,46"
2026-10-07 08:20,"17,1",65,"10,5","0,68","9,46"
2026-10-07 08:21,"17,1",65,"10,5","0,68","9,46"
2026-10-07 08:22,"17,1",65,"10,5","0,68","9,46"
2026-10-07 08:23,"17,1",65,"10,5","0,68","9,46"
2026-10-07 08:24,"17,1",65,"10,5","0,68","9,46"
2026-10-07 08:25,"17,1",65,"10,5","0,68","9,46"
2026-10-07 08:26,"17,1",65,"10,5","0,68","9,46"
2026-10-07 08:27,"17,1",65,"10,5","0,68","9,46"
2026-10-07 08:28,"17,1",65,"10,5","0,68","9,46"
2026-10-07 08:29,"17,1",65,"10,5","0,68","9,46"
2026-10-07 08:30,"17,1",65,"10,5","0,68","9,46"
2026-10-07 08:31,"17,1",65,"10,5","0,68","9,46"
2026-10-07 08:32,"17,1",65,"10,5","0,68","9,46"
2026-10-07 08:33,"17,1",65,"10,5","0,68","9,46"
2026-10-07 08:34,"17,1",65,"10,5","0,68","9,46"
2026-10-07 08:35,"17,1",65,"10,5","0,68","9,46"
2026-10-07 08:36,"17,1",65,"10,5","0,68","9,46"
2026-10-07 08:37,"17,1",65,"10,5","0,68","9,46"
2026-10-07 08:38,"17,1",65,"10,5","0,68","9,46"
2026-10-07 08:39,"17,1",65,"10,5","0,68","9,46"
2026-10-07 08:40,"17,1",65,"10,5","0,68","9,46"
2026-10-07 08:41,"17,1",65,"10,5","0,68","9,46"
2026-10-07 08:42,"17,1",65,"10,5","0,68","9,46"
2026-10-07 08:43,"17,1",65,"10,5","0,68","9,46"
2026-10-07 08:44,"17,1",65,"10,5","0,68","9,46"
2026-10-07 08:45,"17,1",65,"10,5","0,68","9,46"
2026-10-07 08:46,"17,1",65,"10,5","0,68","9,46"
2026-10-07 08:47,"17,1",65,"10,5","0,68","9,46"
2026-10-07 08:48,"17,1",65,"10,5","0,68","9,46"
2026-10-07 08:49,"17,1",65,"10,5","0,68","9,46"
2026-10-07 08:50,"17,1",65,"10,5","0,68","9,46"
2026-10-07 08:51,"17,1",65,"10,5","0,68","9,46"
2026-10-07 08:52,"17,1",65,"10,5","0,68","9,46"
2026-10-07 08:53,"17,1",65,"10,5","0,68","9,46"
2026-10-07 08:54,"17,1",65,"10,5","0,68","9,46"
2026-10-07 08:55,"17,1",65,"10,5","0,68","9,46"
2026-10-07 08:56,"17,1",65,"10,5","0,68","9,46"
2026-10-07 08:57,"17,1",65,"10,5","0,68","9,46"
2026-10-07 08:58,"17,1",65,"10,5","0,68","9,46"
2026-10-07 08:59,"17,1",65,"10,5","0,68","9,46"
2026-10-07 09:00,"17,1",65,"10,5","0,68","9,46"
2026-10-07 09:01,"17,1",65,"10,5","0,68","9,46"
2026-10-07 09:02,"17,1",65,"10,5","0,68","9,46"
2026-10-07 09:03,"17,1",65,"10,5","0,68","9,46"
2026-10-07 09:04,"17,1",65,"10,5","0,68","9,46"
2026-10-07 09:05,"17,1",65,"10,5","0,68","9,46"
2026-10-07 09:06,"17,1",65,"10,5","0,68","9,46"
2026-10-07 09:07,"17,1",65,"10,5","0,68","9,46"
2026-10-07 09:08,"17,1",65,"10,5","0,68","9,46"
2026-10-07 09:09,"17,1",65,"10,5","0,68","9,46"
2026-10-07 09:10,"17,1",65,"10,5","0,68","9,46"
2026-10-07 09:11,"17,1",65,"10,5","0,68","9,46"
2026-10-07 09:12,"17,1",65,"10,5","0,68","9,46"
2026-10-07 09:13,"17,1",65,"10,5","0,68","9,46"
2026-10-07 09:14,"17,1",65,"10,5","0,68","9,46"
2026-10-07 09:15,"17,1",65,"10,5","0,68","9,46"
2026-10-07 09:16,"17,1",65,"10,5","0,68","9,46"
2026-10-07 09:17,"17,1",65,"10,5","0,68","9,46"
2026-10-07 09:18,"17,1",65,"10,5","0,68","9,46"
2026-10-07 09:19,"17,1",65,"10,5","0,68","9,46"
2026-10-07 09:20,"17,1",65,"10,5","0,68","9,46"
2026-10-07 09:21,"17,1",65,"10,5","0,68","9,46"
2026-10-07 09:22,"17,1",65,"10,5","0,68","9,46"
2026-10-07 09:23,"17,1",65,"10,5","0,68","9,46"
2026-10-07 09:24,"17,1",65,"10,5","0,68","9,46"
2026-10-07 09:25,"17,1",65,"10,5","0,68","9,46"
2026-10-07 09:26,"17,1",65,"10,5","0,68","9,46"
2026-10-07 09:27,"17,1",65,"10,5","0,68","9,46"
2026-10-07 09:28,"17,1",65,"10,5","0,68","9,46"
2026-10-07 09:29,"17,1",65,"10,5","0,68","9,46"
2026-10-07 09:30,"17,1",65,"10,5","0,68","9,46"
2026-10-07 09:31,"17,1",65,"10,5","0,68","9,46"
2026-10-07 09:32,"17,1",65,"10,5","0,68","9,46"
2026-10-07 09:33,"17,1",65,"10,5","0,68","9,46"
2026-10-07 09:34,"17,1",65,"10,5","0,68","9,46"
2026-10-07 09:35,"17,1",65,"10,5","0,68","9,46"
2026-10-07 09:36,"17,1",65,"10,5","0,68","9,46"
2026-10-07 09:37,"17,1",66,"10,7","0,66","9,61"
2026-10-07 09:38,"17,1",66,"10,7","0,66","9,61"
2026-10-07 09:39,"17,1",66,"10,7","0,66","9,61"
2026-10-07 09:40,"17,1",66,"10,7","0,66","9,61"
2026-10-07 09:41,"17,1",66,"10,7","0,66","9,61"
2026-10-07 09:42,"17,1",66,"10,7","0,66","9,61"
2026-10-07 09:43,"17,1",66,"10,7","0,66","9,61"
2026-10-07 09:44,"17,1",66,"10,7","0,66","9,61"
2026-10-07 09:45,"17,1",66,"10,7","0,66","9,61"
2026-10-07 09:46,"17,1",66,"10,7","0,66","9,61"
2026-10-07 09:47,"17,1",66,"10,7","0,66","9,61"
2026-10-07 09:48,"17,1",66,"10,7","0,66","9,61"
2026-10-07 09:49,"17,1",66,"10,7","0,66","9,61"
2026-10-07 09:50,"17,1",66,"10,7","0,66","9,61"
2026-10-07 09:51,"17,1",66,"10,7","0,66","9,61"
2026-10-07 09:52,"17,1",66,"10,7","0,66","9,61"
2026-10-07 09:53,"17,1",66,"10,7","0,66","9,61"
2026-10-07 09:54,"17,1",66,"10,7","0,66","9,61"
2026-10-07 09:55,"17,1",66,"10,7","0,66","9,61"
2026-10-07 09:56,"17,1",66,"10,7","0,66","9,61"
2026-10-07 09:57,"17,1",66,"10,7","0,66","9,61"
2026-10-07 09:58,"17,1",66,"10,7","0,66","9,61"
2026-10-07 09:59,"17,1",66,"10,7","0,66","9,61"
2026-10-07 10:00,"17,1",66,"10,7","0,66","9,61"
2026-10-07 10:01,"17,1",66,"10,7","0,66","9,61"
2026-10-07 10:02,"17,1",66,"10,7","0,66","9,61"
2026-10-07 10:03,"17,1",66,"10,7","0,66","9,61"
2026-10-07 10:04,"17,1",66,"10,7","0,66","9,61"
2026-10-07 10:05,"17,1",66,"10,7","0,66","9,61"
2026-10-07 10:06,"17,1",66,"10,7","0,66","9,61"
2026-10-07 10:07,"17,1",66,"10,7","0,66","9,61"
2026-10-07 10:08,"17,1",66,"10,7","0,66","9,61"
2026-10-07 10:09,"17,1",66,"10,7","0,66","9,61"
2026-10-07 10:10,"17,1",66,"10,7","0,66","9,61"
2026-10-07 10:11,"17,1",66,"10,7","0,66","9,61"
2026-10-07 10:12,"17,1",66,"10,7","0,66","9,61"
2026-10-07 10:13,"17,1",66,"10,7","0,66","9,61"
2026-10-07 10:14,"17,1",66,"10,7","0,66","9,61"
2026-10-07 10:15,"17,1",66,"10,7","0,66","9,61"
2026-10-07 10:16,"17,1",66,"10,7","0,66","9,61"
2026-10-07 10:17,"17,1",66,"10,7","0,66","9,61"
2026-10-07 10:18,"17,1",66,"10,7","0,66","9,61"
2026-10-07 10:19,"17,1",66,"10,7","0,66","9,61"
2026-10-07 10:20,"17,1",66,"10,7","0,66","9,61"
2026-10-07 10:21,"17,1",66,"10,7","0,66","9,61"
2026-10-07 10:22,"17,1",66,"10,7","0,66","9,61"
2026-10-07 10:23,"17,1",66,"10,7","0,66","9,61"
2026-10-07 10:24,"17,1",66,"10,7","0,66","9,61"
2026-10-07 10:25,"17,1",66,"10,7","0,66","9,61"
2026-10-07 10:26,"17,1",66,"10,7","0,66","9,61"
2026-10-07 10:27,"17,1",66,"10,7","0,66","9,61"
2026-10-07 10:28,"17,1",66,"10,7","0,66","9,61"
2026-10-07 10:29,"17,1",66,"10,7","0,66","9,61"
2026-10-07 10:30,"17,1",66,"10,7","0,66","9,61"
2026-10-07 10:31,"17,1",66,"10,7","0,66","9,61"
2026-10-07 10:32,"17,1",66,"10,7","0,66","9,61"
2026-10-07 10:33,"17,1",66,"10,7","0,66","9,61"
2026-10-07 10:34,"17,1",66,"10,7","0,66","9,61"
2026-10-07 10:35,"17,1",66,"10,7","0,66","9,61"
2026-10-07 10:36,"17,1",66,"10,7","0,66","9,61"
2026-10-07 10:37,"17,1",66,"10,7","0,66","9,61"
2026-10-07 10:38,"17,1",66,"10,7","0,66","9,61"
2026-10-07 10:39,"17,1",66,"10,7","0,66","9,61"
2026-10-07 10:40,"17,1",66,"10,7","0,66","9,61"
2026-10-07 10:41,"17,1",66,"10,7","0,66","9,61"
2026-10-07 10:42,"17,1",66,"10,7","0,66","9,61"
2026-10-07 10:43,"17,1",67,"10,9","0,64","9,75"
2026-10-07 10:44,"17,1",67,"10,9","0,64","9,75"
2026-10-07 10:45,"17,1",67,"10,9","0,64","9,75"
2026-10-07 10:46,"17,1",67,"10,9","0,64","9,75"
2026-10-07 10:47,"17,1",67,"10,9","0,64","9,75"
2026-10-07 10:48,"17,1",67,"10,9","0,64","9,75"
2026-10-07 10:49,"17,1",67,"10,9","0,64","9,75"
2026-10-07 10:50,"17,1",67,"10,9","0,64","9,75"
2026-10-07 10:51,"17,1",67,"10,9","0,64","9,75"
2026-10-07 10:52,"17,1",67,"10,9","0,64","9,75"
2026-10-07 10:53,"17,1",67,"10,9","0,64","9,75"
2026-10-07 10:54,"17,1",67,"10,9","0,64","9,75"
2026-10-07 10:55,"17,1",67,"10,9","0,64","9,75"
2026-10-07 10:56,"17,1",67,"10,9","0,64","9,75"
2026-10-07 10:57,"17,1",67,"10,9","0,64","9,75"
2026-10-07 10:58,"17,1",67,"10,9","0,64","9,75"
2026-10-07 10:59,"17,1",67,"10,9","0,64","9,75"
2026-10-07 11:00,"17,1",67,"10,9","0,64","9,75"
2026-10-07 11:01,"17,1",67,"10,9","0,64","9,75"
2026-10-07 11:02,"17,1",67,"10,9","0,64","9,75"
2026-10-07 11:03,"17,1",67,"10,9","0,64","9,75"
2026-10-07 11:04,"17,1",67,"10,9","0,64","9,75"
2026-10-07 11:05,"17,1",67,"10,9","0,64","9,75"
2026-10-07 11:06,"17,1",67,"10,9","0,64","9,75"
2026-10-07 11:07,"17,1",67,"10,9","0,64","9,75"
2026-10-07 11:08,"17,1",67,"10,9","0,64","9,75"
2026-10-07 11:09,"17,1",67,"10,9","0,64","9,75"
2026-10-07 11:10,"17,1",67,"10,9","0,64","9,75"
2026-10-07 11:11,"17,1",67,"10,9","0,64","9,75"
2026-10-07 11:12,"17,1",67,"10,9","0,64","9,75"
2026-10-07 11:13,"17,1",67,"10,9","0,64","9,75"
2026-10-07 11:14,"17,1",67,"10,9","0,64","9,75"
2026-10-07 11:15,"17,1",67,"10,9","0,64","9,75"
2026-10-07 11:16,"17,1",67,"10,9","0,64","9,75"
2026-10-07 11:17,"17,1",67,"10,9","0,64","9,75"
2026-10-07 11:18,"17,1",67,"10,9","0,64","9,75"
2026-10-07 11:19,"17,1",67,"10,9","0,64","9,75"
2026-10-07 11:20,"17,1",67,"10,9","0,64","9,75"
2026-10-07 11:21,"17,1",67,"10,9","0,64","9,75"
2026-10-07 11:22,"17,1",67,"10,9","0,64","9,75"
2026-10-07 11:23,"17,1",67,"10,9","0,64","9,75"
2026-10-07 11:24,"17,1",67,"10,9","0,64","9,75"
2026-10-07 11:25,"17,1",67,"10,9","0,64","9,75"
2026-10-07 11:26,"17,1",67,"10,9","0,64","9,75"
2026-10-07 11:27,"17,1",67,"10,9","0,64","9,75"
2026-10-07 11:28,"17,1",67,"10,9","0,64","9,75"
2026-10-07 11:29,"17,1",67,"10,9","0,64","9,75"
2026-10-07 11:30,"17,1",67,"10,9","0,64","9,75"
2026-10-07 11:31,"17,1",67,"10,9","0,64","9,75"
2026-10-07 11:32,"17,1",67,"10,9","0,64","9,75"
2026-10-07 11:33,"17,1",67,"10,9","0,64","9,75"
2026-10-07 11:34,"17,1",67,"10,9","0,64","9,75"
2026-10-07 11:35,"17,1",67,"10,9","0,64","9,75"
2026-10-07 11:36,"17,1",67,"10,9","0,64","9,75"
2026-10-07 11:37,"17,1",67,"10,9","0,64","9,75"
2026-10-07 11:38,"17,1",67,"10,9","0,64","9,75"
2026-10-07 11:39,"17,1",67,"10,9","0,64","9,75"
2026-10-07 11:40,"17,1",67,"10,9","0,64","9,75"
2026-10-07 11:41,"17,1",67,"10,9","0,64","9,75"
2026-10-07 11:42,"17,1",67,"10,9","0,64","9,75"
2026-10-07 11:43,"17,1",67,"10,9","0,64","9,75"
2026-10-07 11:44,"17,1",67,"10,9","0,64","9,75"
2026-10-07 11:45,"17,1",68,"11,1","0,62","9,90"
2026-10-07 11:46,"17,1",68,"11,1","0,62","9,90"
2026-10-07 11:47,"17,1",68,"11,1","0,62","9,90"
2026-10-07 11:48,"17,1",68,"11,1","0,62","9,90"
2026-10-07 11:49,"17,1",68,"11,1","0,62","9,90"
2026-10-07 11:50,"17,1",68,"11,1","0,62","9,90"
2026-10-07 11:51,"17,1",68,"11,1","0,62","9,90"
2026-10-07 11:52,"17,1",68,"11,1","0,62","9,90"
2026-10-07 11:53,"17,1",68,"11,1","0,62","9,90"
2026-10-07 11:54,"17,1",68,"11,1","0,62","9,90"
2026-10-07 11:55,"17,1",68,"11,1","0,62","9,90"
2026-10-07 11:56,"17,1",68,"11,1","0,62","9,90"
2026-10-07 11:57,"17,1",68,"11,1","0,62","9,90"
2026-10-07 11:58,"17,1",68,"11,1","0,62","9,90"
2026-10-07 11:59,"17,1",68,"11,1","0,62","9,90"
2026-10-07 12:00,"17,1",68,"11,1","0,62","9,90"
2026-10-07 12:01,"17,1",68,"11,1","0,62","9,90"
2026-10-07 12:02,"17,1",68,"11,1","0,62","9,90"
2026-10-07 12:03,"17,1",68,"11,1","0,62","9,90"
2026-10-07 12:04,"17,1",68,"11,1","0,62","9,90"
2026-10-07 12:05,"17,1",68,"11,1","0,62","9,90"
2026-10-07 12:06,"17,1",68,"11,1","0,62","9,90"
2026-10-07 12:07,"17,1",68,"11,1","0,62","9,90"
2026-10-07 12:08,"17,1",68,"11,1","0,62","9,90"
2026-10-07 12:09,"17,1",68,"11,1","0,62","9,90"
2026-10-07 12:10,"17,1",68,"11,1","0,62","9,90"
2026-10-07 12:11,"17,1",68,"11,1","0,62","9,90"
2026-10-07 12:12,"17,1",68,"11,1","0,62","9,90"
2026-10-07 12:13,"17,1",68,"11,1","0,62","9,90"
2026-10-07 12:14,"17,1",68,"11,1","0,62","9,90"
2026-10-07 12:15,"17,1",68,"11,1","0,62","9,90"
2026-10-07 12:16,"17,1",68,"11,1","0,62","9,90"
2026-10-07 12:17,"17,1",68,"11,1","0,62","9,90"
2026-10-07 12:18,"17,1",68,"11,1","0,62","9,90"
2026-10-07 12:19,"17,1",68,"11,1","0,62","9,90"
2026-10-07 12:20,"17,1",68,"11,1","0,62","9,90"
2026-10-07 12:21,"17,1",68,"11,1","0,62","9,90"
2026-10-07 12:22,"17,1",68,"11,1","0,62","9,90"
2026-10-07 12:23,"17,1",68,"11,1","0,62","9,90"
2026-10-07 12:24,"17,1",68,"11,1","0,62","9,90"
2026-10-07 12:25,"17,1",68,"11,1","0,62","9,90"
2026-10-07 12:26,"17,1",68,"11,1","0,62","9,90"
2026-10-07 12:27,"17,1",68,"11,1","0,62","9,90"
2026-10-07 12:28,"17,1",68,"11,1","0,62","9,90"
2026-10-07 12:29,"17,1",68,"11,1","0,62","9,90"
2026-10-07 12:30,"17,1",68,"11,1","0,62","9,90"
2026-10-07 12:31,"17,1",68,"11,1","0,62","9,90"
2026-10-07 12:32,"17,1",68,"11,1","0,62","9,90"
2026-10-07 12:33,"17,1",68,"11,1","0,62","9,90"
2026-10-07 12:34,"17,1",68,"11,1","0,62","9,90"
2026-10-07 12:35,"17,1",68,"11,1","0,62","9,90"
2026-10-07 12:36,"17,1",68,"11,1","0,62","9,90"
2026-10-07 12:37,"17,1",68,"11,1","0,62","9,90"
2026-10-07 12:38,"17,1",68,"11,1","0,62","9,90"
2026-10-07 12:39,"17,1",69,"11,4","0,60","10,04"
2026-10-07 12:40,"17,1",69,"11,4","0,60","10,04"
2026-10-07 12:41,"17,1",69,"11,4","0,60","10,04"
2026-10-07 12:42,"17,1",69,"11,4","0,60","10,04"
2026-10-07 12:43,"17,1",69,"11,4","0,60","10,04"
2026-10-07 12:44,"17,1",69,"11,4","0,60","10,04"
2026-10-07 12:45,"17,1",69,"11,4","0,60","10,04"
2026-10-07 12:46,"17,1",69,"11,4","0,60","10,04"
2026-10-07 12:47,"17,1",69,"11,4","0,60","10,04"
2026-10-07 12:48,"17,1",69,"11,4","0,60","10,04"
2026-10-07 12:49,"17,1",69,"11,4","0,60","10,04"
2026-10-07 12:50,"17,1",69,"11,4","0,60","10,04"
2026-10-07 12:51,"17,1",69,"11,4","0,60","10,04"
2026-10-07 12:52,"17,1",69,"11,4","0,60","10,04"
2026-10-07 12:53,"17,1",69,"11,4","0,60","10,04"
2026-10-07 12:54,"17,1",69,"11,4","0,60","10,04"
2026-10-07 12:55,"17,1",69,"11,4","0,60","10,04"
2026-10-07 12:56,"17,1",69,"11,4","0,60","10,04"
2026-10-07 12:57,"17,1",69,"11,4","0,60","10,04"
2026-10-07 12:58,"17,1",69,"11,4","0,60","10,04"
2026-10-07 12:59,"17,1",69,"11,4","0,60","10,04"
2026-10-07 13:00,"17,1",69,"11,4","0,60","10,04"
2026-10-07 13:01,"17,1",69,"11,4","0,60","10,04"
2026-10-07 13:02,"17,1",69,"11,4","0,60","10,04"
2026-10-07 13:03,"17,1",69,"11,4","0,60","10,04"
2026-10-07 13:04,"17,1",69,"11,4","0,60","10,04"
2026-10-07 13:05,"17,1",69,"11,4","0,60","10,04"
2026-10-07 13:06,"17,1",69,"11,4","0,60","10,04"
2026-10-07 13:07,"17,1",69,"11,4","0,60","10,04"
2026-10-07 13:08,"17,1",69,"11,4","0,60","10,04"
2026-10-07 13:09,"17,1",69,"11,4","0,60","10,04"
2026-10-07 13:10,"17,1",69,"11,4","0,60","10,04"
2026-10-07 13:11,"17,1",69,"11,4","0,60","10,04"
2026-10-07 13:12,"17,1",69,"11,4","0,60","10,04"
2026-10-07 13:13,"17,1",69,"11,4","0,60","10,04"
2026-10-07 13:14,"17,1",69,"11,4","0,60","10,04"
2026-10-07 13:15,"17,1",69,"11,4","0,60","10,04"
2026-10-07 13:16,"17,1",69,"11,4","0,60","10,04"
2026-10-07 13:17,"17,1",69,"11,4","0,60","10,04"
2026-10-07 13:18,"17,1",69,"11,4","0,60","10,04"
2026-10-07 13:19,"17,1",69,"11,4","0,60","10,04"
2026-10-07 13:20,"17,1",69,"11,4","0,60","10,04"
2026-10-07 13:21,"17,1",69,"11,4","0,60","10,04"
2026-10-07 13:22,"17,1",69,"11,4","0,60","10,04"
2026-10-07 13:23,"17,1",69,"11,4","0,60","10,04"
2026-10-07 13:24,"17,1",69,"11,4","0,60","10,04"
2026-10-07 13:25,"17,1",69,"11,4","0,60","10,04"
2026-10-07 13:26,"17,1",69,"11,4","0,60","10,04"
2026-10-07 13:27,"17,1",69,"11,4","0,60","10,04"
2026-10-07 13:28,"17,1",69,"11,4","0,60","10,04"
2026-10-07 13:29,"17,1",69,"11,4","0,60","10,04"
2026-10-07 13:30,"17,1",69,"11,4","0,60","10,04"
2026-10-07 13:31,"17,1",69,"11,4","0,60","10,04"
2026-10-07 13:32,"17,1",69,"11,4","0,60","10,04"
2026-10-07 13:33,"17,1",69,"11,4","0,60","10,04"
2026-10-07 13:34,"17,1",69,"11,4","0,60","10,04"
2026-10-07 13:35,"17,1",69,"11,4","0,60","10,04"
2026-10-07 13:36,"17,1",69,"11,4","0,60","10,04"
2026-10-07 13:37,"17,1",69,"11,4","0,60","10,04"
2026-10-07 13:38,"17,1",69,"11,4","0,60","10,04"
2026-10-07 13:39,"17,1",69,"11,4","0,60","10,04"
2026-10-07 13:40,"17,0",69,"11,3","0,60","10,01"
2026-10-07 13:41,"17,0",69,"11,3","0,60","9,98"
2026-10-07 13:42,"17,0",69,"11,3","0,60","9,98"
2026-10-07 13:43,"17,0",69,"11,3","0,60","9,98"
2026-10-07 13:44,"17,0",69,"11,3","0,60","9,98"
2026-10-07 13:45,"17,0",69,"11,3","0,60","9,98"
2026-10-07 13:46,"17,0",69,"11,3","0,60","9,98"
2026-10-07 13:47,"17,0",69,"11,3","0,60","9,98"
2026-10-07 13:48,"17,0",69,"11,3","0,60","9,98"
2026-10-07 13:49,"17,0",69,"11,3","0,60","9,98"
2026-10-07 13:50,"17,0",69,"11,3","0,60","9,98"
2026-10-07 13:51,"17,0",69,"11,3","0,60","9,98"
2026-10-07 13:52,"17,0",69,"11,3","0,60","9,98"
2026-10-07 13:53,"17,0",70,"11,5","0,58","10,13"
2026-10-07 13:54,"17,0",70,"11,5","0,58","10,13"
2026-10-07 13:55,"17,0",70,"11,5","0,58","10,13"
2026-10-07 13:56,"17,0",70,"11,5","0,58","10,13"
2026-10-07 13:57,"17,0",70,"11,5","0,58","10,13"
2026-10-07 13:58,"17,0",70,"11,5","0,58","10,13"
2026-10-07 13:59,"17,0",70,"11,5","0,58","10,13"
2026-10-07 14:00,"17,0",70,"11,5","0,58","10,13"
2026-10-07 14:01,"17,0",70,"11,5","0,58","10,13"
2026-10-07 14:02,"17,0",70,"11,5","0,58","10,13"
2026-10-07 14:03,"17,0",70,"11,5","0,58","10,13"
2026-10-07 14:04,"17,0",70,"11,5","0,58","10,13"
2026-10-07 14:05,"17,0",70,"11,5","0,58","10,13"
2026-10-07 14:06,"17,0",70,"11,5","0,58","10,13"
2026-10-07 14:07,"17,0",70,"11,5","0,58","10,13"
2026-10-07 14:08,"17,0",70,"11,5","0,58","10,13"
2026-10-07 14:09,"17,0",70,"11,5","0,58","10,13"
2026-10-07 14:10,"17,0",70,"11,5","0,58","10,13"
2026-10-07 14:11,"17,0",70,"11,5","0,58","10,13"
2026-10-07 14:12,"17,0",70,"11,5","0,58","10,13"
2026-10-07 14:13,"17,0",70,"11,5","0,58","10,13"
2026-10-07 14:14,"17,0",70,"11,5","0,58","10,13"
2026-10-07 14:15,"17,0",70,"11,5","0,58","10,13"
2026-10-07 14:16,"17,0",70,"11,5","0,58","10,13"
2026-10-07 14:17,"17,0",70,"11,5","0,58","10,13"
2026-10-07 14:18,"17,0",70,"11,5","0,58","10,13"
2026-10-07 14:19,"17,0",70,"11,5","0,58","10,13"
2026-10-07 14:20,"17,0",70,"11,5","0,58","10,13"
2026-10-07 14:21,"17,0",70,"11,5","0,58","10,13"
2026-10-07 14:22,"17,0",70,"11,5","0,58","10,13"
2026-10-07 14:23,"17,0",70,"11,5","0,58","10,13"
2026-10-07 14:24,"17,0",70,"11,5","0,58","10,13"
2026-10-07 14:25,"17,0",70,"11,5","0,58","10,13"
2026-10-07 14:26,"17,0",70,"11,5","0,58","10,13"
2026-10-07 14:27,"17,0",70,"11,5","0,58","10,13"
2026-10-07 14:28,"17,0",70,"11,5","0,58","10,13"
2026-10-07 14:29,"17,0",70,"11,5","0,58","10,13"
2026-10-07 14:30,"17,0",70,"11,5","0,58","10,13"
2026-10-07 14:31,"17,0",70,"11,5","0,58","10,13"
2026-10-07 14:32,"17,0",70,"11,5","0,58","10,13"
2026-10-07 14:33,"17,0",70,"11,5","0,58","10,13"
2026-10-07 14:34,"17,0",70,"11,5","0,58","10,13"
2026-10-07 14:35,"17,0",70,"11,5","0,58","10,13"
2026-10-07 14:36,"17,0",70,"11,5","0,58","10,13"
2026-10-07 14:37,"17,0",70,"11,5","0,58","10,13"
2026-10-07 14:38,"17,0",70,"11,5","0,58","10,13"
2026-10-07 14:39,"17,0",70,"11,5","0,58","10,13"
2026-10-07 14:40,"17,0",70,"11,5","0,58","10,13"
2026-10-07 14:41,"17,0",70,"11,5","0,58","10,13"
2026-10-07 14:42,"17,0",70,"11,5","0,58","10,13"
2026-10-07 14:43,"17,0",70,"11,5","0,58","10,13"
2026-10-07 14:44,"17,0",70,"11,5","0,58","10,13"
2026-10-07 14:45,"17,0",70,"11,5","0,58","10,13"
2026-10-07 14:46,"17,0",70,"11,5","0,58","10,13"
2026-10-07 14:47,"17,0",70,"11,5","0,58","10,13"
2026-10-07 14:48,"17,0",70,"11,5","0,58","10,13"
2026-10-07 14:49,"17,0",70,"11,5","0,58","10,13"
2026-10-07 14:50,"17,0",70,"11,5","0,58","10,13"
2026-10-07 14:51,"17,0",70,"11,5","0,58","10,13"
2026-10-07 14:52,"17,0",70,"11,5","0,58","10,13"
2026-10-07 14:53,"17,0",70,"11,5","0,58","10,13"
2026-10-07 14:54,"17,0",70,"11,5","0,58","10,13"
2026-10-07 14:55,"17,0",70,"11,5","0,58","10,13"
2026-10-07 14:56,"17,0",70,"11,5","0,58","10,13"
2026-10-07 14:57,"17,0",70,"11,5","0,58","10,13"
2026-10-07 14:58,"17,0",70,"11,5","0,58","10,13"
2026-10-07 14:59,"17,0",70,"11,5","0,58","10,13"
2026-10-07 15:00,"17,0",70,"11,5","0,58","10,13"
2026-10-07 15:01,"17,0",70,"11,5","0,58","10,13"
2026-10-07 15:02,"17,0",70,"11,5","0,58","10,13"
2026-10-07 15:03,"17,0",70,"11,5","0,58","10,13"
2026-10-07 15:04,"17,0",70,"11,5","0,58","10,13"
2026-10-07 15:05,"17,0",70,"11,5","0,58","10,13"
2026-10-07 15:06,"17,0",70,"11,5","0,58","10,13"
2026-10-07 15:07,"17,0",70,"11,5","0,58","10,13"
2026-10-07 15:08,"17,0",70,"11,5","0,58","10,13"
2026-10-07 15:09,"17,0",70,"11,5","0,58","10,13"
2026-10-07 15:10,"17,0",70,"11,5","0,58","10,13"
2026-10-07 15:11,"17,0",70,"11,5","0,58","10,13"
2026-10-07 15:12,"17,0",70,"11,5","0,58","10,13"
2026-10-07 15:13,"17,0",70,"11,5","0,58","10,13"
2026-10-07 15:14,"17,0",70,"11,5","0,58","10,13"
2026-10-07 15:15,"17,0",70,"11,5","0,58","10,13"
2026-10-07 15:16,"17,0",70,"11,5","0,58","10,16"
2026-10-07 15:17,"17,1",70,"11,6","0,58","10,19"
2026-10-07 15:18,"17,1",70,"11,6","0,58","10,19"
2026-10-07 15:19,"17,1",70,"11,6","0,58","10,19"
2026-10-07 15:20,"17,1",70,"11,6","0,58","10,19"
2026-10-07 15:21,"17,1",70,"11,6","0,58","10,19"
2026-10-07 15:22,"17,1",70,"11,6","0,58","10,19"
2026-10-07 15:23,"17,1",70,"11,6","0,58","10,19"
2026-10-07 15:24,"17,1",70,"11,6","0,58","10,19"
2026-10-07 15:25,"17,1",70,"11,6","0,58","10,19"
2026-10-07 15:26,"17,1",70,"11,6","0,58","10,19"
2026-10-07 15:27,"17,1",70,"11,6","0,58","10,19"
2026-10-07 15:28,"17,1",70,"11,6","0,58","10,19"
2026-10-07 15:29,"17,1",70,"11,6","0,58","10,19"
2026-10-07 15:30,"17,1",70,"11,6","0,58","10,19"
2026-10-07 15:31,"17,1",70,"11,6","0,58","10,19"
2026-10-07 15:32,"17,1",70,"11,6","0,58","10,19"
2026-10-07 15:33,"17,1",70,"11,6","0,58","10,19"
2026-10-07 15:34,"17,1",70,"11,6","0,58","10,19"
2026-10-07 15:35,"17,1",70,"11,6","0,58","10,19"
2026-10-07 15:36,"17,1",70,"11,6","0,58","10,19"
2026-10-07 15:37,"17,1",70,"11,6","0,58","10,19"
2026-10-07 15:38,"17,1",70,"11,6","0,58","10,19"
2026-10-07 15:39,"17,1",70,"11,6","0,58","10,19"
2026-10-07 15:40,"17,1",70,"11,6","0,58","10,19"
2026-10-07 15:41,"17,1",70,"11,6","0,58","10,19"
2026-10-07 15:42,"17,1",70,"11,6","0,58","10,19"
2026-10-07 15:43,"17,1",70,"11,6","0,58","10,19"
2026-10-07 15:44,"17,1",70,"11,6","0,58","10,19"
2026-10-07 15:45,"17,1",70,"11,6","0,58","10,19"
2026-10-07 15:46,"17,1",70,"11,6","0,58","10,19"
2026-10-07 15:47,"17,1",70,"11,6","0,58","10,19"
2026-10-07 15:48,"17,1",70,"11,6","0,58","10,19"
2026-10-07 15:49,"17,1",70,"11,6","0,58","10,19"
2026-10-07 15:50,"17,1",70,"11,6","0,58","10,19"
2026-10-07 15:51,"17,1",70,"11,6","0,58","10,19"
2026-10-07 15:52,"17,1",70,"11,6","0,58","10,19"
2026-10-07 15:53,"17,1",70,"11,6","0,58","10,19"
2026-10-07 15:54,"17,1",70,"11,6","0,58","10,19"
2026-10-07 15:55,"17,1",70,"11,6","0,58","10,19"
2026-10-07 15:56,"17,1",70,"11,6","0,58","10,19"
2026-10-07 15:57,"17,1",70,"11,6","0,58","10,19"
2026-10-07 15:58,"17,1",70,"11,6","0,58","10,19"
2026-10-07 15:59,"17,1",70,"11,6","0,58","10,19"
2026-10-07 16:00,"17,1",70,"11,6","0,58","10,19"
2026-10-07 16:01,"17,1",70,"11,6","0,58","10,19"
2026-10-07 16:02,"17,1",70,"11,6","0,58","10,19"
2026-10-07 16:03,"17,1",70,"11,6","0,58","10,19"
2026-10-07 16:04,"17,1",70,"11,6","0,58","10,19"
2026-10-07 16:05,"17,1",70,"11,6","0,58","10,19"
2026-10-07 16:06,"17,1",70,"11,6","0,58","10,19"
2026-10-07 16:07,"17,1",70,"11,6","0,58","10,19"
2026-10-07 16:08,"17,1",70,"11,6","0,58","10,19"
2026-10-07 16:09,"17,1",70,"11,6","0,58","10,19"
2026-10-07 16:10,"17,1",70,"11,6","0,58","10,19"
2026-10-07 16:11,"17,1",70,"11,6","0,58","10,19"
2026-10-07 16:12,"17,1",70,"11,6","0,58","10,19"
2026-10-07 16:13,"17,1",70,"11,6","0,58","10,19"
2026-10-07 16:14,"17,1",70,"11,6","0,58","10,19"
2026-10-07 16:15,"17,1",70,"11,6","0,58","10,19"
2026-10-07 16:16,"17,1",70,"11,6","0,58","10,19"
2026-10-07 16:17,"17,1",70,"11,6","0,58","10,19"
2026-10-07 16:18,"17,1",70,"11,6","0,58","10,19"
2026-10-07 16:19,"17,1",70,"11,6","0,58","10,19"
2026-10-07 16:20,"17,1",70,"11,6","0,58","10,19"
2026-10-07 16:21,"17,1",70,"11,6","0,58","10,19"
2026-10-07 16:22,"17,1",70,"11,6","0,58","10,19"
2026-10-07 16:23,"17,1",70,"11,6","0,58","10,19"
2026-10-07 16:24,"17,1",70,"11,6","0,58","10,19"
2026-10-07 16:25,"17,1",70,"11,6","0,58","10,19"
2026-10-07 16:26,"17,1",70,"11,6","0,58","10,19"
2026-10-07 16:27,"17,1",70,"11,6","0,58","10,19"
2026-10-07 16:28,"17,1",70,"11,6","0,58","10,19"
2026-10-07 16:29,"17,1",70,"11,6","0,58","10,19"
2026-10-07 16:30,"17,1",70,"11,6","0,58","10,19"
2026-10-07 16:31,"17,1",70,"11,6","0,58","10,19"
2026-10-07 16:32,"17,1",70,"11,6","0,58","10,19"
2026-10-07 16:33,"17,1",70,"11,6","0,58","10,19"
2026-10-07 16:34,"17,1",70,"11,6","0,58","10,19"
2026-10-07 16:35,"17,1",70,"11,6","0,58","10,19"
2026-10-07 16:36,"17,1",70,"11,6","0,58","10,19"
2026-10-07 16:37,"17,1",70,"11,6","0,58","10,19"
2026-10-07 16:38,"17,1",70,"11,6","0,58","10,19"
2026-10-07 16:39,"17,1",71,"11,8","0,57","10,34"
2026-10-07 16:40,"17,1",71,"11,8","0,57","10,34"
2026-10-07 16:41,"17,1",71,"11,8","0,57","10,34"
2026-10-07 16:42,"17,1",71,"11,8","0,57","10,34"
2026-10-07 16:43,"17,1",71,"11,8","0,57","10,34"
2026-10-07 16:44,"17,0",71,"11,7","0,56","10,30"
2026-10-07 16:45,"17,0",71,"11,7","0,56","10,27"
2026-10-07 16:46,"17,0",71,"11,7","0,56","10,27"
2026-10-07 16:47,"17,0",71,"11,7","0,56","10,27"
2026-10-07 16:48,"17,0",71,"11,7","0,56","10,27"
2026-10-07 16:49,"17,0",71,"11,7","0,56","10,27"
2026-10-07 16:50,"17,0",71,"11,7","0,56","10,27"
2026-10-07 16:51,"17,0",71,"11,7","0,56","10,27"
2026-10-07 16:52,"17,0",71,"11,7","0,56","10,27"
2026-10-07 16:53,"17,0",71,"11,7","0,56","10,27"
2026-10-07 16:54,"17,0",71,"11,7","0,56","10,27"
2026-10-07 16:55,"17,0",71,"11,7","0,56","10,27"
2026-10-07 16:56,"17,0",71,"11,7","0,56","10,27"
2026-10-07 16:57,"17,0",71,"11,7","0,56","10,27"
2026-10-07 16:58,"17,0",71,"11,7","0,56","10,27"
2026-10-07 16:59,"17,0",71,"11,7","0,56","10,27"
2026-10-07 17:00,"17,0",71,"11,7","0,56","10,27"
2026-10-07 17:01,"17,0",71,"11,7","0,56","10,27"
2026-10-07 17:02,"17,0",71,"11,7","0,56","10,27"
2026-10-07 17:03,"17,0",71,"11,7","0,56","10,27"
2026-10-07 17:04,"17,0",71,"11,7","0,56","10,27"
2026-10-07 17:05,"17,0",71,"11,7","0,56","10,27"
2026-10-07 17:06,"17,0",71,"11,7","0,56","10,27"
2026-10-07 17:07,"17,0",71,"11,7","0,56","10,27"
2026-10-07 17:08,"17,0",71,"11,7","0,56","10,27"
2026-10-07 17:09,"17,0",71,"11,7","0,56","10,27"
2026-10-07 17:10,"17,0",71,"11,7","0,56","10,27"
2026-10-07 17:11,"17,0",71,"11,7","0,56","10,27"
2026-10-07 17:12,"17,0",71,"11,7","0,56","10,27"
2026-10-07 17:13,"17,0",71,"11,7","0,56","10,27"
2026-10-07 17:14,"17,0",71,"11,7","0,56","10,27"
2026-10-07 17:15,"17,0",71,"11,7","0,56","10,27"
2026-10-07 17:16,"17,0",71,"11,7","0,56","10,27"
2026-10-07 17:17,"17,0",71,"11,7","0,56","10,27"
2026-10-07 17:18,"17,0",71,"11,7","0,56","10,27"
2026-10-07 17:19,"17,0",71,"11,7","0,56","10,27"
2026-10-07 17:20,"17,0",71,"11,7","0,56","10,27"
2026-10-07 17:21,"17,0",71,"11,7","0,56","10,27"
2026-10-07 17:22,"17,0",71,"11,7","0,56","10,27"
2026-10-07 17:23,"17,0",71,"11,7","0,56","10,27"
2026-10-07 17:24,"17,0",71,"11,7","0,56","10,27"
2026-10-07 17:25,"17,0",71,"11,7","0,56","10,27"
2026-10-07 17:26,"17,0",71,"11,7","0,56","10,27"
2026-10-07 17:27,"17,0",71,"11,7","0,56","10,27"
2026-10-07 17:28,"17,0",71,"11,7","0,56","10,27"
2026-10-07 17:29,"17,0",71,"11,7","0,56","10,27"
2026-10-07 17:30,"17,0",71,"11,7","0,56","10,27"
2026-10-07 17:31,"17,0",71,"11,7","0,56","10,27"
2026-10-07 17:32,"17,0",71,"11,7","0,56","10,27"
2026-10-07 17:33,"17,0",71,"11,7","0,56","10,27"
2026-10-07 17:34,"17,0",71,"11,7","0,56","10,27"
2026-10-07 17:35,"17,0",71,"11,7","0,56","10,27"
2026-10-07 17:36,"17,0",71,"11,7","0,56","10,27"
2026-10-07 17:37,"17,0",71,"11,7","0,56","10,27"
2026-10-07 17:38,"17,0",71,"11,7","0,56","10,27"
2026-10-07 17:39,"17,0",71,"11,7","0,56","10,27"
2026-10-07 17:40,"17,0",71,"11,7","0,56","10,27"
2026-10-07 17:41,"17,0",71,"11,7","0,56","10,27"
2026-10-07 17:42,"17,0",71,"11,7","0,56","10,27"
2026-10-07 17:43,"17,0",71,"11,7","0,56","10,27"
2026-10-07 17:44,"17,0",71,"11,7","0,56","10,27"
2026-10-07 17:45,"17,0",71,"11,7","0,56","10,27"
2026-10-07 17:46,"17,0",71,"11,7","0,56","10,27"
2026-10-07 17:47,"17,0",71,"11,7","0,56","10,27"
2026-10-07 17:48,"17,0",71,"11,7","0,56","10,27"
2026-10-07 17:49,"17,0",71,"11,7","0,56","10,27"
2026-10-07 17:50,"17,0",71,"11,7","0,56","10,27"
2026-10-07 17:51,"17,0",71,"11,7","0,56","10,27"
2026-10-07 17:52,"17,0",71,"11,7","0,56","10,27"
2026-10-07 17:53,"17,0",71,"11,7","0,56","10,27"
2026-10-07 17:54,"17,0",71,"11,7","0,56","10,27"
2026-10-07 17:55,"17,0",71,"11,7","0,56","10,27"
2026-10-07 17:56,"17,0",71,"11,7","0,56","10,27"
2026-10-07 17:57,"17,0",71,"11,7","0,56","10,27"
2026-10-07 17:58,"17,0",71,"11,7","0,56","10,27"
2026-10-07 17:59,"17,0",71,"11,7","0,56","10,27"
2026-10-07 18:00,"17,0",71,"11,7","0,56","10,27"
2026-10-07 18:01,"17,0",71,"11,7","0,56","10,27"
2026-10-07 18:02,"17,0",71,"11,7","0,56","10,27"
2026-10-07 18:03,"17,0",71,"11,7","0,56","10,27"
2026-10-07 18:04,"17,0",71,"11,7","0,56","10,27"
2026-10-07 18:05,"17,0",71,"11,7","0,56","10,27"
2026-10-07 18:06,"17,0",71,"11,7","0,56","10,27"
2026-10-07 18:07,"17,0",71,"11,7","0,56","10,27"
2026-10-07 18:08,"17,0",71,"11,7","0,56","10,27"
2026-10-07 18:09,"17,0",71,"11,7","0,56","10,27"
2026-10-07 18:10,"17,0",71,"11,7","0,56","10,27"
2026-10-07 18:11,"17,0",71,"11,7","0,56","10,27"
2026-10-07 18:12,"17,0",71,"11,7","0,56","10,27"
2026-10-07 18:13,"17,0",71,"11,7","0,56","10,27"
2026-10-07 18:14,"17,0",71,"11,7","0,56","10,27"
2026-10-07 18:15,"17,0",71,"11,7","0,56","10,27"
2026-10-07 18:16,"17,0",71,"11,7","0,56","10,27"
2026-10-07 18:17,"17,0",71,"11,7","0,56","10,27"
2026-10-07 18:18,"17,0",71,"11,7","0,56","10,27"
2026-10-07 18:19,"17,0",71,"11,7","0,56","10,27"
2026-10-07 18:20,"17,0",71,"11,7","0,56","10,27"
2026-10-07 18:21,"17,0",71,"11,7","0,56","10,27"
2026-10-07 18:22,"17,0",71,"11,7","0,56","10,27"
2026-10-07 18:23,"17,0",71,"11,7","0,56","10,27"
2026-10-07 18:24,"17,0",71,"11,7","0,56","10,27"
2026-10-07 18:25,"17,0",71,"11,7","0,56","10,27"
2026-10-07 18:26,"17,0",71,"11,7","0,56","10,27"
2026-10-07 18:27,"17,0",71,"11,7","0,56","10,27"
2026-10-07 18:28,"17,0",71,"11,7","0,56","10,27"
2026-10-07 18:29,"17,0",71,"11,7","0,56","10,27"
2026-10-07 18:30,"17,0",71,"11,7","0,56","10,27"
2026-10-07 18:31,"17,0",71,"11,7","0,56","10,27"
2026-10-07 18:32,"17,0",71,"11,7","0,56","10,27"
2026-10-07 18:33,"17,0",71,"11,7","0,56","10,27"
2026-10-07 18:34,"17,0",71,"11,7","0,56","10,27"
2026-10-07 18:35,"17,0",71,"11,7","0,56","10,27"
2026-10-07 18:36,"17,0",71,"11,7","0,56","10,27"
2026-10-07 18:37,"17,0",71,"11,7","0,56","10,27"
2026-10-07 18:38,"17,0",71,"11,7","0,56","10,27"
2026-10-07 18:39,"17,0",71,"11,7","0,56","10,27"
2026-10-07 18:40,"17,0",71,"11,7","0,56","10,30"
2026-10-07 18:41,"17,1",71,"11,8","0,57","10,34"
2026-10-07 18:42,"17,1",71,"11,8","0,57","10,34"
2026-10-07 18:43,"17,1",71,"11,8","0,57","10,34"
2026-10-07 18:44,"17,1",71,"11,8","0,57","10,34"
2026-10-07 18:45,"17,1",71,"11,8","0,57","10,34"
2026-10-07 18:46,"17,1",71,"11,8","0,57","10,34"
2026-10-07 18:47,"17,1",71,"11,8","0,57","10,34"
2026-10-07 18:48,"17,1",71,"11,8","0,57","10,34"
2026-10-07 18:49,"17,1",71,"11,8","0,57","10,34"
2026-10-07 18:50,"17,1",71,"11,8","0,57","10,34"
2026-10-07 18:51,"17,1",71,"11,8","0,57","10,34"
2026-10-07 18:52,"17,1",71,"11,8","0,57","10,34"
2026-10-07 18:53,"17,1",71,"11,8","0,57","10,34"
2026-10-07 18:54,"17,1",71,"11,8","0,57","10,34"
2026-10-07 18:55,"17,1",71,"11,8","0,57","10,34"
2026-10-07 18:56,"17,1",71,"11,8","0,57","10,34"
2026-10-07 18:57,"17,1",71,"11,8","0,57","10,34"
2026-10-07 18:58,"17,1",71,"11,8","0,57","10,34"
2026-10-07 18:59,"17,1",71,"11,8","0,57","10,34"
2026-10-07 19:00,"17,1",71,"11,8","0,57","10,34"
2026-10-07 19:01,"17,1",71,"11,8","0,57","10,34"
2026-10-07 19:02,"17,1",71,"11,8","0,57","10,34"
2026-10-07 19:03,"17,1",71,"11,8","0,57","10,34"
2026-10-07 19:04,"17,1",71,"11,8","0,57","10,34"
2026-10-07 19:05,"17,1",71,"11,8","0,57","10,34"
2026-10-07 19:06,"17,1",71,"11,8","0,57","10,34"
2026-10-07 19:07,"17,1",71,"11,8","0,57","10,34"
2026-10-07 19:08,"17,1",71,"11,8","0,57","10,34"
2026-10-07 19:09,"17,1",71,"11,8","0,57","10,34"
2026-10-07 19:10,"17,1",71,"11,8","0,57","10,34"
2026-10-07 19:11,"17,1",71,"11,8","0,57","10,34"
2026-10-07 19:12,"17,1",71,"11,8","0,57","10,34"
2026-10-07 19:13,"17,1",71,"11,8","0,57","10,34"
2026-10-07 19:14,"17,1",71,"11,8","0,57","10,34"
2026-10-07 19:15,"17,1",71,"11,8","0,57","10,34"
2026-10-07 19:16,"17,1",71,"11,8","0,57","10,34"
2026-10-07 19:17,"17,1",71,"11,8","0,57","10,34"
2026-10-07 19:18,"17,1",71,"11,8","0,57","10,34"
2026-10-07 19:19,"17,1",71,"11,8","0,57","10,34"
2026-10-07 19:20,"17,1",71,"11,8","0,57","10,34"
2026-10-07 19:21,"17,1",71,"11,8","0,57","10,34"
2026-10-07 19:22,"17,1",71,"11,8","0,57","10,34"
2026-10-07 19:23,"17,1",71,"11,8","0,57","10,34"
2026-10-07 19:24,"17,1",71,"11,8","0,57","10,34"
2026-10-07 19:25,"17,1",71,"11,8","0,57","10,34"
2026-10-07 19:26,"17,1",71,"11,8","0,57","10,34"
2026-10-07 19:27,"17,1",71,"11,8","0,57","10,34"
2026-10-07 19:28,"17,1",71,"11,8","0,57","10,34"
2026-10-07 19:29,"17,1",71,"11,8","0,57","10,34"
2026-10-07 19:30,"17,1",71,"11,8","0,57","10,34"
2026-10-07 19:31,"17,1",71,"11,8","0,57","10,34"
2026-10-07 19:32,"17,1",71,"11,8","0,57","10,34"
2026-10-07 19:33,"17,1",71,"11,8","0,57","10,34"
2026-10-07 19:34,"17,1",71,"11,8","0,57","10,34"
2026-10-07 19:35,"17,1",71,"11,8","0,57","10,34"
2026-10-07 19:36,"17,1",71,"11,8","0,57","10,34"
2026-10-07 19:37,"17,1",71,"11,8","0,57","10,34"
2026-10-07 19:38,"17,1",71,"11,8","0,57","10,34"
2026-10-07 19:39,"17,1",71,"11,8","0,57","10,34"
2026-10-07 19:40,"17,1",71,"11,8","0,57","10,34"
2026-10-07 19:41,"17,1",71,"11,8","0,57","10,34"
2026-10-07 19:42,"17,1",71,"11,8","0,57","10,34"
2026-10-07 19:43,"17,1",71,"11,8","0,57","10,34"
2026-10-07 19:44,"17,1",71,"11,8","0,57","10,34"
2026-10-07 19:45,"17,1",71,"11,8","0,57","10,34"
2026-10-07 19:46,"17,1",71,"11,8","0,57","10,34"
2026-10-07 19:47,"17,1",71,"11,8","0,57","10,34"
2026-10-07 19:48,"17,1",71,"11,8","0,57","10,34"
2026-10-07 19:49,"17,1",71,"11,8","0,57","10,34"
2026-10-07 19:50,"17,1",71,"11,8","0,57","10,34"
2026-10-07 19:51,"17,1",71,"11,8","0,57","10,34"
2026-10-07 19:52,"17,1",71,"11,8","0,57","10,34"
2026-10-07 19:53,"17,1",71,"11,8","0,57","10,34"
2026-10-07 19:54,"17,1",71,"11,8","0,57","10,34"
2026-10-07 19:55,"17,1",71,"11,8","0,57","10,34"
2026-10-07 19:56,"17,1",71,"11,8","0,57","10,34"
2026-10-07 19:57,"17,1",71,"11,8","0,57","10,34"
2026-10-07 19:58,"17,1",71,"11,8","0,57","10,34"
2026-10-07 19:59,"17,1",71,"11,8","0,57","10,34"
2026-10-07 20:00,"17,1",71,"11,8","0,57","10,34"
2026-10-07 20:01,"17,1",71,"11,8","0,57","10,34"
2026-10-07 20:02,"17,1",71,"11,8","0,57","10,34"
2026-10-07 20:03,"17,1",71,"11,8","0,57","10,34"
2026-10-07 20:04,"17,1",71,"11,8","0,57","10,34"
2026-10-07 20:05,"17,1",71,"11,8","0,57","10,34"
2026-10-07 20:06,"17,1",71,"11,8","0,57","10,34"
2026-10-07 20:07,"17,1",71,"11,8","0,57","10,34"
2026-10-07 20:08,"17,1",71,"11,8","0,57","10,34"
2026-10-07 20:09,"17,1",71,"11,8","0,57","10,34"
2026-10-07 20:10,"17,1",71,"11,8","0,57","10,34"
2026-10-07 20:11,"17,1",71,"11,8","0,57","10,34"
2026-10-07 20:12,"17,1",71,"11,8","0,57","10,34"
2026-10-07 20:13,"17,1",71,"11,8","0,57","10,34"
2026-10-07 20:14,"17,1",71,"11,8","0,57","10,34"
2026-10-07 20:15,"17,1",71,"11,8","0,57","10,34"
2026-10-07 20:16,"17,1",71,"11,8","0,57","10,34"
2026-10-07 20:17,"17,1",71,"11,8","0,57","10,34"
2026-10-07 20:18,"17,1",71,"11,8","0,57","10,34"
2026-10-07 20:19,"17,1",71,"11,8","0,57","10,34"
2026-10-07 20:20,"17,1",71,"11,8","0,57","10,34"
2026-10-07 20:21,"17,1",71,"11,8","0,57","10,34"
2026-10-07 20:22,"17,1",71,"11,8","0,57","10,34"
2026-10-07 20:23,"17,1",71,"11,8","0,57","10,34"
2026-10-07 20:24,"17,1",71,"11,8","0,57","10,34"
2026-10-07 20:25,"17,1",71,"11,8","0,57","10,34"
2026-10-07 20:26,"17,1",70,"11,6","0,58","10,19"
2026-10-07 20:27,"17,1",70,"11,6","0,58","10,19"
2026-10-07 20:28,"17,1",70,"11,6","0,58","10,19"
2026-10-07 20:29,"17,1",70,"11,6","0,58","10,19"
2026-10-07 20:30,"17,1",70,"11,6","0,58","10,19"
2026-10-07 20:31,"17,1",70,"11,6","0,58","10,19"
2026-10-07 20:32,"17,1",70,"11,6","0,58","10,19"
2026-10-07 20:33,"17,1",70,"11,6","0,58","10,19"
2026-10-07 20:34,"17,1",70,"11,6","0,58","10,19"
2026-10-07 20:35,"17,1",70,"11,6","0,58","10,19"
2026-10-07 20:36,"17,1",70,"11,6","0,58","10,19"
2026-10-07 20:37,"17,1",70,"11,6","0,58","10,19"
2026-10-07 20:38,"17,1",70,"11,6","0,58","10,19"
2026-10-07 20:39,"17,1",70,"11,6","0,58","10,19"
2026-10-07 20:40,"17,1",70,"11,6","0,58","10,19"
2026-10-07 20:41,"17,1",70,"11,6","0,58","10,19"
2026-10-07 20:42,"17,1",70,"11,6","0,58","10,19"
2026-10-07 20:43,"17,1",70,"11,6","0,58","10,19"
2026-10-07 20:44,"17,1",70,"11,6","0,58","10,19"
2026-10-07 20:45,"17,1",70,"11,6","0,58","10,19"
2026-10-07 20:46,"17,1",70,"11,6","0,58","10,19"
2026-10-07 20:47,"17,1",70,"11,6","0,58","10,19"
2026-10-07 20:48,"17,1",70,"11,6","0,58","10,19"
2026-10-07 20:49,"17,1",70,"11,6","0,58","10,19"
2026-10-07 20:50,"17,0",70,"11,5","0,58","10,16"
2026-10-07 20:51,"17,0",70,"11,5","0,58","10,13"
2026-10-07 20:52,"17,0",70,"11,5","0,58","10,13"
2026-10-07 20:53,"17,0",70,"11,5","0,58","10,13"
2026-10-07 20:54,"17,0",70,"11,5","0,58","10,13"
2026-10-07 20:55,"17,0",70,"11,5","0,58","10,13"
2026-10-07 20:56,"17,0",70,"11,5","0,58","10,13"
2026-10-07 20:57,"17,0",70,"11,5","0,58","10,13"
2026-10-07 20:58,"17,0",70,"11,5","0,58","10,13"
2026-10-07 20:59,"17,0",70,"11,5","0,58","10,13"
2026-10-07 21:00,"17,0",70,"11,5","0,58","10,13"
2026-10-07 21:01,"17,0",70,"11,5","0,58","10,13"
2026-10-07 21:02,"17,0",70,"11,5","0,58","10,13"
2026-10-07 21:03,"17,0",70,"11,5","0,58","10,13"
2026-10-07 21:04,"17,0",70,"11,5","0,58","10,13"
2026-10-07 21:05,"17,0",70,"11,5","0,58","10,13"
2026-10-07 21:06,"17,0",70,"11,5","0,58","10,13"
2026-10-07 21:07,"17,0",70,"11,5","0,58","10,13"
2026-10-07 21:08,"17,0",70,"11,5","0,58","10,13"
2026-10-07 21:09,"17,0",70,"11,5","0,58","10,13"
2026-10-07 21:10,"17,0",70,"11,5","0,58","10,13"
2026-10-07 21:11,"17,0",70,"11,5","0,58","10,13"
2026-10-07 21:12,"17,0",70,"11,5","0,58","10,13"
2026-10-07 21:13,"17,0",70,"11,5","0,58","10,13"
2026-10-07 21:14,"17,0",70,"11,5","0,58","10,13"
2026-10-07 21:15,"17,0",70,"11,5","0,58","10,13"
2026-10-07 21:16,"17,0",70,"11,5","0,58","10,13"
2026-10-07 21:17,"17,0",70,"11,5","0,58","10,13"
2026-10-07 21:18,"17,0",70,"11,5","0,58","10,13"
2026-10-07 21:19,"17,0",70,"11,5","0,58","10,13"
2026-10-07 21:20,"17,0",70,"11,5","0,58","10,13"
2026-10-07 21:21,"17,0",70,"11,5","0,58","10,13"
2026-10-07 21:22,"17,0",70,"11,5","0,58","10,13"
2026-10-07 21:23,"17,0",70,"11,5","0,58","10,13"
2026-10-07 21:24,"17,0",70,"11,5","0,58","10,13"
2026-10-07 21:25,"17,0",70,"11,5","0,58","10,13"
2026-10-07 21:26,"17,0",70,"11,5","0,58","10,13"
2026-10-07 21:27,"17,0",70,"11,5","0,58","10,13"
2026-10-07 21:28,"17,0",70,"11,5","0,58","10,13"
2026-10-07 21:29,"17,0",70,"11,5","0,58","10,13"
2026-10-07 21:30,"17,0",70,"11,5","0,58","10,13"
2026-10-07 21:31,"17,0",70,"11,5","0,58","10,13"
2026-10-07 21:32,"17,0",70,"11,5","0,58","10,13"
2026-10-07 21:33,"17,0",70,"11,5","0,58","10,13"
2026-10-07 21:34,"17,0",70,"11,5","0,58","10,13"
2026-10-07 21:35,"17,0",70,"11,5","0,58","10,13"
2026-10-07 21:36,"17,0",70,"11,5","0,58","10,13"
2026-10-07 21:37,"17,0",70,"11,5","0,58","10,13"
2026-10-07 21:38,"17,0",70,"11,5","0,58","10,13"
2026-10-07 21:39,"17,0",70,"11,5","0,58","10,13"
2026-10-07 21:40,"17,0",70,"11,5","0,58","10,13"
2026-10-07 21:41,"17,0",70,"11,5","0,58","10,13"
2026-10-07 21:42,"17,0",70,"11,5","0,58","10,13"
2026-10-07 21:43,"17,0",70,"11,5","0,58","10,13"
2026-10-07 21:44,"17,0",70,"11,5","0,58","10,13"
2026-10-07 21:45,"17,0",70,"11,5","0,58","10,13"
2026-10-07 21:46,"17,0",70,"11,5","0,58","10,13"
2026-10-07 21:47,"17,0",70,"11,5","0,58","10,13"
2026-10-07 21:48,"17,0",70,"11,5","0,58","10,13"
2026-10-07 21:49,"17,0",70,"11,5","0,58","10,13"
2026-10-07 21:50,"17,0",70,"11,5","0,58","10,13"
2026-10-07 21:51,"17,0",70,"11,5","0,58","10,13"
2026-10-07 21:52,"17,0",70,"11,5","0,58","10,13"
2026-10-07 21:53,"17,0",70,"11,5","0,58","10,13"
2026-10-07 21:54,"17,0",70,"11,5","0,58","10,13"
2026-10-07 21:55,"17,0",70,"11,5","0,58","10,13"
2026-10-07 21:56,"17,0",70,"11,5","0,58","10,13"
2026-10-07 21:57,"17,0",70,"11,5","0,58","10,13"
2026-10-07 21:58,"17,0",70,"11,5","0,58","10,13"
2026-10-07 21:59,"17,0",70,"11,5","0,58","10,13"
2026-10-07 22:00,"17,0",70,"11,5","0,58","10,13"
2026-10-07 22:01,"17,0",70,"11,5","0,58","10,13"
2026-10-07 22:02,"17,0",70,"11,5","0,58","10,13"
2026-10-07 22:03,"17,0",70,"11,5","0,58","10,13"
2026-10-07 22:04,"17,0",70,"11,5","0,58","10,13"
2026-10-07 22:05,"17,0",70,"11,5","0,58","10,13"
2026-10-07 22:06,"17,0",70,"11,5","0,58","10,13"
2026-10-07 22:07,"17,0",70,"11,5","0,58","10,13"
2026-10-07 22:08,"17,0",70,"11,5","0,58","10,13"
2026-10-07 22:09,"17,0",70,"11,5","0,58","10,13"
2026-10-07 22:10,"17,0",70,"11,5","0,58","10,13"
2026-10-07 22:11,"17,0",70,"11,5","0,58","10,13"
2026-10-07 22:12,"17,0",70,"11,5","0,58","10,13"
2026-10-07 22:13,"17,0",70,"11,5","0,58","10,13"
2026-10-07 22:14,"17,0",70,"11,5","0,58","10,13"
2026-10-07 22:15,"17,0",70,"11,5","0,58","10,13"
2026-10-07 22:16,"17,0",70,"11,5","0,58","10,13"
2026-10-07 22:17,"17,0",70,"11,5","0,58","10,13"
2026-10-07 22:18,"17,0",70,"11,5","0,58","10,13"
2026-10-07 22:19,"17,0",70,"11,5","0,58","10,13"
2026-10-07 22:20,"17,0",70,"11,5","0,58","10,13"
2026-10-07 22:21,"17,0",70,"11,5","0,58","10,13"
2026-10-07 22:22,"17,0",70,"11,5","0,58","10,13"
2026-10-07 22:23,"17,0",70,"11,5","0,58","10,13"
2026-10-07 22:24,"17,0",70,"11,5","0,58","10,13"
2026-10-07 22:25,"17,0",70,"11,5","0,58","10,13"
2026-10-07 22:26,"17,0",70,"11,5","0,58","10,13"
2026-10-07 22:27,"17,0",70,"11,5","0,58","10,13"
2026-10-07 22:28,"17,0",70,"11,5","0,58","10,13"
2026-10-07 22:29,"17,0",70,"11,5","0,58","10,13"
2026-10-07 22:30,"17,0",70,"11,5","0,58","10,13"
2026-10-07 22:31,"17,0",70,"11,5","0,58","10,13"
2026-10-07 22:32,"17,0",70,"11,5","0,58","10,13"
2026-10-07 22:33,"17,0",70,"11,5","0,58","10,13"
2026-10-07 22:34,"17,0",70,"11,5","0,58","10,13"
2026-10-07 22:35,"17,0",70,"11,5","0,58","10,13"
2026-10-07 22:36,"17,0",70,"11,5","0,58","10,13"
2026-10-07 22:37,"17,0",70,"11,5","0,58","10,13"
2026-10-07 22:38,"17,0",70,"11,5","0,58","10,13"
2026-10-07 22:39,"17,0",70,"11,5","0,58","10,13"
2026-10-07 22:40,"17,0",70,"11,5","0,58","10,13"
2026-10-07 22:41,"17,0",70,"11,5","0,58","10,13"
2026-10-07 22:42,"17,0",70,"11,5","0,58","10,13"
2026-10-07 22:43,"17,0",70,"11,5","0,58","10,13"
2026-10-07 22:44,"17,0",70,"11,5","0,58","10,13"
2026-10-07 22:45,"17,0",70,"11,5","0,58","10,13"
2026-10-07 22:46,"17,0",70,"11,5","0,58","10,13"
2026-10-07 22:47,"17,0",70,"11,5","0,58","10,13"
2026-10-07 22:48,"17,0",70,"11,5","0,58","10,13"
2026-10-07 22:49,"17,0",70,"11,5","0,58","10,13"
2026-10-07 22:50,"17,0",70,"11,5","0,58","10,13"
2026-10-07 22:51,"17,0",70,"11,5","0,58","10,13"
2026-10-07 22:52,"17,0",70,"11,5","0,58","10,13"
2026-10-07 22:53,"17,0",70,"11,5","0,58","10,13"
2026-10-07 22:54,"17,0",70,"11,5","0,58","10,13"
2026-10-07 22:55,"17,0",70,"11,5","0,58","10,13"
2026-10-07 22:56,"17,0",70,"11,5","0,58","10,13"
2026-10-07 22:57,"17,0",70,"11,5","0,58","10,13"
2026-10-07 22:58,"17,0",70,"11,5","0,58","10,13"
2026-10-07 22:59,"17,0",70,"11,5","0,58","10,13"
2026-10-07 23:00,"17,0",70,"11,5","0,58","10,13"
2026-10-07 23:01,"17,0",70,"11,5","0,58","10,13"
2026-10-07 23:02,"17,0",70,"11,5","0,58","10,13"
2026-10-07 23:03,"17,0",70,"11,5","0,58","10,13"
2026-10-07 23:04,"17,0",70,"11,5","0,58","10,13"
2026-10-07 23:05,"17,0",70,"11,5","0,58","10,13"
2026-10-07 23:06,"17,0",70,"11,5","0,58","10,13"
2026-10-07 23:07,"17,0",70,"11,5","0,58","10,13"
2026-10-07 23:08,"17,0",70,"11,5","0,58","10,13"
2026-10-07 23:09,"17,0",70,"11,5","0,58","10,13"
2026-10-07 23:10,"17,0",70,"11,5","0,58","10,13"
2026-10-07 23:11,"17,0",70,"11,5","0,58","10,13"
2026-10-07 23:12,"17,0",70,"11,5","0,58","10,13"
2026-10-07 23:13,"17,0",70,"11,5","0,58","10,13"
2026-10-07 23:14,"17,0",70,"11,5","0,58","10,13"
2026-10-07 23:15,"17,0",70,"11,5","0,58","10,13"
2026-10-07 23:16,"17,0",70,"11,5","0,58","10,13"
2026-10-07 23:17,"17,0",70,"11,5","0,58","10,13"
2026-10-07 23:18,"17,0",70,"11,5","0,58","10,13"
2026-10-07 23:19,"17,0",70,"11,5","0,58","10,13"
2026-10-07 23:20,"17,0",70,"11,5","0,58","10,13"
2026-10-07 23:21,"17,0",70,"11,5","0,58","10,13"
2026-10-07 23:22,"17,0",70,"11,5","0,58","10,13"
2026-10-07 23:23,"17,0",70,"11,5","0,58","10,13"
2026-10-07 23:24,"17,0",70,"11,5","0,58","10,13"
2026-10-07 23:25,"17,0",70,"11,5","0,58","10,13"
2026-10-07 23:26,"17,0",70,"11,5","0,58","10,13"
2026-10-07 23:27,"17,0",70,"11,5","0,58","10,13"
2026-10-07 23:28,"17,0",70,"11,5","0,58","10,13"
2026-10-07 23:29,"17,0",70,"11,5","0,58","10,13"
2026-10-07 23:30,"17,0",70,"11,5","0,58","10,13"
2026-10-07 23:31,"17,0",70,"11,5","0,58","10,13"
2026-10-07 23:32,"17,0",70,"11,5","0,58","10,13"
2026-10-07 23:33,"17,0",70,"11,5","0,58","10,13"
2026-10-07 23:34,"17,0",70,"11,5","0,58","10,13"
2026-10-07 23:35,"17,0",70,"11,5","0,58","10,13"
2026-10-07 23:36,"17,0",70,"11,5","0,58","10,13"
2026-10-07 23:37,"17,0",70,"11,5","0,58","10,13"
2026-10-07 23:38,"17,0",69,"11,3","0,60","9,98"
2026-10-07 23:39,"17,0",69,"11,3","0,60","9,98"
2026-10-07 23:40,"17,0",69,"11,3","0,60","9,98"
2026-10-07 23:41,"17,0",69,"11,3","0,60","9,98"
2026-10-07 23:42,"17,0",69,"11,3","0,60","9,98"
2026-10-07 23:43,"17,0",69,"11,3","0,60","9,98"
2026-10-07 23:44,"17,0",69,"11,3","0,60","9,98"
2026-10-07 23:45,"17,0",69,"11,3","0,60","9,98"
2026-10-07 23:46,"17,0",69,"11,3","0,60","9,98"
2026-10-07 23:47,"17,0",69,"11,3","0,60","9,98"
2026-10-07 23:48,"17,0",69,"11,3","0,60","9,98"
2026-10-07 23:49,"17,0",69,"11,3","0,60","9,98"
2026-10-07 23:50,"17,0",69,"11,3","0,60","9,98"
2026-10-07 23:51,"17,0",69,"11,3","0,60","9,98"
2026-10-07 23:52,"17,0",69,"11,3","0,60","9,98"
2026-10-07 23:53,"17,0",69,"11,3","0,60","9,98"
2026-10-07 23:54,"17,0",69,"11,3","0,60","9,98"
2026-10-07 23:55,"17,0",69,"11,3","0,60","9,98"
2026-10-07 23:56,"17,0",69,"11,3","0,60","9,98"
2026-10-07 23:57,"17,0",69,"11,3","0,60","9,98"
2026-10-07 23:58,"17,0",69,"11,3","0,60","9,98"
2026-10-07 23:59,"17,0",69,"11,3","0,60","9,98"
2026-10-08 00:00,"17,0",69,"11,3","0,60","9,98"
2026-10-08 00:01,"17,0",69,"11,3","0,60","9,98"
2026-10-08 00:02,"17,0",69,"11,3","0,60","9,98"
2026-10-08 00:03,"17,0",69,"11,3","0,60","9,98"
2026-10-08 00:04,"17,0",69,"11,3","0,60","9,98"
2026-10-08 00:05,"17,0",69,"11,3","0,60","9,98"
2026-10-08 00:06,"17,0",69,"11,2","0,60","9,95"
2026-10-08 00:07,"16,9",69,"11,2","0,60","9,92"
2026-10-08 00:08,"16,9",69,"11,2","0,60","9,92"
2026-10-08 00:09,"16,9",69,"11,2","0,60","9,92"
2026-10-08 00:10,"16,9",69,"11,2","0,60","9,92"
2026-10-08 00:11,"16,9",69,"11,2","0,60","9,92"
2026-10-08 00:12,"16,9",69,"11,2","0,60","9,92"
2026-10-08 00:13,"16,9",69,"11,2","0,60","9,92"
2026-10-08 00:14,"16,9",69,"11,2","0,60","9,92"
2026-10-08 00:15,"16,9",69,"11,2","0,60","9,92"
2026-10-08 00:16,"16,9",69,"11,2","0,60","9,92"
2026-10-08 00:17,"16,9",69,"11,2","0,60","9,92"
2026-10-08 00:18,"16,9",69,"11,2","0,60","9,92"
2026-10-08 00:19,"16,9",69,"11,2","0,60","9,92"
2026-10-08 00:20,"16,9",69,"11,2","0,60","9,92"
2026-10-08 00:21,"16,9",69,"11,2","0,60","9,92"
2026-10-08 00:22,"16,9",69,"11,2","0,60","9,92"
2026-10-08 00:23,"16,9",69,"11,2","0,60","9,92"
2026-10-08 00:24,"16,9",69,"11,2","0,60","9,92"
2026-10-08 00:25,"16,9",69,"11,2","0,60","9,92"
2026-10-08 00:26,"16,9",69,"11,2","0,60","9,92"
2026-10-08 00:27,"16,9",69,"11,2","0,60","9,92"
2026-10-08 00:28,"16,9",69,"11,2","0,60","9,92"
2026-10-08 00:29,"16,9",69,"11,2","0,60","9,92"
2026-10-08 00:30,"16,9",69,"11,2","0,60","9,92"
2026-10-08 00:31,"16,9",69,"11,2","0,60","9,92"
2026-10-08 00:32,"16,9",69,"11,2","0,60","9,92"
2026-10-08 00:33,"16,9",69,"11,2","0,60","9,92"
2026-10-08 00:34,"16,9",69,"11,2","0,60","9,92"
2026-10-08 00:35,"16,9",69,"11,2","0,60","9,92"
2026-10-08 00:36,"16,9",69,"11,2","0,60","9,92"
2026-10-08 00:37,"16,9",69,"11,2","0,60","9,92"
2026-10-08 00:38,"16,9",69,"11,2","0,60","9,92"
2026-10-08 00:39,"16,9",69,"11,2","0,60","9,92"
2026-10-08 00:40,"16,9",69,"11,2","0,60","9,92"
2026-10-08 00:41,"16,9",69,"11,2","0,60","9,92"
2026-10-08 00:42,"16,9",69,"11,2","0,60","9,92"
2026-10-08 00:43,"16,9",69,"11,2","0,60","9,92"
2026-10-08 00:44,"16,9",69,"11,2","0,60","9,92"
2026-10-08 00:45,"16,9",69,"11,2","0,60","9,92"
2026-10-08 00:46,"16,9",69,"11,2","0,60","9,92"
2026-10-08 00:47,"16,9",69,"11,2","0,60","9,92"
2026-10-08 00:48,"16,9",69,"11,2","0,60","9,92"
2026-10-08 00:49,"16,9",69,"11,2","0,60","9,92"
2026-10-08 00:50,"16,9",69,"11,2","0,60","9,92"
2026-10-08 00:51,"16,9",69,"11,2","0,60","9,92"
2026-10-08 00:52,"16,9",69,"11,2","0,60","9,92"
2026-10-08 00:53,"16,9",69,"11,2","0,60","9,92"
2026-10-08 00:54,"16,9",69,"11,2","0,60","9,92"
2026-10-08 00:55,"16,9",69,"11,2","0,60","9,92"
2026-10-08 00:56,"16,9",69,"11,2","0,60","9,92"
2026-10-08 00:57,"16,9",69,"11,2","0,60","9,92"
2026-10-08 00:58,"16,9",69,"11,2","0,60","9,92"
2026-10-08 00:59,"16,9",69,"11,2","0,60","9,92"
2026-10-08 01:00,"16,9",69,"11,2","0,60","9,92"
2026-10-08 01:01,"16,9",69,"11,2","0,60","9,92"
2026-10-08 01:02,"16,9",69,"11,2","0,60","9,92"
2026-10-08 01:03,"16,9",69,"11,2","0,60","9,92"
2026-10-08 01:04,"16,9",69,"11,2","0,60","9,92"
2026-10-08 01:05,"16,9",69,"11,2","0,60","9,92"
2026-10-08 01:06,"16,9",69,"11,2","0,60","9,92"
2026-10-08 01:07,"16,9",69,"11,2","0,60","9,92"
2026-10-08 01:08,"16,9",69,"11,2","0,60","9,92"
2026-10-08 01:09,"16,9",69,"11,2","0,60","9,92"
2026-10-08 01:10,"16,9",69,"11,2","0,60","9,92"
2026-10-08 01:11,"16,9",69,"11,2","0,60","9,92"
2026-10-08 01:12,"16,9",69,"11,2","0,60","9,92"
2026-10-08 01:13,"16,9",69,"11,2","0,60","9,92"
2026-10-08 01:14,"16,9",69,"11,2","0,60","9,92"
2026-10-08 01:15,"16,9",69,"11,2","0,60","9,92"
2026-10-08 01:16,"16,9",69,"11,2","0,60","9,92"
2026-10-08 01:17,"16,9",69,"11,2","0,60","9,92"
2026-10-08 01:18,"16,9",69,"11,2","0,60","9,92"
2026-10-08 01:19,"16,9",69,"11,2","0,60","9,92"
2026-10-08 01:20,"16,9",69,"11,2","0,60","9,92"
2026-10-08 01:21,"16,9",69,"11,2","0,60","9,92"
2026-10-08 01:22,"16,9",69,"11,2","0,60","9,92"
2026-10-08 01:23,"16,9",69,"11,2","0,60","9,92"
2026-10-08 01:24,"16,9",69,"11,2","0,60","9,92"
2026-10-08 01:25,"16,9",69,"11,2","0,60","9,92"
2026-10-08 01:26,"16,9",69,"11,2","0,60","9,92"
2026-10-08 01:27,"16,9",69,"11,2","0,60","9,92"
2026-10-08 01:28,"16,9",69,"11,2","0,60","9,92"
2026-10-08 01:29,"16,9",69,"11,2","0,60","9,92"
2026-10-08 01:30,"16,9",69,"11,2","0,60","9,92"
2026-10-08 01:31,"16,9",69,"11,2","0,60","9,92"
2026-10-08 01:32,"16,9",69,"11,2","0,60","9,92"
2026-10-08 01:33,"16,9",69,"11,2","0,60","9,92"
2026-10-08 01:34,"16,9",69,"11,2","0,60","9,92"
2026-10-08 01:35,"16,9",69,"11,2","0,60","9,92"
2026-10-08 01:36,"16,9",69,"11,2","0,60","9,92"
2026-10-08 01:37,"16,9",69,"11,2","0,60","9,92"
2026-10-08 01:38,"16,9",69,"11,2","0,60","9,92"
2026-10-08 01:39,"16,9",69,"11,2","0,60","9,92"
2026-10-08 01:40,"16,9",69,"11,2","0,60","9,92"
2026-10-08 01:41,"16,9",69,"11,2","0,60","9,92"
2026-10-08 01:42,"16,9",69,"11,2","0,60","9,92"
2026-10-08 01:43,"16,9",69,"11,2","0,60","9,92"
2026-10-08 01:44,"16,9",69,"11,2","0,60","9,92"
2026-10-08 01:45,"16,9",69,"11,2","0,60","9,92"
2026-10-08 01:46,"16,9",69,"11,2","0,60","9,92"
2026-10-08 01:47,"16,9",69,"11,2","0,60","9,92"
2026-10-08 01:48,"16,9",69,"11,2","0,60","9,92"
2026-10-08 01:49,"16,9",69,"11,2","0,60","9,92"
2026-10-08 01:50,"16,9",69,"11,2","0,60","9,92"
2026-10-08 01:51,"16,9",69,"11,2","0,60","9,92"
2026-10-08 01:52,"16,9",69,"11,2","0,60","9,92"
2026-10-08 01:53,"16,9",69,"11,2","0,60","9,92"
2026-10-08 01:54,"16,9",69,"11,2","0,60","9,92"
2026-10-08 01:55,"16,9",69,"11,2","0,60","9,92"
2026-10-08 01:56,"16,9",69,"11,2","0,60","9,92"
2026-10-08 01:57,"16,9",69,"11,2","0,60","9,92"
2026-10-08 01:58,"16,9",69,"11,2","0,60","9,92"
2026-10-08 01:59,"16,9",69,"11,2","0,60","9,92"
2026-10-08 02:00,"16,9",69,"11,2","0,60","9,92"
2026-10-08 02:01,"16,9",69,"11,2","0,60","9,92"
2026-10-08 02:02,"16,9",69,"11,2","0,60","9,92"
2026-10-08 02:03,"16,9",69,"11,2","0,60","9,92"
2026-10-08 02:04,"16,9",69,"11,2","0,60","9,92"
2026-10-08 02:05,"16,9",69,"11,2","0,60","9,92"
2026-10-08 02:06,"16,9",69,"11,2","0,60","9,92"
2026-10-08 02:07,"16,9",69,"11,2","0,60","9,92"
2026-10-08 02:08,"16,9",68,"11,0","0,62","9,78"
2026-10-08 02:09,"16,9",68,"11,0","0,62","9,78"
2026-10-08 02:10,"16,9",68,"11,0","0,62","9,78"
2026-10-08 02:11,"16,9",68,"11,0","0,62","9,78"
2026-10-08 02:12,"16,9",68,"11,0","0,62","9,78"
2026-10-08 02:13,"16,9",68,"11,0","0,62","9,78"
2026-10-08 02:14,"16,9",68,"11,0","0,62","9,78"
2026-10-08 02:15,"16,9",68,"11,0","0,62","9,78"
2026-10-08 02:16,"16,9",68,"11,0","0,62","9,78"
2026-10-08 02:17,"16,9",68,"11,0","0,62","9,78"
2026-10-08 02:18,"16,9",68,"11,0","0,62","9,78"
2026-10-08 02:19,"16,9",68,"11,0","0,62","9,78"
2026-10-08 02:20,"16,9",68,"11,0","0,62","9,78"
2026-10-08 02:21,"16,9",68,"11,0","0,62","9,78"
2026-10-08 02:22,"16,9",68,"11,0","0,62","9,78"
2026-10-08 02:23,"16,9",68,"11,0","0,62","9,78"
2026-10-08 02:24,"16,9",68,"11,0","0,62","9,78"
2026-10-08 02:25,"16,9",68,"11,0","0,62","9,78"
2026-10-08 02:26,"16,9",68,"11,0","0,62","9,78"
2026-10-08 02:27,"16,9",68,"11,0","0,62","9,78"
2026-10-08 02:28,"16,9",68,"11,0","0,62","9,78"
2026-10-08 02:29,"16,9",68,"11,0","0,62","9,78"
2026-10-08 02:30,"16,9",68,"11,0","0,62","9,78"
2026-10-08 02:31,"16,9",68,"11,0","0,62","9,78"
2026-10-08 02:32,"16,9",68,"11,0","0,62","9,78"
2026-10-08 02:33,"16,9",68,"11,0","0,62","9,78"
2026-10-08 02:34,"16,9",68,"11,0","0,62","9,78"
2026-10-08 02:35,"16,9",68,"11,0","0,62","9,78"
2026-10-08 02:36,"16,9",68,"11,0","0,62","9,78"
2026-10-08 02:37,"16,9",68,"11,0","0,62","9,78"
2026-10-08 02:38,"16,9",68,"11,0","0,62","9,78"
2026-10-08 02:39,"16,9",68,"11,0","0,62","9,78"
2026-10-08 02:40,"16,9",68,"11,0","0,62","9,78"
2026-10-08 02:41,"16,9",68,"11,0","0,62","9,78"
2026-10-08 02:42,"16,9",68,"11,0","0,62","9,78"
2026-10-08 02:43,"16,9",68,"11,0","0,62","9,78"
2026-10-08 02:44,"16,9",68,"11,0","0,62","9,78"
2026-10-08 02:45,"16,9",68,"11,0","0,62","9,78"
2026-10-08 02:46,"16,9",68,"11,0","0,62","9,78"
2026-10-08 02:47,"16,9",68,"11,0","0,62","9,78"
2026-10-08 02:48,"16,9",68,"11,0","0,62","9,78"
2026-10-08 02:49,"16,9",68,"11,0","0,62","9,78"
2026-10-08 02:50,"16,9",68,"11,0","0,62","9,78"
2026-10-08 02:51,"16,9",68,"11,0","0,62","9,78"
2026-10-08 02:52,"16,9",68,"11,0","0,62","9,78"
2026-10-08 02:53,"16,9",68,"11,0","0,62","9,78"
2026-10-08 02:54,"16,9",68,"11,0","0,62","9,78"
2026-10-08 02:55,"16,9",68,"11,0","0,62","9,78"
2026-10-08 02:56,"16,9",68,"11,0","0,62","9,78"
2026-10-08 02:57,"16,9",68,"11,0","0,62","9,78"
2026-10-08 02:58,"16,9",68,"11,0","0,62","9,78"
2026-10-08 02:59,"16,9",68,"11,0","0,62","9,78"
2026-10-08 03:00,"16,9",68,"11,0","0,62","9,78"
2026-10-08 03:01,"16,9",68,"11,0","0,62","9,78"
2026-10-08 03:02,"16,9",68,"11,0","0,62","9,78"
2026-10-08 03:03,"16,9",68,"11,0","0,62","9,78"
2026-10-08 03:04,"16,9",68,"11,0","0,62","9,78"
2026-10-08 03:05,"16,9",68,"11,0","0,62","9,78"
2026-10-08 03:06,"16,9",68,"11,0","0,62","9,78"
2026-10-08 03:07,"16,9",68,"11,0","0,62","9,78"
2026-10-08 03:08,"16,9",68,"11,0","0,62","9,78"
2026-10-08 03:09,"16,9",68,"11,0","0,62","9,78"
2026-10-08 03:10,"16,9",68,"11,0","0,62","9,78"
2026-10-08 03:11,"16,9",68,"11,0","0,62","9,78"
2026-10-08 03:12,"16,9",68,"11,0","0,62","9,78"
2026-10-08 03:13,"16,9",68,"11,0","0,62","9,78"
2026-10-08 03:14,"16,9",68,"11,0","0,62","9,78"
2026-10-08 03:15,"16,9",68,"11,0","0,62","9,78"
2026-10-08 03:16,"16,9",68,"11,0","0,62","9,78"
2026-10-08 03:17,"16,9",68,"11,0","0,62","9,78"
2026-10-08 03:18,"16,9",68,"11,0","0,62","9,78"
2026-10-08 03:19,"16,9",68,"11,0","0,62","9,78"
2026-10-08 03:20,"16,9",68,"11,0","0,62","9,78"
2026-10-08 03:21,"16,9",68,"11,0","0,62","9,78"
2026-10-08 03:22,"16,9",68,"11,0","0,62","9,78"
2026-10-08 03:23,"16,9",68,"11,0","0,62","9,78"
2026-10-08 03:24,"16,9",68,"11,0","0,62","9,78"
2026-10-08 03:25,"16,9",68,"11,0","0,62","9,78"
2026-10-08 03:26,"16,9",68,"11,0","0,62","9,78"
2026-10-08 03:27,"16,9",68,"11,0","0,62","9,78"
2026-10-08 03:28,"16,9",68,"11,0","0,62","9,78"
2026-10-08 03:29,"16,9",68,"11,0","0,62","9,78"
2026-10-08 03:30,"16,9",68,"11,0","0,62","9,78"
2026-10-08 03:31,"16,9",68,"11,0","0,62","9,78"
2026-10-08 03:32,"16,9",68,"11,0","0,62","9,78"
2026-10-08 03:33,"16,9",68,"11,0","0,62","9,78"
2026-10-08 03:34,"16,9",68,"11,0","0,62","9,78"
2026-10-08 03:35,"16,9",68,"11,0","0,62","9,78"
2026-10-08 03:36,"16,9",68,"11,0","0,62","9,78"
2026-10-08 03:37,"16,9",68,"11,0","0,62","9,78"
2026-10-08 03:38,"16,9",68,"11,0","0,62","9,78"
2026-10-08 03:39,"16,9",68,"11,0","0,62","9,78"
2026-10-08 03:40,"16,9",68,"11,0","0,62","9,78"
2026-10-08 03:41,"16,9",68,"11,0","0,62","9,78"
2026-10-08 03:42,"16,9",68,"11,0","0,62","9,78"
2026-10-08 03:43,"16,9",68,"11,0","0,62","9,78"
2026-10-08 03:44,"16,9",68,"11,0","0,62","9,78"
2026-10-08 03:45,"16,9",68,"11,0","0,62","9,78"
2026-10-08 03:46,"16,9",68,"11,0","0,62","9,78"
2026-10-08 03:47,"16,9",68,"11,0","0,62","9,78"
2026-10-08 03:48,"16,9",68,"11,0","0,62","9,78"
2026-10-08 03:49,"16,9",68,"11,0","0,62","9,78"
2026-10-08 03:50,"16,9",68,"11,0","0,62","9,78"
2026-10-08 03:51,"16,9",68,"11,0","0,62","9,78"
2026-10-08 03:52,"16,9",68,"11,0","0,62","9,78"
2026-10-08 03:53,"16,9",68,"11,0","0,62","9,78"
2026-10-08 03:54,"16,9",68,"11,0","0,62","9,78"
2026-10-08 03:55,"16,9",68,"11,0","0,62","9,78"
2026-10-08 03:56,"16,9",68,"11,0","0,62","9,78"
2026-10-08 03:57,"16,9",68,"11,0","0,62","9,78"
2026-10-08 03:58,"16,9",68,"11,0","0,62","9,78"
2026-10-08 03:59,"16,9",68,"11,0","0,62","9,78"
2026-10-08 04:00,"16,9",68,"11,0","0,62","9,78"
2026-10-08 04:01,"16,9",68,"11,0","0,62","9,78"
2026-10-08 04:02,"16,9",68,"11,0","0,62","9,78"
2026-10-08 04:03,"16,9",68,"11,0","0,62","9,78"
2026-10-08 04:04,"16,9",68,"11,0","0,62","9,78"
2026-10-08 04:05,"16,9",68,"11,0","0,62","9,78"
2026-10-08 04:06,"16,9",68,"11,0","0,62","9,78"
2026-10-08 04:07,"16,9",68,"11,0","0,62","9,78"
2026-10-08 04:08,"16,9",68,"11,0","0,62","9,78"
2026-10-08 04:09,"16,9",68,"11,0","0,62","9,78"
2026-10-08 04:10,"16,9",68,"11,0","0,62","9,78"
2026-10-08 04:11,"16,9",68,"11,0","0,62","9,78"
2026-10-08 04:12,"16,9",68,"11,0","0,62","9,78"
2026-10-08 04:13,"16,9",68,"11,0","0,62","9,78"
2026-10-08 04:14,"16,9",68,"11,0","0,62","9,78"
2026-10-08 04:15,"16,9",68,"11,0","0,62","9,78"
2026-10-08 04:16,"16,9",68,"11,0","0,62","9,78"
2026-10-08 04:17,"16,9",68,"11,0","0,62","9,78"
2026-10-08 04:18,"16,9",68,"11,0","0,62","9,78"
2026-10-08 04:19,"16,9",68,"11,0","0,62","9,78"
2026-10-08 04:20,"16,9",68,"11,0","0,62","9,78"
2026-10-08 04:21,"16,9",68,"11,0","0,62","9,78"
2026-10-08 04:22,"16,9",68,"11,0","0,62","9,78"
2026-10-08 04:23,"16,9",68,"11,0","0,62","9,78"
2026-10-08 04:24,"16,9",68,"11,0","0,62","9,78"
2026-10-08 04:25,"16,9",68,"11,0","0,62","9,78"
2026-10-08 04:26,"16,9",68,"11,0","0,62","9,78"
2026-10-08 04:27,"16,9",68,"11,0","0,62","9,78"
2026-10-08 04:28,"16,9",68,"11,0","0,62","9,78"
2026-10-08 04:29,"16,9",68,"11,0","0,62","9,78"
2026-10-08 04:30,"16,9",68,"11,0","0,62","9,78"
2026-10-08 04:31,"16,9",68,"11,0","0,62","9,78"
2026-10-08 04:32,"16,9",68,"11,0","0,62","9,78"
2026-10-08 04:33,"16,9",68,"11,0","0,62","9,78"
2026-10-08 04:34,"16,9",68,"11,0","0,62","9,78"
2026-10-08 04:35,"16,9",68,"11,0","0,62","9,78"
2026-10-08 04:36,"16,9",68,"11,0","0,62","9,78"
2026-10-08 04:37,"16,9",68,"11,0","0,62","9,78"
2026-10-08 04:38,"16,9",68,"11,0","0,62","9,78"
2026-10-08 04:39,"16,9",68,"11,0","0,62","9,78"
2026-10-08 04:40,"16,9",68,"11,0","0,62","9,78"
2026-10-08 04:41,"16,9",68,"11,0","0,62","9,78"
2026-10-08 04:42,"16,9",68,"11,0","0,62","9,78"
2026-10-08 04:43,"16,9",68,"11,0","0,62","9,78"
2026-10-08 04:44,"16,9",68,"11,0","0,62","9,78"
2026-10-08 04:45,"16,9",68,"11,0","0,62","9,78"
2026-10-08 04:46,"16,9",68,"11,0","0,62","9,78"
2026-10-08 04:47,"16,9",68,"11,0","0,62","9,78"
2026-10-08 04:48,"16,9",68,"11,0","0,62","9,78"
2026-10-08 04:49,"16,9",68,"11,0","0,62","9,78"
2026-10-08 04:50,"16,9",68,"11,0","0,62","9,78"
2026-10-08 04:51,"16,9",68,"11,0","0,62","9,78"
2026-10-08 04:52,"16,9",68,"11,0","0,62","9,78"
2026-10-08 04:53,"16,9",68,"11,0","0,62","9,78"
2026-10-08 04:54,"16,9",68,"11,0","0,62","9,78"
2026-10-08 04:55,"16,9",68,"11,0","0,62","9,78"
2026-10-08 04:56,"16,9",68,"11,0","0,62","9,78"
2026-10-08 04:57,"16,9",68,"11,0","0,62","9,78"
2026-10-08 04:58,"16,9",68,"11,0","0,62","9,78"
2026-10-08 04:59,"16,9",68,"11,0","0,62","9,78"
2026-10-08 05:00,"16,9",68,"11,0","0,62","9,78"
2026-10-08 05:01,"16,9",68,"11,0","0,62","9,78"
2026-10-08 05:02,"16,9",68,"11,0","0,62","9,78"
2026-10-08 05:03,"16,9",68,"11,0","0,62","9,78"
2026-10-08 05:04,"16,9",68,"11,0","0,62","9,78"
2026-10-08 05:05,"16,9",68,"11,0","0,62","9,78"
2026-10-08 05:06,"16,9",68,"11,0","0,62","9,78"
2026-10-08 05:07,"16,9",68,"11,0","0,62","9,78"
2026-10-08 05:08,"16,9",68,"11,0","0,62","9,78"
2026-10-08 05:09,"16,9",68,"11,0","0,62","9,78"
2026-10-08 05:10,"16,9",68,"11,0","0,62","9,78"
2026-10-08 05:11,"16,9",68,"11,0","0,62","9,78"
2026-10-08 05:12,"16,9",68,"11,0","0,62","9,78"
2026-10-08 05:13,"16,9",68,"11,0","0,62","9,78"
2026-10-08 05:14,"16,9",68,"11,0","0,62","9,78"
2026-10-08 05:15,"16,9",68,"11,0","0,62","9,78"
2026-10-08 05:16,"16,9",68,"11,0","0,62","9,78"
2026-10-08 05:17,"16,9",68,"11,0","0,62","9,78"
2026-10-08 05:18,"16,9",68,"11,0","0,62","9,78"
2026-10-08 05:19,"16,9",68,"11,0","0,62","9,78"
2026-10-08 05:20,"16,9",68,"11,0","0,62","9,78"
2026-10-08 05:21,"16,9",68,"11,0","0,62","9,78"
2026-10-08 05:22,"16,9",68,"11,0","0,62","9,78"
2026-10-08 05:23,"16,9",68,"11,0","0,62","9,78"
2026-10-08 05:24,"16,9",68,"11,0","0,62","9,78"
2026-10-08 05:25,"16,9",68,"11,0","0,62","9,78"
2026-10-08 05:26,"16,9",68,"11,0","0,62","9,78"
2026-10-08 05:27,"16,9",68,"11,0","0,62","9,78"
2026-10-08 05:28,"16,9",68,"11,0","0,62","9,78"
2026-10-08 05:29,"16,9",68,"11,0","0,62","9,78"
2026-10-08 05:30,"16,9",68,"11,0","0,62","9,78"
2026-10-08 05:31,"16,9",68,"11,0","0,62","9,78"
2026-10-08 05:32,"16,9",68,"11,0","0,62","9,78"
2026-10-08 05:33,"16,9",68,"11,0","0,62","9,78"
2026-10-08 05:34,"16,9",68,"11,0","0,62","9,78"
2026-10-08 05:35,"16,9",68,"11,0","0,62","9,78"
2026-10-08 05:36,"16,9",68,"11,0","0,62","9,78"
2026-10-08 05:37,"16,9",68,"11,0","0,62","9,78"
2026-10-08 05:38,"16,9",68,"11,0","0,62","9,78"
2026-10-08 05:39,"16,9",68,"11,0","0,62","9,78"
2026-10-08 05:40,"16,9",68,"11,0","0,62","9,78"
2026-10-08 05:41,"16,9",68,"11,0","0,62","9,78"
2026-10-08 05:42,"16,9",67,"10,7","0,64","9,64"
2026-10-08 05:43,"16,9",67,"10,7","0,64","9,64"
2026-10-08 05:44,"16,9",67,"10,7","0,64","9,64"
2026-10-08 05:45,"16,9",67,"10,7","0,64","9,64"
2026-10-08 05:46,"16,9",67,"10,7","0,64","9,64"
2026-10-08 05:47,"16,9",67,"10,7","0,64","9,64"
2026-10-08 05:48,"16,9",67,"10,7","0,64","9,64"
2026-10-08 05:49,"16,9",67,"10,7","0,64","9,64"
2026-10-08 05:50,"16,9",67,"10,7","0,64","9,64"
2026-10-08 05:51,"16,9",67,"10,7","0,64","9,64"
2026-10-08 05:52,"16,9",67,"10,7","0,64","9,64"
2026-10-08 05:53,"16,9",67,"10,7","0,64","9,64"
2026-10-08 05:54,"16,9",67,"10,7","0,64","9,64"
2026-10-08 05:55,"16,9",67,"10,7","0,64","9,64"
2026-10-08 05:56,"16,9",67,"10,7","0,64","9,64"
2026-10-08 05:57,"16,9",67,"10,7","0,64","9,64"
2026-10-08 05:58,"16,9",67,"10,7","0,64","9,64"
2026-10-08 05:59,"16,9",67,"10,7","0,64","9,64"
2026-10-08 06:00,"16,9",67,"10,7","0,64","9,64"
2026-10-08 06:01,"16,9",67,"10,7","0,64","9,64"
2026-10-08 06:02,"16,9",67,"10,7","0,64","9,64"
2026-10-08 06:03,"16,9",67,"10,7","0,64","9,64"
2026-10-08 06:04,"16,9",67,"10,7","0,64","9,64"
2026-10-08 06:05,"16,9",67,"10,7","0,64","9,64"
2026-10-08 06:06,"16,9",67,"10,7","0,64","9,64"
2026-10-08 06:07,"16,9",67,"10,7","0,64","9,64"
2026-10-08 06:08,"16,9",67,"10,7","0,64","9,64"
2026-10-08 06:09,"16,9",67,"10,7","0,64","9,64"
2026-10-08 06:10,"16,9",67,"10,7","0,64","9,64"
2026-10-08 06:11,"16,9",67,"10,7","0,64","9,64"
2026-10-08 06:12,"16,9",67,"10,7","0,64","9,64"
2026-10-08 06:13,"16,9",67,"10,7","0,64","9,64"
2026-10-08 06:14,"16,9",67,"10,7","0,64","9,64"
2026-10-08 06:15,"16,9",67,"10,7","0,64","9,64"
2026-10-08 06:16,"16,9",67,"10,7","0,64","9,64"
2026-10-08 06:17,"16,9",67,"10,7","0,64","9,64"
2026-10-08 06:18,"16,9",67,"10,7","0,64","9,64"
2026-10-08 06:19,"16,9",67,"10,7","0,64","9,64"
2026-10-08 06:20,"16,9",67,"10,7","0,64","9,64"
2026-10-08 06:21,"16,9",67,"10,7","0,64","9,64"
2026-10-08 06:22,"16,9",67,"10,7","0,64","9,64"
2026-10-08 06:23,"16,9",67,"10,7","0,64","9,64"
2026-10-08 06:24,"16,9",67,"10,7","0,64","9,64"
2026-10-08 06:25,"16,9",67,"10,7","0,64","9,64"
2026-10-08 06:26,"16,9",67,"10,7","0,64","9,64"
2026-10-08 06:27,"16,9",67,"10,7","0,64","9,64"
2026-10-08 06:28,"16,9",67,"10,7","0,64","9,64"
2026-10-08 06:29,"16,9",67,"10,7","0,64","9,64"
2026-10-08 06:30,"16,9",67,"10,7","0,64","9,64"
2026-10-08 06:31,"16,9",67,"10,7","0,64","9,64"
2026-10-08 06:32,"16,9",67,"10,7","0,64","9,64"
2026-10-08 06:33,"16,9",67,"10,7","0,64","9,64"
2026-10-08 06:34,"16,9",67,"10,7","0,64","9,64"
2026-10-08 06:35,"16,9",67,"10,7","0,64","9,64"
2026-10-08 06:36,"16,9",67,"10,7","0,64","9,64"
2026-10-08 06:37,"16,9",67,"10,7","0,64","9,64"
2026-10-08 06:38,"16,9",67,"10,7","0,64","9,64"
2026-10-08 06:39,"16,9",67,"10,7","0,64","9,64"
2026-10-08 06:40,"16,9",67,"10,7","0,64","9,64"
2026-10-08 06:41,"16,9",67,"10,7","0,64","9,64"
2026-10-08 06:42,"16,9",67,"10,7","0,64","9,64"
2026-10-08 06:43,"16,9",67,"10,7","0,64","9,64"
2026-10-08 06:44,"16,9",67,"10,7","0,64","9,64"
2026-10-08 06:45,"16,9",67,"10,7","0,64","9,64"
2026-10-08 06:46,"16,9",67,"10,7","0,64","9,64"
2026-10-08 06:47,"16,9",67,"10,7","0,64","9,64"
2026-10-08 06:48,"16,9",67,"10,7","0,64","9,64"
2026-10-08 06:49,"16,9",67,"10,7","0,64","9,64"
2026-10-08 06:50,"16,9",67,"10,7","0,64","9,64"
2026-10-08 06:51,"16,9",67,"10,7","0,64","9,64"
2026-10-08 06:52,"16,9",67,"10,7","0,64","9,64"
2026-10-08 06:53,"16,9",67,"10,7","0,64","9,64"
2026-10-08 06:54,"16,9",67,"10,7","0,64","9,64"
2026-10-08 06:55,"16,9",67,"10,7","0,64","9,64"
2026-10-08 06:56,"16,9",67,"10,7","0,64","9,64"
2026-10-08 06:57,"16,9",67,"10,7","0,64","9,64"
2026-10-08 06:58,"16,9",67,"10,7","0,64","9,64"
2026-10-08 06:59,"16,9",67,"10,7","0,64","9,64"
2026-10-08 07:00,"16,9",67,"10,7","0,64","9,64"
2026-10-08 07:01,"16,9",67,"10,7","0,64","9,64"
2026-10-08 07:02,"16,9",67,"10,7","0,64","9,64"
2026-10-08 07:03,"16,9",67,"10,7","0,64","9,64"
2026-10-08 07:04,"16,9",67,"10,7","0,64","9,64"
2026-10-08 07:05,"16,9",67,"10,7","0,64","9,64"
2026-10-08 07:06,"16,9",67,"10,7","0,64","9,64"
2026-10-08 07:07,"16,9",67,"10,7","0,64","9,64"
2026-10-08 07:08,"16,9",67,"10,7","0,64","9,64"
2026-10-08 07:09,"16,9",67,"10,7","0,64","9,64"
2026-10-08 07:10,"17,0",67,"10,8","0,64","9,67"
2026-10-08 07:11,"17,0",67,"10,8","0,64","9,69"
2026-10-08 07:12,"17,0",67,"10,8","0,64","9,69"
2026-10-08 07:13,"17,0",67,"10,8","0,64","9,69"
2026-10-08 07:14,"17,0",67,"10,8","0,64","9,69"
2026-10-08 07:15,"17,0",67,"10,8","0,64","9,69"
2026-10-08 07:16,"17,0",67,"10,8","0,64","9,69"
2026-10-08 07:17,"17,0",67,"10,8","0,64","9,69"
2026-10-08 07:18,"17,0",67,"10,8","0,64","9,69"
2026-10-08 07:19,"17,0",67,"10,8","0,64","9,69"
2026-10-08 07:20,"17,0",67,"10,8","0,64","9,69"
2026-10-08 07:21,"17,0",67,"10,8","0,64","9,69"
2026-10-08 07:22,"17,0",67,"10,8","0,64","9,69"
2026-10-08 07:23,"17,0",67,"10,8","0,64","9,69"
2026-10-08 07:24,"17,0",67,"10,8","0,64","9,69"
2026-10-08 07:25,"17,0",67,"10,8","0,64","9,69"
2026-10-08 07:26,"17,0",67,"10,8","0,64","9,69"
2026-10-08 07:27,"17,0",67,"10,8","0,64","9,69"
2026-10-08 07:28,"17,0",67,"10,8","0,64","9,69"
2026-10-08 07:29,"17,0",67,"10,8","0,64","9,69"
2026-10-08 07:30,"17,0",67,"10,8","0,64","9,69"
2026-10-08 07:31,"17,0",67,"10,8","0,64","9,69"
2026-10-08 07:32,"17,0",67,"10,8","0,64","9,69"
2026-10-08 07:33,"17,0",67,"10,8","0,64","9,69"
2026-10-08 07:34,"17,0",67,"10,8","0,64","9,69"
2026-10-08 07:35,"17,0",67,"10,8","0,64","9,69"
2026-10-08 07:36,"17,0",67,"10,8","0,64","9,69"
2026-10-08 07:37,"17,0",67,"10,8","0,64","9,69"
2026-10-08 07:38,"17,0",67,"10,8","0,64","9,69"
2026-10-08 07:39,"17,0",67,"10,8","0,64","9,69"
2026-10-08 07:40,"17,0",67,"10,8","0,64","9,69"
2026-10-08 07:41,"17,0",67,"10,8","0,64","9,69"
2026-10-08 07:42,"17,0",67,"10,8","0,64","9,69"
2026-10-08 07:43,"17,0",67,"10,8","0,64","9,69"
2026-10-08 07:44,"17,0",67,"10,8","0,64","9,69"
2026-10-08 07:45,"17,0",67,"10,8","0,64","9,69"
2026-10-08 07:46,"17,0",67,"10,8","0,64","9,69"
2026-10-08 07:47,"17,0",67,"10,8","0,64","9,69"
2026-10-08 07:48,"17,0",67,"10,8","0,64","9,69"
2026-10-08 07:49,"17,0",67,"10,8","0,64","9,69"
2026-10-08 07:50,"17,0",67,"10,8","0,64","9,69"
2026-10-08 07:51,"17,0",67,"10,8","0,64","9,69"
2026-10-08 07:52,"17,0",67,"10,8","0,64","9,69"
2026-10-08 07:53,"17,0",68,"11,0","0,62","9,84"
2026-10-08 07:54,"17,0",68,"11,0","0,62","9,84"
2026-10-08 07:55,"17,0",68,"11,0","0,62","9,84"
2026-10-08 07:56,"17,0",68,"11,0","0,62","9,84"
2026-10-08 07:57,"17,0",68,"11,0","0,62","9,84"
2026-10-08 07:58,"17,0",68,"11,0","0,62","9,84"
2026-10-08 07:59,"17,0",68,"11,0","0,62","9,84"
2026-10-08 08:00,"17,0",68,"11,0","0,62","9,84"
2026-10-08 08:01,"17,0",68,"11,0","0,62","9,84"
2026-10-08 08:02,"17,0",68,"11,0","0,62","9,84"
2026-10-08 08:03,"17,0",68,"11,0","0,62","9,84"
2026-10-08 08:04,"17,0",68,"11,0","0,62","9,84"
2026-10-08 08:05,"17,0",68,"11,0","0,62","9,84"
2026-10-08 08:06,"17,0",68,"11,0","0,62","9,84"
2026-10-08 08:07,"17,0",68,"11,0","0,62","9,84"
2026-10-08 08:08,"17,0",68,"11,0","0,62","9,84"
2026-10-08 08:09,"17,0",68,"11,0","0,62","9,84"
2026-10-08 08:10,"17,0",68,"11,0","0,62","9,84"
2026-10-08 08:11,"17,0",68,"11,0","0,62","9,84"
2026-10-08 08:12,"17,0",68,"11,0","0,62","9,84"
2026-10-08 08:13,"17,0",68,"11,0","0,62","9,84"
2026-10-08 08:14,"17,0",68,"11,0","0,62","9,84"
2026-10-08 08:15,"17,0",68,"11,0","0,62","9,84"
2026-10-08 08:16,"17,0",68,"11,0","0,62","9,84"
2026-10-08 08:17,"17,0",68,"11,0","0,62","9,84"
2026-10-08 08:18,"17,0",68,"11,0","0,62","9,84"
2026-10-08 08:19,"17,0",68,"11,0","0,62","9,84"
2026-10-08 08:20,"17,0",68,"11,0","0,62","9,84"
2026-10-08 08:21,"17,0",68,"11,0","0,62","9,84"
2026-10-08 08:22,"17,0",68,"11,0","0,62","9,84"
2026-10-08 08:23,"17,0",68,"11,0","0,62","9,84"
2026-10-08 08:24,"17,0",68,"11,0","0,62","9,84"
2026-10-08 08:25,"17,0",68,"11,0","0,62","9,84"
2026-10-08 08:26,"17,0",68,"11,0","0,62","9,84"
2026-10-08 08:27,"17,0",68,"11,0","0,62","9,84"
2026-10-08 08:28,"17,0",68,"11,0","0,62","9,84"
2026-10-08 08:29,"17,0",68,"11,0","0,62","9,84"
2026-10-08 08:30,"17,0",68,"11,0","0,62","9,84"
2026-10-08 08:31,"17,0",68,"11,0","0,62","9,84"
2026-10-08 08:32,"17,0",68,"11,0","0,62","9,84"
2026-10-08 08:33,"17,0",68,"11,0","0,62","9,84"
2026-10-08 08:34,"17,0",68,"11,0","0,62","9,84"
2026-10-08 08:35,"17,0",68,"11,0","0,62","9,84"
2026-10-08 08:36,"17,0",68,"11,0","0,62","9,84"
2026-10-08 08:37,"17,0",68,"11,0","0,62","9,84"
2026-10-08 08:38,"17,0",68,"11,0","0,62","9,84"
2026-10-08 08:39,"17,0",68,"11,0","0,62","9,84"
2026-10-08 08:40,"17,0",68,"11,0","0,62","9,84"
2026-10-08 08:41,"17,0",68,"11,0","0,62","9,84"
2026-10-08 08:42,"17,0",68,"11,0","0,62","9,84"
2026-10-08 08:43,"17,0",68,"11,0","0,62","9,84"
2026-10-08 08:44,"17,0",68,"11,0","0,62","9,84"
2026-10-08 08:45,"17,0",68,"11,0","0,62","9,84"
2026-10-08 08:46,"17,0",68,"11,0","0,62","9,84"
2026-10-08 08:47,"17,0",68,"11,0","0,62","9,84"
2026-10-08 08:48,"17,0",68,"11,0","0,62","9,84"
2026-10-08 08:49,"17,0",68,"11,0","0,62","9,84"
2026-10-08 08:50,"17,0",68,"11,0","0,62","9,84"
2026-10-08 08:51,"17,0",68,"11,0","0,62","9,84"
2026-10-08 08:52,"17,0",68,"11,0","0,62","9,84"
2026-10-08 08:53,"17,0",68,"11,0","0,62","9,84"
2026-10-08 08:54,"17,0",68,"11,0","0,62","9,84"
2026-10-08 08:55,"17,0",68,"11,0","0,62","9,84"
2026-10-08 08:56,"17,0",68,"11,0","0,62","9,84"
2026-10-08 08:57,"17,0",68,"11,0","0,62","9,84"
2026-10-08 08:58,"17,0",68,"11,0","0,62","9,84"
2026-10-08 08:59,"17,0",68,"11,0","0,62","9,84"
2026-10-08 09:00,"17,0",68,"11,0","0,62","9,84"
2026-10-08 09:01,"17,0",68,"11,0","0,62","9,84"
2026-10-08 09:02,"17,0",68,"11,0","0,62","9,84"
2026-10-08 09:03,"17,0",68,"11,0","0,62","9,84"
2026-10-08 09:04,"17,0",68,"11,0","0,62","9,84"
2026-10-08 09:05,"17,0",68,"11,0","0,62","9,84"
2026-10-08 09:06,"17,0",68,"11,0","0,62","9,84"
2026-10-08 09:07,"17,0",68,"11,0","0,62","9,84"
2026-10-08 09:08,"17,0",68,"11,0","0,62","9,84"
2026-10-08 09:09,"17,0",68,"11,0","0,62","9,84"
2026-10-08 09:10,"17,0",68,"11,0","0,62","9,84"
2026-10-08 09:11,"17,0",68,"11,0","0,62","9,84"
2026-10-08 09:12,"17,0",68,"11,0","0,62","9,84"
2026-10-08 09:13,"17,0",68,"11,0","0,62","9,84"
2026-10-08 09:14,"17,0",68,"11,0","0,62","9,84"
2026-10-08 09:15,"17,0",68,"11,0","0,62","9,84"
2026-10-08 09:16,"17,0",68,"11,0","0,62","9,84"
2026-10-08 09:17,"17,0",68,"11,0","0,62","9,84"
2026-10-08 09:18,"17,0",68,"11,0","0,62","9,84"
2026-10-08 09:19,"17,0",68,"11,0","0,62","9,84"
2026-10-08 09:20,"17,0",68,"11,0","0,62","9,84"
2026-10-08 09:21,"17,0",68,"11,0","0,62","9,84"
2026-10-08 09:22,"17,0",68,"11,0","0,62","9,84"
2026-10-08 09:23,"17,0",68,"11,0","0,62","9,84"
2026-10-08 09:24,"17,0",68,"11,0","0,62","9,84"
2026-10-08 09:25,"17,0",68,"11,0","0,62","9,84"
2026-10-08 09:26,"17,0",68,"11,0","0,62","9,84"
2026-10-08 09:27,"17,0",68,"11,0","0,62","9,84"
2026-10-08 09:28,"17,0",68,"11,0","0,62","9,84"
2026-10-08 09:29,"17,0",68,"11,0","0,62","9,84"
2026-10-08 09:30,"17,0",68,"11,0","0,62","9,84"
2026-10-08 09:31,"17,0",68,"11,0","0,62","9,84"
2026-10-08 09:32,"17,0",68,"11,0","0,62","9,84"
2026-10-08 09:33,"17,0",68,"11,0","0,62","9,84"
2026-10-08 09:34,"17,0",68,"11,0","0,62","9,84"
2026-10-08 09:35,"17,0",68,"11,0","0,62","9,84"
2026-10-08 09:36,"17,0",68,"11,0","0,62","9,84"
2026-10-08 09:37,"17,0",68,"11,0","0,62","9,84"
2026-10-08 09:38,"17,0",68,"11,0","0,62","9,84"
2026-10-08 09:39,"17,0",68,"11,0","0,62","9,84"
2026-10-08 09:40,"17,0",68,"11,0","0,62","9,84"
2026-10-08 09:41,"17,0",68,"11,0","0,62","9,84"
2026-10-08 09:42,"17,0",68,"11,0","0,62","9,84"
2026-10-08 09:43,"17,0",68,"11,0","0,62","9,84"
2026-10-08 09:44,"17,0",68,"11,0","0,62","9,84"
2026-10-08 09:45,"17,0",68,"11,0","0,62","9,84"
2026-10-08 09:46,"17,0",68,"11,0","0,62","9,84"
2026-10-08 09:47,"17,0",68,"11,0","0,62","9,84"
2026-10-08 09:48,"17,0",68,"11,0","0,62","9,84"
2026-10-08 09:49,"17,0",68,"11,0","0,62","9,84"
2026-10-08 09:50,"17,0",68,"11,0","0,62","9,84"
2026-10-08 09:51,"17,0",68,"11,0","0,62","9,84"
2026-10-08 09:52,"17,0",68,"11,0","0,62","9,84"
2026-10-08 09:53,"17,0",68,"11,0","0,62","9,84"
2026-10-08 09:54,"17,0",68,"11,0","0,62","9,84"
2026-10-08 09:55,"17,0",68,"11,0","0,62","9,84"
2026-10-08 09:56,"17,0",68,"11,0","0,62","9,84"
2026-10-08 09:57,"17,0",68,"11,0","0,62","9,84"
2026-10-08 09:58,"17,0",68,"11,0","0,62","9,84"
2026-10-08 09:59,"17,0",68,"11,0","0,62","9,84"
2026-10-08 10:00,"17,0",68,"11,0","0,62","9,84"
2026-10-08 10:01,"17,0",68,"11,0","0,62","9,84"
2026-10-08 10:02,"17,0",68,"11,0","0,62","9,84"
2026-10-08 10:03,"17,0",68,"11,0","0,62","9,84"
2026-10-08 10:04,"17,0",68,"11,0","0,62","9,84"
2026-10-08 10:05,"17,0",69,"11,3","0,60","9,98"
2026-10-08 10:06,"17,0",69,"11,3","0,60","9,98"
2026-10-08 10:07,"17,0",69,"11,3","0,60","9,98"
2026-10-08 10:08,"17,0",69,"11,3","0,60","9,98"
2026-10-08 10:09,"17,0",69,"11,3","0,60","9,98"
2026-10-08 10:10,"17,0",69,"11,3","0,60","9,98"
2026-10-08 10:11,"17,0",69,"11,3","0,60","9,98"
2026-10-08 10:12,"17,0",69,"11,3","0,60","9,98"
2026-10-08 10:13,"17,0",69,"11,3","0,60","9,98"
2026-10-08 10:14,"17,0",69,"11,3","0,60","9,98"
2026-10-08 10:15,"17,0",69,"11,3","0,60","9,98"
2026-10-08 10:16,"17,0",69,"11,3","0,60","9,98"
2026-10-08 10:17,"17,0",69,"11,3","0,60","9,98"
2026-10-08 10:18,"17,0",69,"11,3","0,60","9,98"
2026-10-08 10:19,"17,0",69,"11,3","0,60","9,98"
2026-10-08 10:20,"17,0",69,"11,3","0,60","9,98"
2026-10-08 10:21,"17,0",69,"11,3","0,60","9,98"
2026-10-08 10:22,"17,0",69,"11,3","0,60","9,98"
2026-10-08 10:23,"17,0",69,"11,3","0,60","9,98"
2026-10-08 10:24,"17,0",69,"11,3","0,60","9,98"
2026-10-08 10:25,"17,0",69,"11,3","0,60","9,98"
2026-10-08 10:26,"17,0",69,"11,3","0,60","9,98"
2026-10-08 10:27,"17,0",69,"11,3","0,60","9,98"
2026-10-08 10:28,"17,0",69,"11,3","0,60","9,98"
2026-10-08 10:29,"17,0",69,"11,3","0,60","9,98"
2026-10-08 10:30,"17,0",69,"11,3","0,60","9,98"
2026-10-08 10:31,"17,0",69,"11,3","0,60","9,98"
2026-10-08 10:32,"17,0",69,"11,3","0,60","9,98"
2026-10-08 10:33,"17,0",69,"11,3","0,60","9,98"
2026-10-08 10:34,"17,0",69,"11,3","0,60","9,98"
2026-10-08 10:35,"17,0",69,"11,3","0,60","9,98"
2026-10-08 10:36,"17,0",69,"11,3","0,60","9,98"
2026-10-08 10:37,"17,0",69,"11,3","0,60","9,98"
2026-10-08 10:38,"17,0",69,"11,3","0,60","9,98"
2026-10-08 10:39,"17,0",69,"11,3","0,60","9,98"
2026-10-08 10:40,"17,0",69,"11,3","0,60","9,98"
2026-10-08 10:41,"17,0",69,"11,3","0,60","9,98"
2026-10-08 10:42,"17,0",69,"11,3","0,60","9,98"
2026-10-08 10:43,"17,0",69,"11,3","0,60","9,98"
2026-10-08 10:44,"17,0",69,"11,3","0,60","9,98"
2026-10-08 10:45,"17,0",69,"11,3","0,60","9,98"
2026-10-08 10:46,"17,0",69,"11,3","0,60","9,98"
2026-10-08 10:47,"17,0",69,"11,3","0,60","9,98"
2026-10-08 10:48,"17,0",69,"11,3","0,60","9,98"
2026-10-08 10:49,"17,0",69,"11,3","0,60","9,98"
2026-10-08 10:50,"17,0",69,"11,3","0,60","9,98"
2026-10-08 10:51,"17,0",69,"11,3","0,60","9,98"
2026-10-08 10:52,"17,0",69,"11,3","0,60","9,98"
2026-10-08 10:53,"17,0",69,"11,3","0,60","9,98"
2026-10-08 10:54,"17,0",69,"11,3","0,60","9,98"
2026-10-08 10:55,"17,0",69,"11,3","0,60","9,98"
2026-10-08 10:56,"17,0",69,"11,3","0,60","9,98"
2026-10-08 10:57,"17,0",69,"11,3","0,60","9,98"
2026-10-08 10:58,"17,0",69,"11,3","0,60","9,98"
2026-10-08 10:59,"17,0",69,"11,3","0,60","9,98"
2026-10-08 11:00,"17,0",69,"11,3","0,60","9,98"
2026-10-08 11:01,"17,0",69,"11,3","0,60","9,98"
2026-10-08 11:02,"17,0",69,"11,3","0,60","9,98"
2026-10-08 11:03,"17,0",69,"11,3","0,60","9,98"
2026-10-08 11:04,"17,0",69,"11,3","0,60","9,98"
2026-10-08 11:05,"17,0",69,"11,3","0,60","9,98"
2026-10-08 11:06,"17,0",69,"11,3","0,60","9,98"
2026-10-08 11:07,"17,0",69,"11,3","0,60","9,98"
2026-10-08 11:08,"17,0",69,"11,3","0,60","9,98"
2026-10-08 11:09,"17,0",69,"11,3","0,60","9,98"
2026-10-08 11:10,"17,0",69,"11,3","0,60","9,98"
2026-10-08 11:11,"17,0",69,"11,3","0,60","9,98"
2026-10-08 11:12,"17,0",69,"11,3","0,60","9,98"
2026-10-08 11:13,"17,0",69,"11,3","0,60","9,98"
2026-10-08 11:14,"17,0",69,"11,3","0,60","9,98"
2026-10-08 11:15,"17,0",69,"11,3","0,60","9,98"
2026-10-08 11:16,"17,0",69,"11,3","0,60","9,98"
2026-10-08 11:17,"17,0",69,"11,3","0,60","9,98"
2026-10-08 11:18,"17,0",69,"11,3","0,60","9,98"
2026-10-08 11:19,"17,0",69,"11,3","0,60","9,98"
2026-10-08 11:20,"17,0",69,"11,3","0,60","9,98"
2026-10-08 11:21,"17,0",69,"11,3","0,60","9,98"
2026-10-08 11:22,"17,0",69,"11,3","0,60","9,98"
2026-10-08 11:23,"17,0",69,"11,3","0,60","9,98"
2026-10-08 11:24,"17,0",69,"11,3","0,60","9,98"
2026-10-08 11:25,"17,0",69,"11,3","0,60","9,98"
2026-10-08 11:26,"17,0",69,"11,3","0,60","9,98"
2026-10-08 11:27,"17,0",69,"11,3","0,60","9,98"
2026-10-08 11:28,"17,0",69,"11,3","0,60","9,98"
2026-10-08 11:29,"17,0",69,"11,3","0,60","9,98"
2026-10-08 11:30,"17,0",69,"11,3","0,60","9,98"
2026-10-08 11:31,"17,0",69,"11,3","0,60","9,98"
2026-10-08 11:32,"17,0",69,"11,3","0,60","9,98"
2026-10-08 11:33,"17,0",69,"11,3","0,60","9,98"
2026-10-08 11:34,"17,0",69,"11,3","0,60","9,98"
2026-10-08 11:35,"17,0",69,"11,3","0,60","9,98"
2026-10-08 11:36,"17,0",69,"11,3","0,60","9,98"
2026-10-08 11:37,"17,0",69,"11,3","0,60","9,98"
2026-10-08 11:38,"17,0",69,"11,3","0,60","9,98"
2026-10-08 11:39,"17,0",69,"11,3","0,60","9,98"
2026-10-08 11:40,"17,0",69,"11,3","0,60","9,98"
2026-10-08 11:41,"17,0",69,"11,3","0,60","9,98"
2026-10-08 11:42,"17,0",69,"11,3","0,60","9,98"
2026-10-08 11:43,"17,0",69,"11,3","0,60","9,98"
2026-10-08 11:44,"17,0",69,"11,3","0,60","9,98"
2026-10-08 11:45,"17,0",69,"11,3","0,60","9,98"
2026-10-08 11:46,"17,0",69,"11,3","0,60","9,98"
2026-10-08 11:47,"17,0",69,"11,3","0,60","9,98"
2026-10-08 11:48,"17,0",69,"11,3","0,60","9,98"
2026-10-08 11:49,"17,0",69,"11,3","0,60","9,98"
2026-10-08 11:50,"17,0",69,"11,3","0,60","9,98"
2026-10-08 11:51,"17,0",69,"11,3","0,60","9,98"
2026-10-08 11:52,"17,0",69,"11,3","0,60","9,98"
2026-10-08 11:53,"17,0",69,"11,3","0,60","9,98"
2026-10-08 11:54,"17,0",69,"11,3","0,60","9,98"
2026-10-08 11:55,"17,0",69,"11,3","0,60","9,98"
2026-10-08 11:56,"17,0",69,"11,3","0,60","9,98"
2026-10-08 11:57,"17,0",69,"11,3","0,60","9,98"
2026-10-08 11:58,"17,0",69,"11,3","0,60","9,98"
2026-10-08 11:59,"17,0",69,"11,3","0,60","9,98"
2026-10-08 12:00,"17,0",69,"11,3","0,60","9,98"
2026-10-08 12:01,"17,0",70,"11,5","0,58","10,13"
2026-10-08 12:02,"17,0",70,"11,5","0,58","10,13"
2026-10-08 12:03,"17,0",70,"11,5","0,58","10,13"
2026-10-08 12:04,"17,0",70,"11,5","0,58","10,13"
2026-10-08 12:05,"17,0",70,"11,5","0,58","10,13"
2026-10-08 12:06,"17,0",70,"11,5","0,58","10,13"
2026-10-08 12:07,"17,0",70,"11,5","0,58","10,13"
2026-10-08 12:08,"17,0",70,"11,5","0,58","10,13"
2026-10-08 12:09,"17,0",70,"11,5","0,58","10,13"
2026-10-08 12:10,"17,0",70,"11,5","0,58","10,13"
2026-10-08 12:11,"17,0",70,"11,5","0,58","10,13"
2026-10-08 12:12,"17,0",70,"11,5","0,58","10,13"
2026-10-08 12:13,"17,0",70,"11,5","0,58","10,13"
2026-10-08 12:14,"17,0",70,"11,5","0,58","10,13"
2026-10-08 12:15,"17,0",70,"11,5","0,58","10,13"
2026-10-08 12:16,"17,0",70,"11,5","0,58","10,13"
2026-10-08 12:17,"17,0",70,"11,5","0,58","10,13"
2026-10-08 12:18,"17,0",70,"11,5","0,58","10,13"
2026-10-08 12:19,"17,0",70,"11,5","0,58","10,13"
2026-10-08 12:20,"17,0",70,"11,5","0,58","10,13"
2026-10-08 12:21,"17,0",70,"11,5","0,58","10,13"
2026-10-08 12:22,"17,0",70,"11,5","0,58","10,13"
2026-10-08 12:23,"17,0",70,"11,5","0,58","10,13"
2026-10-08 12:24,"17,0",70,"11,5","0,58","10,13"
2026-10-08 12:25,"17,0",70,"11,5","0,58","10,13"
2026-10-08 12:26,"17,0",70,"11,5","0,58","10,13"
2026-10-08 12:27,"17,0",70,"11,5","0,58","10,13"
2026-10-08 12:28,"17,0",70,"11,5","0,58","10,13"
2026-10-08 12:29,"17,0",70,"11,5","0,58","10,13"
2026-10-08 12:30,"17,0",70,"11,5","0,58","10,13"
2026-10-08 12:31,"17,0",70,"11,5","0,58","10,13"
2026-10-08 12:32,"17,0",70,"11,5","0,58","10,13"
2026-10-08 12:33,"17,0",70,"11,5","0,58","10,13"
2026-10-08 12:34,"17,0",70,"11,5","0,58","10,13"
2026-10-08 12:35,"17,0",70,"11,5","0,58","10,13"
2026-10-08 12:36,"17,0",70,"11,5","0,58","10,13"
2026-10-08 12:37,"17,0",70,"11,5","0,58","10,13"
2026-10-08 12:38,"17,0",70,"11,5","0,58","10,13"
2026-10-08 12:39,"17,0",70,"11,5","0,58","10,13"
2026-10-08 12:40,"17,0",70,"11,5","0,58","10,13"
2026-10-08 12:41,"17,0",70,"11,5","0,58","10,13"
2026-10-08 12:42,"17,0",70,"11,5","0,58","10,13"
2026-10-08 12:43,"17,0",70,"11,5","0,58","10,13"
2026-10-08 12:44,"17,0",70,"11,5","0,58","10,13"
2026-10-08 12:45,"17,0",70,"11,5","0,58","10,13"
2026-10-08 12:46,"17,0",70,"11,5","0,58","10,13"
2026-10-08 12:47,"17,0",70,"11,5","0,58","10,13"
2026-10-08 12:48,"17,0",70,"11,5","0,58","10,13"
2026-10-08 12:49,"17,0",70,"11,5","0,58","10,13"
2026-10-08 12:50,"17,0",70,"11,5","0,58","10,13"
2026-10-08 12:51,"17,0",70,"11,5","0,58","10,13"
2026-10-08 12:52,"17,0",70,"11,5","0,58","10,13"
2026-10-08 12:53,"17,0",70,"11,5","0,58","10,13"
2026-10-08 12:54,"17,0",70,"11,5","0,58","10,13"
2026-10-08 12:55,"17,0",70,"11,5","0,58","10,13"
2026-10-08 12:56,"17,0",70,"11,5","0,58","10,13"
2026-10-08 12:57,"17,0",70,"11,5","0,58","10,13"
2026-10-08 12:58,"17,0",70,"11,5","0,58","10,13"
2026-10-08 12:59,"17,0",70,"11,5","0,58","10,13"
2026-10-08 13:00,"17,0",70,"11,5","0,58","10,13"
2026-10-08 13:01,"17,0",70,"11,5","0,58","10,13"
2026-10-08 13:02,"17,0",70,"11,5","0,58","10,13"
2026-10-08 13:03,"17,0",70,"11,5","0,58","10,13"
2026-10-08 13:04,"17,0",70,"11,5","0,58","10,13"
2026-10-08 13:05,"17,0",70,"11,5","0,58","10,13"
2026-10-08 13:06,"17,0",70,"11,5","0,58","10,13"
2026-10-08 13:07,"17,0",70,"11,5","0,58","10,13"
2026-10-08 13:08,"17,0",70,"11,5","0,58","10,13"
2026-10-08 13:09,"17,0",70,"11,5","0,58","10,13"
2026-10-08 13:10,"17,0",70,"11,5","0,58","10,13"
2026-10-08 13:11,"17,0",70,"11,5","0,58","10,13"
2026-10-08 13:12,"17,0",70,"11,5","0,58","10,13"
2026-10-08 13:13,"17,0",70,"11,5","0,58","10,13"
2026-10-08 13:14,"17,0",70,"11,5","0,58","10,13"
2026-10-08 13:15,"17,0",70,"11,5","0,58","10,13"
2026-10-08 13:16,"17,0",70,"11,5","0,58","10,13"
2026-10-08 13:17,"17,0",70,"11,5","0,58","10,13"
2026-10-08 13:18,"17,0",70,"11,5","0,58","10,13"
2026-10-08 13:19,"17,0",70,"11,5","0,58","10,13"
2026-10-08 13:20,"17,0",70,"11,5","0,58","10,13"
2026-10-08 13:21,"17,0",70,"11,5","0,58","10,13"
2026-10-08 13:22,"17,0",70,"11,5","0,58","10,13"
2026-10-08 13:23,"17,0",70,"11,5","0,58","10,13"
2026-10-08 13:24,"17,0",70,"11,5","0,58","10,13"
2026-10-08 13:25,"17,0",70,"11,5","0,58","10,13"
2026-10-08 13:26,"17,0",70,"11,5","0,58","10,13"
2026-10-08 13:27,"17,0",70,"11,5","0,58","10,13"
2026-10-08 13:28,"17,0",70,"11,5","0,58","10,13"
2026-10-08 13:29,"17,0",70,"11,5","0,58","10,13"
2026-10-08 13:30,"17,0",70,"11,5","0,58","10,13"
2026-10-08 13:31,"17,0",70,"11,5","0,58","10,13"
2026-10-08 13:32,"17,0",70,"11,5","0,58","10,13"
2026-10-08 13:33,"17,0",70,"11,5","0,58","10,13"
2026-10-08 13:34,"17,0",70,"11,5","0,58","10,13"
2026-10-08 13:35,"17,0",70,"11,5","0,58","10,13"
2026-10-08 13:36,"17,0",70,"11,5","0,58","10,13"
2026-10-08 13:37,"17,0",70,"11,5","0,58","10,13"
2026-10-08 13:38,"17,0",70,"11,5","0,58","10,13"
2026-10-08 13:39,"17,0",70,"11,5","0,58","10,13"
2026-10-08 13:40,"17,0",70,"11,5","0,58","10,13"
2026-10-08 13:41,"17,0",70,"11,5","0,58","10,13"
2026-10-08 13:42,"17,0",70,"11,5","0,58","10,13"
2026-10-08 13:43,"17,0",70,"11,5","0,58","10,13"
2026-10-08 13:44,"17,0",70,"11,5","0,58","10,13"
2026-10-08 13:45,"17,0",70,"11,5","0,58","10,13"
2026-10-08 13:46,"17,0",70,"11,5","0,58","10,13"
2026-10-08 13:47,"17,0",70,"11,5","0,58","10,13"
2026-10-08 13:48,"17,0",70,"11,5","0,58","10,13"
2026-10-08 13:49,"17,0",70,"11,5","0,58","10,13"
2026-10-08 13:50,"17,0",70,"11,5","0,58","10,13"
2026-10-08 13:51,"17,0",70,"11,5","0,58","10,13"
2026-10-08 13:52,"17,0",70,"11,5","0,58","10,13"
2026-10-08 13:53,"17,0",70,"11,5","0,58","10,13"
2026-10-08 13:54,"17,0",70,"11,5","0,58","10,13"
2026-10-08 13:55,"17,0",70,"11,5","0,58","10,13"
2026-10-08 13:56,"17,0",70,"11,5","0,58","10,13"
2026-10-08 13:57,"17,0",70,"11,5","0,58","10,13"
2026-10-08 13:58,"17,0",70,"11,5","0,58","10,13"
2026-10-08 13:59,"17,0",70,"11,5","0,58","10,13"
2026-10-08 14:00,"17,0",70,"11,5","0,58","10,13"
2026-10-08 14:01,"17,0",70,"11,5","0,58","10,13"
2026-10-08 14:02,"17,0",70,"11,5","0,58","10,13"
2026-10-08 14:03,"17,0",70,"11,5","0,58","10,13"
2026-10-08 14:04,"17,0",70,"11,5","0,58","10,13"
2026-10-08 14:05,"17,0",70,"11,5","0,58","10,13"
2026-10-08 14:06,"17,0",70,"11,5","0,58","10,13"
2026-10-08 14:07,"17,0",70,"11,5","0,58","10,13"
2026-10-08 14:08,"17,0",70,"11,5","0,58","10,13"
2026-10-08 14:09,"17,0",70,"11,5","0,58","10,13"
2026-10-08 14:10,"17,0",70,"11,5","0,58","10,13"
2026-10-08 14:11,"17,0",70,"11,5","0,58","10,13"
2026-10-08 14:12,"17,0",70,"11,5","0,58","10,13"
2026-10-08 14:13,"17,0",70,"11,5","0,58","10,13"
2026-10-08 14:14,"17,0",70,"11,5","0,58","10,13"
2026-10-08 14:15,"17,0",70,"11,5","0,58","10,13"
2026-10-08 14:16,"17,0",70,"11,5","0,58","10,13"
2026-10-08 14:17,"17,0",70,"11,5","0,58","10,13"
2026-10-08 14:18,"17,0",70,"11,5","0,58","10,13"
2026-10-08 14:19,"17,0",71,"11,7","0,56","10,27"
2026-10-08 14:20,"17,0",71,"11,7","0,56","10,27"
2026-10-08 14:21,"17,0",71,"11,7","0,56","10,27"
2026-10-08 14:22,"17,0",71,"11,7","0,56","10,27"
2026-10-08 14:23,"17,0",71,"11,7","0,56","10,27"
2026-10-08 14:24,"17,0",71,"11,7","0,56","10,27"
2026-10-08 14:25,"17,0",71,"11,7","0,56","10,27"
2026-10-08 14:26,"17,0",71,"11,7","0,56","10,27"
2026-10-08 14:27,"17,0",71,"11,7","0,56","10,27"
2026-10-08 14:28,"17,0",71,"11,7","0,56","10,27"
2026-10-08 14:29,"17,0",71,"11,7","0,56","10,27"
2026-10-08 14:30,"17,0",71,"11,7","0,56","10,27"
2026-10-08 14:31,"17,0",71,"11,7","0,56","10,27"
2026-10-08 14:32,"17,0",71,"11,7","0,56","10,27"
2026-10-08 14:33,"17,0",71,"11,7","0,56","10,27"
2026-10-08 14:34,"17,0",71,"11,7","0,56","10,27"
2026-10-08 14:35,"17,0",71,"11,7","0,56","10,27"
2026-10-08 14:36,"17,0",71,"11,7","0,56","10,27"
2026-10-08 14:37,"17,0",71,"11,7","0,56","10,27"
2026-10-08 14:38,"17,0",71,"11,7","0,56","10,27"
2026-10-08 14:39,"17,0",71,"11,7","0,56","10,27"
2026-10-08 14:40,"17,0",71,"11,7","0,56","10,27"
2026-10-08 14:41,"17,0",71,"11,7","0,56","10,27"
2026-10-08 14:42,"17,0",71,"11,7","0,56","10,27"
2026-10-08 14:43,"17,0",71,"11,7","0,56","10,27"
2026-10-08 14:44,"17,0",71,"11,7","0,56","10,27"
2026-10-08 14:45,"17,0",71,"11,7","0,56","10,27"
2026-10-08 14:46,"17,0",71,"11,7","0,56","10,27"
2026-10-08 14:47,"17,0",71,"11,7","0,56","10,27"
2026-10-08 14:48,"17,0",71,"11,7","0,56","10,27"
2026-10-08 14:49,"17,0",71,"11,7","0,56","10,27"
2026-10-08 14:50,"17,0",71,"11,7","0,56","10,27"
2026-10-08 14:51,"17,0",71,"11,7","0,56","10,27"
2026-10-08 14:52,"17,0",71,"11,7","0,56","10,27"
2026-10-08 14:53,"17,0",71,"11,7","0,56","10,27"
2026-10-08 14:54,"17,0",71,"11,7","0,56","10,27"
2026-10-08 14:55,"17,0",71,"11,7","0,56","10,27"
2026-10-08 14:56,"17,0",71,"11,7","0,56","10,27"
2026-10-08 14:57,"17,0",71,"11,7","0,56","10,27"
2026-10-08 14:58,"17,0",71,"11,7","0,56","10,27"
2026-10-08 14:59,"17,0",71,"11,7","0,56","10,27"
2026-10-08 15:00,"17,0",71,"11,7","0,56","10,27"
2026-10-08 15:01,"17,0",71,"11,7","0,56","10,27"
2026-10-08 15:02,"17,0",71,"11,7","0,56","10,27"
2026-10-08 15:03,"17,0",71,"11,7","0,56","10,27"
2026-10-08 15:04,"17,0",71,"11,7","0,56","10,27"
2026-10-08 15:05,"17,0",71,"11,7","0,56","10,27"
2026-10-08 15:06,"17,0",71,"11,7","0,56","10,27"
2026-10-08 15:07,"17,0",71,"11,7","0,56","10,27"
2026-10-08 15:08,"17,0",71,"11,7","0,56","10,27"
2026-10-08 15:09,"17,0",71,"11,7","0,56","10,27"
2026-10-08 15:10,"17,0",71,"11,7","0,56","10,27"
2026-10-08 15:11,"17,0",71,"11,7","0,56","10,27"
2026-10-08 15:12,"17,0",71,"11,7","0,56","10,27"
2026-10-08 15:13,"17,0",71,"11,7","0,56","10,27"
2026-10-08 15:14,"17,0",71,"11,7","0,56","10,27"
2026-10-08 15:15,"17,0",71,"11,7","0,56","10,27"
2026-10-08 15:16,"17,0",71,"11,7","0,56","10,27"
2026-10-08 15:17,"17,0",71,"11,7","0,56","10,27"
2026-10-08 15:18,"17,0",71,"11,7","0,56","10,27"
2026-10-08 15:19,"17,0",71,"11,7","0,56","10,27"
2026-10-08 15:20,"17,0",71,"11,7","0,56","10,27"
2026-10-08 15:21,"17,0",71,"11,7","0,56","10,27"
2026-10-08 15:22,"17,0",71,"11,7","0,56","10,27"
2026-10-08 15:23,"17,0",71,"11,7","0,56","10,27"
2026-10-08 15:24,"17,0",71,"11,7","0,56","10,27"
2026-10-08 15:25,"17,0",71,"11,7","0,56","10,27"
2026-10-08 15:26,"17,0",71,"11,7","0,56","10,27"
2026-10-08 15:27,"17,0",71,"11,7","0,56","10,27"
2026-10-08 15:28,"17,0",71,"11,7","0,56","10,27"
2026-10-08 15:29,"17,0",71,"11,7","0,56","10,27"
2026-10-08 15:30,"17,0",71,"11,7","0,56","10,27"
2026-10-08 15:31,"17,0",71,"11,7","0,56","10,27"
2026-10-08 15:32,"17,0",71,"11,7","0,56","10,27"
2026-10-08 15:33,"17,0",71,"11,7","0,56","10,27"
2026-10-08 15:34,"17,0",71,"11,7","0,56","10,27"
2026-10-08 15:35,"17,0",71,"11,7","0,56","10,27"
2026-10-08 15:36,"17,0",71,"11,7","0,56","10,27"
2026-10-08 15:37,"17,0",71,"11,7","0,56","10,27"
2026-10-08 15:38,"17,0",71,"11,7","0,56","10,27"
2026-10-08 15:39,"17,0",71,"11,7","0,56","10,27"
2026-10-08 15:40,"17,0",71,"11,7","0,56","10,27"
2026-10-08 15:41,"17,0",71,"11,7","0,56","10,27"
2026-10-08 15:42,"17,0",71,"11,7","0,56","10,27"
2026-10-08 15:43,"17,0",71,"11,7","0,56","10,27"
2026-10-08 15:44,"17,0",71,"11,7","0,56","10,27"
2026-10-08 15:45,"17,0",71,"11,7","0,56","10,27"
2026-10-08 15:46,"17,0",71,"11,7","0,56","10,27"
2026-10-08 15:47,"17,0",71,"11,7","0,56","10,27"
2026-10-08 15:48,"17,0",71,"11,7","0,56","10,27"
2026-10-08 15:49,"17,0",71,"11,7","0,56","10,27"
2026-10-08 15:50,"17,0",71,"11,7","0,56","10,27"
2026-10-08 15:51,"17,0",71,"11,7","0,56","10,27"
2026-10-08 15:52,"17,0",71,"11,7","0,56","10,27"
2026-10-08 15:53,"17,0",71,"11,7","0,56","10,27"
2026-10-08 15:54,"17,0",71,"11,7","0,56","10,27"
2026-10-08 15:55,"17,0",71,"11,7","0,56","10,27"
2026-10-08 15:56,"17,0",71,"11,7","0,56","10,27"
2026-10-08 15:57,"17,0",71,"11,7","0,56","10,27"
2026-10-08 15:58,"17,0",71,"11,7","0,56","10,27"
2026-10-08 15:59,"17,0",71,"11,7","0,56","10,27"
2026-10-08 16:00,"17,0",71,"11,7","0,56","10,27"
2026-10-08 16:01,"17,0",71,"11,7","0,56","10,27"
2026-10-08 16:02,"17,0",71,"11,7","0,56","10,27"
2026-10-08 16:03,"17,0",71,"11,7","0,56","10,27"
2026-10-08 16:04,"17,0",71,"11,7","0,56","10,27"
2026-10-08 16:05,"17,0",71,"11,7","0,56","10,27"
2026-10-08 16:06,"17,0",71,"11,7","0,56","10,27"
2026-10-08 16:07,"17,0",71,"11,7","0,56","10,27"
2026-10-08 16:08,"17,0",71,"11,7","0,56","10,27"
2026-10-08 16:09,"17,0",71,"11,7","0,56","10,27"
2026-10-08 16:10,"17,0",71,"11,7","0,56","10,27"
2026-10-08 16:11,"17,0",71,"11,7","0,56","10,27"
2026-10-08 16:12,"17,0",71,"11,7","0,56","10,27"
2026-10-08 16:13,"17,0",71,"11,7","0,56","10,27"
2026-10-08 16:14,"17,0",71,"11,7","0,56","10,27"
2026-10-08 16:15,"17,0",71,"11,7","0,56","10,27"
2026-10-08 16:16,"17,0",71,"11,7","0,56","10,27"
2026-10-08 16:17,"17,0",71,"11,7","0,56","10,27"
2026-10-08 16:18,"17,0",71,"11,7","0,56","10,27"
2026-10-08 16:19,"17,0",71,"11,7","0,56","10,27"
2026-10-08 16:20,"17,0",71,"11,7","0,56","10,27"
2026-10-08 16:21,"17,0",71,"11,7","0,56","10,27"
2026-10-08 16:22,"17,0",71,"11,7","0,56","10,27"
2026-10-08 16:23,"17,0",71,"11,7","0,56","10,27"
2026-10-08 16:24,"17,0",71,"11,7","0,56","10,27"
2026-10-08 16:25,"17,0",71,"11,7","0,56","10,27"
2026-10-08 16:26,"17,0",71,"11,7","0,56","10,27"
2026-10-08 16:27,"17,0",71,"11,7","0,56","10,27"
2026-10-08 16:28,"17,0",71,"11,7","0,56","10,27"
2026-10-08 16:29,"17,0",71,"11,7","0,56","10,27"
2026-10-08 16:30,"17,0",71,"11,7","0,56","10,27"
2026-10-08 16:31,"17,0",71,"11,7","0,56","10,27"
2026-10-08 16:32,"17,0",71,"11,7","0,56","10,27"
2026-10-08 16:33,"17,0",71,"11,7","0,56","10,27"
2026-10-08 16:34,"17,0",71,"11,7","0,56","10,27"
2026-10-08 16:35,"17,0",71,"11,7","0,56","10,27"
2026-10-08 16:36,"17,0",71,"11,7","0,56","10,27"
2026-10-08 16:37,"17,0",71,"11,7","0,56","10,27"
2026-10-08 16:38,"17,0",71,"11,7","0,56","10,27"
2026-10-08 16:39,"17,0",71,"11,7","0,56","10,27"
2026-10-08 16:40,"17,0",71,"11,7","0,56","10,27"
2026-10-08 16:41,"17,0",71,"11,7","0,56","10,27"
2026-10-08 16:42,"17,0",71,"11,7","0,56","10,27"
2026-10-08 16:43,"17,0",71,"11,7","0,56","10,27"
2026-10-08 16:44,"17,0",71,"11,7","0,56","10,27"
2026-10-08 16:45,"17,0",71,"11,7","0,56","10,27"
2026-10-08 16:46,"17,0",71,"11,7","0,56","10,27"
2026-10-08 16:47,"17,0",71,"11,7","0,56","10,27"
2026-10-08 16:48,"17,0",71,"11,7","0,56","10,27"
2026-10-08 16:49,"17,0",71,"11,7","0,56","10,27"
2026-10-08 16:50,"17,0",71,"11,7","0,56","10,27"
2026-10-08 16:51,"17,0",71,"11,7","0,56","10,27"
2026-10-08 16:52,"17,0",71,"11,7","0,56","10,27"
2026-10-08 16:53,"17,0",71,"11,7","0,56","10,27"
2026-10-08 16:54,"17,0",71,"11,7","0,56","10,27"
2026-10-08 16:55,"17,0",71,"11,7","0,56","10,27"
2026-10-08 16:56,"17,0",71,"11,7","0,56","10,27"
2026-10-08 16:57,"17,0",71,"11,7","0,56","10,27"
2026-10-08 16:58,"17,0",71,"11,7","0,56","10,27"
2026-10-08 16:59,"17,0",71,"11,7","0,56","10,27"
2026-10-08 17:00,"17,0",71,"11,7","0,56","10,27"
2026-10-08 17:01,"17,0",71,"11,7","0,56","10,27"
2026-10-08 17:02,"17,0",71,"11,7","0,56","10,27"
2026-10-08 17:03,"17,0",71,"11,7","0,56","10,27"
2026-10-08 17:04,"17,0",71,"11,7","0,56","10,27"
2026-10-08 17:05,"17,0",71,"11,7","0,56","10,27"
2026-10-08 17:06,"17,0",71,"11,7","0,56","10,27"
2026-10-08 17:07,"17,0",71,"11,7","0,56","10,27"
2026-10-08 17:08,"17,0",71,"11,7","0,56","10,27"
2026-10-08 17:09,"17,0",71,"11,7","0,56","10,27"
2026-10-08 17:10,"17,0",71,"11,7","0,56","10,27"
2026-10-08 17:11,"17,0",71,"11,7","0,56","10,27"
2026-10-08 17:12,"17,0",71,"11,7","0,56","10,27"
2026-10-08 17:13,"17,0",71,"11,7","0,56","10,27"
2026-10-08 17:14,"17,0",71,"11,7","0,56","10,27"
2026-10-08 17:15,"17,0",71,"11,7","0,56","10,27"
2026-10-08 17:16,"17,0",71,"11,7","0,56","10,27"
2026-10-08 17:17,"17,0",71,"11,7","0,56","10,27"
2026-10-08 17:18,"17,0",71,"11,7","0,56","10,27"
2026-10-08 17:19,"17,0",71,"11,7","0,56","10,27"
2026-10-08 17:20,"17,0",71,"11,7","0,56","10,27"
2026-10-08 17:21,"17,0",71,"11,7","0,56","10,27"
2026-10-08 17:22,"17,0",71,"11,7","0,56","10,27"
2026-10-08 17:23,"17,0",71,"11,7","0,56","10,27"
2026-10-08 17:24,"17,0",71,"11,7","0,56","10,27"
2026-10-08 17:25,"17,0",71,"11,7","0,56","10,27"
2026-10-08 17:26,"17,0",71,"11,7","0,56","10,27"
2026-10-08 17:27,"17,0",71,"11,7","0,56","10,27"
2026-10-08 17:28,"17,0",71,"11,7","0,56","10,27"
2026-10-08 17:29,"17,0",71,"11,7","0,56","10,27"
2026-10-08 17:30,"17,0",71,"11,7","0,56","10,27"
2026-10-08 17:31,"17,0",71,"11,7","0,56","10,27"
2026-10-08 17:32,"17,0",71,"11,7","0,56","10,27"
2026-10-08 17:33,"17,0",71,"11,7","0,56","10,27"
2026-10-08 17:34,"17,0",71,"11,7","0,56","10,27"
2026-10-08 17:35,"17,0",71,"11,7","0,56","10,27"
2026-10-08 17:36,"17,0",71,"11,7","0,56","10,27"
2026-10-08 17:37,"17,0",71,"11,7","0,56","10,27"
2026-10-08 17:38,"17,0",71,"11,7","0,56","10,27"
2026-10-08 17:39,"17,0",71,"11,7","0,56","10,27"
2026-10-08 17:40,"17,0",71,"11,7","0,56","10,27"
2026-10-08 17:41,"17,0",71,"11,7","0,56","10,27"
2026-10-08 17:42,"17,0",71,"11,7","0,56","10,27"
2026-10-08 17:43,"17,0",71,"11,7","0,56","10,27"
2026-10-08 17:44,"17,0",71,"11,7","0,56","10,27"
2026-10-08 17:45,"17,0",71,"11,7","0,56","10,27"
2026-10-08 17:46,"17,0",71,"11,7","0,56","10,27"
2026-10-08 17:47,"17,0",71,"11,7","0,56","10,27"
2026-10-08 17:48,"17,0",71,"11,7","0,56","10,27"
2026-10-08 17:49,"17,0",71,"11,7","0,56","10,27"
2026-10-08 17:50,"17,0",71,"11,7","0,56","10,27"
2026-10-08 17:51,"17,0",71,"11,7","0,56","10,27"
2026-10-08 17:52,"17,0",71,"11,7","0,56","10,27"
2026-10-08 17:53,"17,0",71,"11,7","0,56","10,27"
2026-10-08 17:54,"17,0",71,"11,7","0,56","10,27"
2026-10-08 17:55,"17,0",71,"11,7","0,56","10,27"
2026-10-08 17:56,"17,0",71,"11,7","0,56","10,27"
2026-10-08 17:57,"17,0",71,"11,7","0,56","10,27"
2026-10-08 17:58,"17,0",71,"11,7","0,56","10,27"
2026-10-08 17:59,"17,0",71,"11,7","0,56","10,27"
2026-10-08 18:00,"17,0",71,"11,7","0,56","10,27"
2026-10-08 18:01,"17,0",71,"11,7","0,56","10,27"
2026-10-08 18:02,"17,0",71,"11,7","0,56","10,27"
2026-10-08 18:03,"17,0",71,"11,7","0,56","10,27"
2026-10-08 18:04,"17,0",71,"11,7","0,56","10,27"
2026-10-08 18:05,"17,0",71,"11,7","0,56","10,27"
2026-10-08 18:06,"17,0",71,"11,7","0,56","10,27"
2026-10-08 18:07,"17,0",71,"11,7","0,56","10,27"
2026-10-08 18:08,"17,0",71,"11,7","0,56","10,27"
2026-10-08 18:09,"17,0",71,"11,7","0,56","10,27"
2026-10-08 18:10,"17,0",71,"11,7","0,56","10,27"
2026-10-08 18:11,"17,0",71,"11,7","0,56","10,27"
2026-10-08 18:12,"17,0",71,"11,7","0,56","10,27"
2026-10-08 18:13,"17,0",71,"11,7","0,56","10,27"
2026-10-08 18:14,"17,0",71,"11,7","0,56","10,27"
2026-10-08 18:15,"17,0",71,"11,7","0,56","10,27"
2026-10-08 18:16,"17,0",71,"11,7","0,56","10,27"
2026-10-08 18:17,"17,0",71,"11,7","0,56","10,27"
2026-10-08 18:18,"17,0",71,"11,7","0,56","10,27"
2026-10-08 18:19,"17,0",71,"11,7","0,56","10,27"
2026-10-08 18:20,"17,0",71,"11,7","0,56","10,27"
2026-10-08 18:21,"17,0",71,"11,7","0,56","10,27"
2026-10-08 18:22,"17,0",71,"11,7","0,56","10,27"
2026-10-08 18:23,"17,0",71,"11,7","0,56","10,27"
2026-10-08 18:24,"17,0",71,"11,7","0,56","10,27"
2026-10-08 18:25,"17,0",71,"11,7","0,56","10,27"
2026-10-08 18:26,"17,0",71,"11,7","0,56","10,27"
2026-10-08 18:27,"17,0",71,"11,7","0,56","10,27"
2026-10-08 18:28,"17,0",71,"11,7","0,56","10,27"
2026-10-08 18:29,"17,0",71,"11,7","0,56","10,27"
2026-10-08 18:30,"17,0",71,"11,7","0,56","10,27"
2026-10-08 18:31,"17,0",71,"11,7","0,56","10,27"
2026-10-08 18:32,"17,0",71,"11,7","0,56","10,27"
2026-10-08 18:33,"17,0",71,"11,7","0,56","10,27"
2026-10-08 18:34,"17,0",71,"11,7","0,56","10,27"
2026-10-08 18:35,"17,0",71,"11,7","0,56","10,27"
2026-10-08 18:36,"17,0",71,"11,7","0,56","10,27"
2026-10-08 18:37,"17,0",71,"11,7","0,56","10,27"
2026-10-08 18:38,"17,0",71,"11,7","0,56","10,27"
2026-10-08 18:39,"17,0",71,"11,7","0,56","10,27"
2026-10-08 18:40,"17,0",71,"11,7","0,56","10,27"
2026-10-08 18:41,"17,0",71,"11,7","0,56","10,27"
2026-10-08 18:42,"17,0",71,"11,7","0,56","10,27"
2026-10-08 18:43,"17,0",71,"11,7","0,56","10,27"
2026-10-08 18:44,"17,0",71,"11,7","0,56","10,27"
2026-10-08 18:45,"17,0",71,"11,7","0,56","10,27"
2026-10-08 18:46,"17,0",71,"11,7","0,56","10,27"
2026-10-08 18:47,"17,0",71,"11,7","0,56","10,27"
2026-10-08 18:48,"17,0",71,"11,7","0,56","10,27"
2026-10-08 18:49,"17,0",71,"11,7","0,56","10,27"
2026-10-08 18:50,"17,0",71,"11,7","0,56","10,27"
2026-10-08 18:51,"17,0",71,"11,7","0,56","10,27"
2026-10-08 18:52,"17,0",71,"11,7","0,56","10,27"
2026-10-08 18:53,"17,0",71,"11,7","0,56","10,27"
2026-10-08 18:54,"17,0",71,"11,7","0,56","10,27"
2026-10-08 18:55,"17,0",71,"11,7","0,56","10,27"
2026-10-08 18:56,"17,0",71,"11,7","0,56","10,27"
2026-10-08 18:57,"17,0",71,"11,7","0,56","10,27"
2026-10-08 18:58,"17,0",71,"11,7","0,56","10,27"
2026-10-08 18:59,"17,0",71,"11,7","0,56","10,27"
2026-10-08 19:00,"17,0",71,"11,7","0,56","10,27"
2026-10-08 19:01,"17,0",71,"11,7","0,56","10,27"
2026-10-08 19:02,"17,0",71,"11,7","0,56","10,27"
2026-10-08 19:03,"17,0",71,"11,7","0,56","10,27"
2026-10-08 19:04,"17,0",71,"11,7","0,56","10,27"
2026-10-08 19:05,"17,0",71,"11,7","0,56","10,27"
2026-10-08 19:06,"17,0",71,"11,7","0,56","10,27"
2026-10-08 19:07,"17,0",71,"11,7","0,56","10,27"
2026-10-08 19:08,"17,0",71,"11,7","0,56","10,27"
2026-10-08 19:09,"17,0",71,"11,7","0,56","10,27"
2026-10-08 19:10,"17,0",71,"11,7","0,56","10,27"
2026-10-08 19:11,"17,0",71,"11,7","0,56","10,27"
2026-10-08 19:12,"17,0",71,"11,7","0,56","10,27"
2026-10-08 19:13,"17,0",71,"11,7","0,56","10,27"
2026-10-08 19:14,"17,0",71,"11,7","0,56","10,27"
2026-10-08 19:15,"17,0",71,"11,7","0,56","10,27"
2026-10-08 19:16,"17,0",71,"11,7","0,56","10,27"
2026-10-08 19:17,"17,0",71,"11,7","0,56","10,27"
2026-10-08 19:18,"17,0",71,"11,7","0,56","10,27"
2026-10-08 19:19,"17,0",71,"11,7","0,56","10,27"
